id	word	action	setJson	addFormsJson	addMeaningsJson	addQuizSensesJson	reason	evidence	expectedMeaningHash	expectedExampleHash
word_85bd11f23285	stimulate	keep					KEEP_FORM_VARIANT	合法词形命中：stimulate, stimulates	098d4a300330f7ef2a80a835708712c82283305ae4427f576660ffc6cad01b43	2e9d9d8d612335db0de7972ccea9706839eb542528dd2570e78ab21bba15b223
word_cd9ec777142d	merit	keep					KEEP_FORM_VARIANT	合法词形命中：merit, merits	f41d0f7afb55880079e1a4dba400aa6f013402abd438d117183db05013564eb1	d344ca98deecc138ac9adaa5d6c2c8fb9e41bbc2fd2d7fe7e03805185f183c2d
word_298c6770970d	dollar	keep					KEEP_FORM_VARIANT	合法词形命中：dollar, dollars	15008a7049b6713aec640986e612cf34db6eb000b0d3b0c1b6144bca298979c5	4752cc09d09a9d986de96d878e955b750efb89857ec0ebfeab2919a24af505b0
word_12c8c68fb6ae	politician	keep					KEEP_FORM_VARIANT	合法词形命中：politician, politicians	d03465324574f487305e6b2cd543a349bb0cca518d0b94f9d99e7678e69e8027	3ac235b0677da94abbd5d2df98fa5e62ff88d1e2023b76424a8028f7c5fa2d29
word_0e4ab91df359	meet	keep					KEEP_FORM_VARIANT	合法词形命中：met	6765624f0ac001502963abb2df472aee633bff7148264ba87230ce8d3eade290	1a04712d190c2fddc803327a5eb3591971f1f17b0b70d45386b7c86c231308c7
word_7b9de79114be	trial	keep					KEEP_FORM_VARIANT	合法词形命中：trial, trials	100f9d34f6ba11bd4688b970a3e53ef4b88acb138bf3b0f3335ee7971c0167fa	ed505fa91adc7a4eec5701d889960ed95bd88371f7f2f0b5df315bcaff0528b8
word_50a0087fb8ea	banana	keep					KEEP_FORM_VARIANT	合法词形命中：banana, bananas	215d360dea6ee420c5e880c9b020b9ce023abbd8f1562778134c8a194a950577	4a7c1542405f4da91576b1256731f0c22e5f50b59a7ee252eed2b49ee6033376
word_cec0a059a285	administer	keep					KEEP_FORM_VARIANT	合法词形命中：administer, administers	6fb048778d8ba7efabb63066744eea52805671d189fc5a4be918a1b345b91759	9b0cf432e3961b860a67709cc436c9d8f1f9e624544a4001a17916b018b53946
word_6d9eee12a7f5	assert	keep					KEEP_FORM_VARIANT	合法词形命中：assert, asserted	0b41ff3206ce045a5adf7307ee030c2ca7cf5d3e58543fff04f6daf8965e00d4	54b001037a81a3c576e8cf6b94ea183b43cbab76460e4477708934f0e6843a8b
word_a5c96bc8a871	deskjob	defer					MANUAL_RELATION_REVIEW	词形归一化后仍未命中；本轮不自动重写	8ba79dd1cd7b79ae0c74973f3c3ad343a598fd9ded754c58e3f51807a990c8b6	4249f7f205c52df4471561cdc5c9b7cca86d7c2e4aaad6a6b7021c17e7089a8b
word_96457e110c0a	originate	keep					KEEP_FORM_VARIANT	合法词形命中：originate, originated	df2dbe6184d339fc139846148af5cc50e397d3fe419f56b9576339c828ed432a	a139115667f3ae864304798d51d556a516f40b2b197d2a471f41c604cb2343b5
word_84dadae0d438	specialize	keep					KEEP_FORM_VARIANT	合法词形命中：specialize, specializes	5fc888220ee82dfd26ef90548313f82282907ef5ac06d8b589c3aa906df2bcaa	f6150da8137910f4759b82ebfd2ec95196a0bc9239dd309b325e8243315c5456
word_3183c03eaf52	recognize	keep					KEEP_FORM_VARIANT	合法词形命中：recognize, recognized	dac1698dc5d5778f56fe10a419108721a3a61185446c66ff610e9c23711cdc20	36922dec75ef826ac3e41a04e193146adb2172e19eb1cad3d3b253122226bf3e
word_a91909c31350	correspond	keep					KEEP_FORM_VARIANT	合法词形命中：correspond, corresponding	8fe095751c31baab87ad58b45bb18a85159ff6ae93740baffd5f224832e8fa47	13c8e94c760d3ed3c26ee6f7d5e1be1d41e930bb6e67a1f09f961a7537160c5a
word_8d50f0f35d4b	stranger	keep					KEEP_FORM_VARIANT	合法词形命中：stranger, strangers	3a74dd20f3e9feab38b8ce99014f0e2857aea1fdd1e834edf29f42b4f9c1e356	6aba873fc67b524ebd7b25e8b70cf3ed0c38c04e1b4b941a88a48c7685542d94
word_db49e171b506	require	keep					KEEP_FORM_VARIANT	合法词形命中：require, requires	85fec10f9a3f8238e8da1c7b337db8f8f2f8364cd8381ec5d0344cb4eeaff2ca	5d56ccf1362eb2c6a724fa486322e383496a696feb4dce19a6f64c9e546bfd2d
word_82e44b8676fd	contain	keep					KEEP_FORM_VARIANT	合法词形命中：contain, contains	5e5a56c51e480855ad3addf79d29d5f6a5a97ba8ec6cf210c732683e478eb929	8f303b925fcbb266525b18836889830779ef64dee8cc4276d65030779f26c9f2
word_fa9ad89c052a	cigarette	keep					KEEP_FORM_VARIANT	合法词形命中：cigarette, cigarettes	15b171b220292425e971f41dcd25aa2ee2658c6c359f29e9508c48434cf46807	96748e86b7d4344336f3c7238e8f5a117ae43e3216ede9909d9c8dc6455048e8
word_f8a05fcb21d5	criticise	keep					KEEP_FORM_VARIANT	合法词形命中：criticise, criticised	9d6fa7bef8414da1db4a90b163dbe7d11ac02d12f4afe8745c2bd7023a340438	bc945c7465f3a0c980a172849c27c4e3d40d5d619b048c9e8813ee62f0fa5c9a
word_c94d1d6f66d9	refugee	keep					KEEP_FORM_VARIANT	合法词形命中：refugee, refugees	0c29c08c7cd2dd703853f02af944e188fc075df29d7ff6563a074add2f5c7a02	a7058ac5d7eb5edf0bc94f108264b75b55bd66dd6123231707986dfe7d3962aa
word_9e420deff54b	exclaim	keep					KEEP_FORM_VARIANT	合法词形命中：exclaim, exclaimed	5c274723ae0534334f156eb3b172ec6e87e65ef91fef03e831bca901f8d9c449	c7572fd2676a15dd05e81b273f8bdc47ae3eb96575c9639d4828519eb9f71b6d
word_4f3b9143c6e0	sponsor	keep					KEEP_FORM_VARIANT	合法词形命中：sponsor, sponsored	1b8eac43b13524ddbb8fcbe81caf0d3ab659b5fd7b2da6da55917ecad8fd1c51	0a3f584b68aed543249a87f6501476309078259b9178afee5560d0712bef1bb0
word_d6fb2d45c42c	vegetable	keep					KEEP_FORM_VARIANT	合法词形命中：vegetable, vegetables	7e29562c10e9afe01109a86d2ab64a20e316092231efb80d9ffb7b436c28588c	07bb0f35cb0308a3b40a8893d769f8cd7087ca31636087e22d40fb1a36b8ef16
word_8181e20bc5bf	human	keep					KEEP_FORM_VARIANT	合法词形命中：human, humans	930ea9c5301b87130e6f535e6d5e97705d763c822b529bf3815603a22f0de78b	8811e8cfab603eb0206a9f71d15c75aa4d669d07b891d4d1414463d264153ea8
word_57a143379b45	saturday	keep					KEEP_FORM_VARIANT	合法词形命中：saturday, saturdays	f074d92d1a08682036a324e150b78ccd1148ae960d58417407fc6226033d25ee	67bca0b500d5d23fc87539cac1a0e622109f8852e196ca711784d1d90cb5e8a5
word_48e936624d99	adopt	keep					KEEP_FORM_VARIANT	合法词形命中：adopt, adopted	506df8bd8f5fff3edf23fbb1a7b11dcf2a50971442a149070f2678fe65ff96d3	45b1d06ec0e1b29d962fd27cdb5fdc65a12faabb69f33507023312246886a803
word_448f19636951	commuter	keep					KEEP_FORM_VARIANT	合法词形命中：commuter, commuters	00806f8f22cb21112a890c85db9fbb2d02bc91a4516bd6c756f8e9329fbf8385	b36a3b12ce4051c422a437b69350a6b30edf077dca0a8fb05690e4275dd3b7ef
word_0fb791c8033d	crop	keep					KEEP_FORM_VARIANT	合法词形命中：crop, crops	5d49d491ce50755e48d4c9374a9086b9438c333df0068222f3347f6bceb2a436	2d358de81a6ccb919abc6c79715cb31a24ae77e6da825ef7c29181271b7ff76a
word_257073db684e	habitat	keep					KEEP_FORM_VARIANT	合法词形命中：habitat, habitats	b33b71f4447de053b1c8721e605bfb38275c760d1253c054c65964ff8ab3543f	231d701118ea167d8d82bbcd0c1958015a463354aa8082df60d84397f6bab256
word_b5fe936c6380	weekend	keep					KEEP_FORM_VARIANT	合法词形命中：weekend, weekends	82b8ed67dd34a73cf78b5c923c053d1399718dc975aebbec3e172bd924668e04	18572eb93ae6fa4e5cf0c7aeca41a2f838c86adb7e495f4e65a88db8f52b7b7d
word_71147e20d696	admit	keep					KEEP_FORM_VARIANT	合法词形命中：admit, admitted	f38500302d1e35af6279f373c71cbbce6aaf87ceffefae901cbb8e8a1ae1fd74	413626b5fb991b7a1e83601e321872afa3d586ffacbdc5ae593b3866ee60c44f
word_c9f9e86d9398	recover	keep					KEEP_FORM_VARIANT	合法词形命中：recover, recovering	30a40bccac6e772b5dcab3feb6998fc71f6f65da24ce3e789ca7e586f32bc8ad	45b2ecdfadd1fdb9e8226d295daedd4213e5987fb9e7669fa037c39827ed6fda
word_757610e6a5b0	possess	keep					KEEP_FORM_VARIANT	合法词形命中：possess, possesses	7f27550e965d95dac59fd335855fd534a179a45fec7f39ec2659e14eecf6aa04	3030373ff654b6adcfc502e03498b0483660b75d1a843895312b45341ce9c75a
word_232744c60e0d	pancake	keep					KEEP_FORM_VARIANT	合法词形命中：pancake, pancakes	7f5af73e9b4ea1414b0eb538f2dcffca46a6fbb28b4225f24eb98739a583e74f	596b7a23cdd9a75f8e4b30f583e659f3499553ab36b5c907663f0a0a39314da4
word_c9aa7503e2ce	trouser	keep					KEEP_FORM_VARIANT	合法词形命中：trouser, trousers	09a1b8fbe5318ca8718344ba63c18b52d818780a0ebc2ef0b984a51968adda92	6a8c94f08f2e5d31e62e6b98f14e55fd0c43d9f601d549b8c28490de7a05d560
word_c538db80a4d2	thousand	keep					KEEP_FORM_VARIANT	合法词形命中：thousand, thousands	006aef894e3bc61623760ca1ff6c9c616213af94b5babe9f227ff73aee773fe0	e36faffe2c9fe7baa76e728e4a5d55317926ba73ec14887f39cffc497d28c228
word_cdc375281b3b	demonstrate	keep					KEEP_FORM_VARIANT	合法词形命中：demonstrate, demonstrates	caf716a6124aeb013b80c76f32dd0af78c1011f28a19ca3b176eb10acdd2fa0a	9c831e566d64aae1d03239d6c4ef6f974a6c24153e70ec1eae3951a90c8d20a3
word_a3e275aa6cf6	provide	keep					KEEP_FORM_VARIANT	合法词形命中：provide, provides	835521d69177da1d81269f38c6fa4ccdf81fb3bafe864c4d8985b7f0887c15b1	eed6658aa51797e03ba34073a6a1c030f0a4cc2433f39ead7f60b15022bda298
word_0bd6f947af7b	kiss	keep					KEEP_FORM_VARIANT	合法词形命中：kiss, kissed	3572aa4100c11cfc97e1128e15bc1c0be714f99f4e27ba83c5fbb8cd3db790c7	daca5adba6feb5f2381492b2d629d57296342e6eb8d2ee75270528666e39ecc6
word_ee4f23d179ad	transform	keep					KEEP_FORM_VARIANT	合法词形命中：transform, transformed	6738a75d04852290f557a4ac84aae91a44a426a7e58a9ef912efb8799d50fb21	18f6f4f5b9b0729e4c01b0ed7c7d4813711aaa11aff6997ee2f93765b1267f07
word_7bfc1df8003a	abandon	keep					KEEP_FORM_VARIANT	合法词形命中：abandon, abandoned	4a3c5b4858fa085790900fc59dbd2402e2e9be33a970bae8770975e7147367ae	d4627fe13e1c23f593324c5ea81231c60949b6e5c91a03e20aed933d0f0fcf1b
word_08ef8582f2a5	result	keep					KEEP_FORM_VARIANT	合法词形命中：result, results	dc591b7d3e3f4632151eb2280a0443290c250ac34ad9d21bd23a24a7558df674	203e11d3d174f53601ee422f92d61335d948b26efbd8052637247b28e7db29d2
word_b1e8e4fe4daa	film	keep					KEEP_FORM_VARIANT	合法词形命中：film, films	f7e2fef65b58dcb01004f463aa16736020b55bbcc624d29b9bff18f651c90b3c	79d683a231974f663e0e68a645aa95d673809c01bd3960c98887b3de405369d2
word_33cc7cd2ed83	epitomise	keep					KEEP_FORM_VARIANT	合法词形命中：epitomise, epitomises	59b2c4d62486399d7ab01d3a8372fc862f0bec1dc6430d1ceaacdc69c6ca5561	e4d557a8ebcb06a4ba8d7bdee5118f8183c94249eba06ddf8fb5e1ec31088f9c
word_20188b2a5753	earn	keep					KEEP_FORM_VARIANT	合法词形命中：earn, earns	ef55f133309a61eb245ae7e22b3e6097e665cfa2731782e69982f6c025ba4494	76849f376734d44edf0287c4546ed5e37406af4effca9a37fb0532323293f013
word_633a5a21f951	clothe	keep					KEEP_FORM_VARIANT	合法词形命中：clothe, clothes	36df754360248fb269a9fff0a2ac11bbd9c7a3882209a872f6874dc3dab59186	15d4d816cd45aca89149349516df2e5ebb115efeff367952fd0989bf7d7d840d
word_f7b95dbd9d70	promote	keep					KEEP_FORM_VARIANT	合法词形命中：promote, promotes	79fffce5e880f5434fcfacf7c8aa951cae42d94210e30ba32c5d313d57d9239e	66d75631fc5f077232eeb7737d9ea9459bea00a9ce5ee7a5e934be2a61551a52
word_c8000d25be4f	manage	keep					KEEP_FORM_VARIANT	合法词形命中：manage, manages	1b779345092313cb94a2c776afefb954428f6f664c04802b961dae9c9f8cb61c	c01bda97eb51cccfa65be2dc75e224051caa36238f61d23cb5f9dce16ece0440
word_66f6a0a0ea57	chick	keep					KEEP_FORM_VARIANT	合法词形命中：chick, chicks	fda98651ec653e54dc72fc6014f741f2956127bca7893fc64d1696fe7f322365	f86155748fbe109e9a4b7d7b48ea1738ff4584bf69fc07095b9d9204d914ce64
word_89c0fa18f052	threaten	keep					KEEP_FORM_VARIANT	合法词形命中：threaten, threatens	b6760bcb831fb12bd12b987dffbf0e944997f9a27d3ae878e0130436ee2698f4	84c6992c5e22b56e4d56abb8babd44d810d0f6899c4a01f663c6244502c0e563
word_cad5293fc6e8	receive	keep					KEEP_FORM_VARIANT	合法词形命中：receive, received	aaca39dd43c266f9509ce6fe2f592a20d52d545ef407f9306c1f5c78962d7227	c31b7420ef75f182c5d0219dd372c8baec171ffd87b5b4767e73bd992587ea4d
word_2f19743025b5	cause	keep					KEEP_FORM_VARIANT	合法词形命中：cause, caused	1642a22508799d8d0d32080c7ecf42f6ac62fa7b2f07d9ac7bb64f195e87b3bc	4016e47b2ad72ffbefdb4bcb89d36a49a5abe719a62775606b69152c3de829a3
word_ff54a4b18b7b	refill	keep					KEEP_FORM_VARIANT	合法词形命中：refill, refills	611201634f4c581af45481c254fa39b77ffe3d36375c342ce979621bde0dab2f	b0673ac0ad2d762612844b4310fe7cc0d46492bffa373519c84aa44c767e1672
word_176262775492	render	keep					KEEP_FORM_VARIANT	合法词形命中：render, renders	f47bf94bab46a2fc922fe38e28286c1c864920072685ba27bbfe9766ddc7dff7	e61adbebab9eb51ceccd0c39252e525af4f69e1e58fc35b0f960d8f7cb3e8802
word_599a243d9f36	flower	keep					KEEP_FORM_VARIANT	合法词形命中：flower, flowers	b4344026c006c41085f291f968895923d4e7b914144dbbcb9d52c27ba282f325	55444b99b3d4acd1f10677a75409d494030a8f2a28942604f24691c11e92d392
word_770990f2e15f	curtain	keep					KEEP_FORM_VARIANT	合法词形命中：curtain, curtains	d43b81038b889bad46193ed60d6ecfc203b1de8b90f7794369dcf7e21f5d5ac1	bcf9f58094b4361afebdc423fcadfc45a309c27d5ab0a64515bd29cc0aeb27e4
word_de1dc48d4170	regulate	keep					KEEP_FORM_VARIANT	合法词形命中：regulate, regulates	ac813c7fabe30c145dfea93d317a99bde2e785ec7ed6f3f45d68e4afe2747a38	bc0628e941480029e20247fb51afb3d9b08556355be38158ba618d3af4bed876
word_613d7e2a2669	employee	keep					KEEP_FORM_VARIANT	合法词形命中：employee, employees	fc7bd68323d5cdada2fe266876b49ad0db118b38592a52198d50001a576d60b8	3fa5bb71b7741cec9411f49c1e6f3d388fb0c38fb5805bb51985ac883455a9e1
word_69cdaa23a704	surround	keep					KEEP_FORM_VARIANT	合法词形命中：surround, surrounded	491553aa2fe1d9521ea465c574a692594df52a3bac0f718f932a903f009d890a	7926922dc12959151ea629ddca0d0b7c4353466727a383790eb8872d1e6a5107
word_4e611584cc48	remark	keep					KEEP_FORM_VARIANT	合法词形命中：remark, remarked	94033c8fbdda9f59c6f286d510e2f10394a165eb4deb7771f63cf869434a6195	ab9ef87c56d917be83ba7097f8189e337b7e4d29e8b6d38c9e9c224ace3024a8
word_63cb1205e171	box	keep					REPAIR_EXAMPLE_IN_P0	已由batch-p0.tsv人工修复	d46f61318084222005009dc000269231d63d91ac3669692ca301cf9d2806cdaf	c00d08fdced2fedd337e721d7f36c7b91453bf68443d58a7441bcd940ebacc61
word_ca5c9709eaf2	shine	keep					KEEP_FORM_VARIANT	合法词形命中：shine, shines	11eaffdbde1af0cfbab798ea1f688bd2250c08d1bf3bfea648e333b37f32966e	c2d91e397c99fe12a92605f6a308ad05f7a645b8c7b6b86feb4a85e455c15d7a
word_1187b16b9f0e	norm	keep					KEEP_FORM_VARIANT	合法词形命中：norm, norms	b3d6324bdc497c57fa69e28225375f29699a535feb8df8caf6ef99781bc3279d	24ffbb18048913c19a90c04e5ad3ba2ceea5567371687fc1d550a629841d9b20
word_cd0021cc9931	frustrate	keep					KEEP_FORM_VARIANT	合法词形命中：frustrate, frustrated	00d74ddec2545f6a50b9949be29d61accdcb9e91bda72944aa119ac2ea8cfb74	fa510f615076d103915a2242c591cba5bdbc6a0d2e68fafb3959c808777792f2
word_b81513f953e4	arrangement	keep					KEEP_FORM_VARIANT	合法词形命中：arrangement, arrange, arrangements	aef9eb475a4be86b5248a541d46835bd321fb757c8ec77f278f7b07ad4493e2a	08ff7a9a8692bc508799452d930038e988016db6efd250b1551c5b4606f96c1d
word_895371520a0f	leed	defer					MANUAL_RELATION_REVIEW	词形归一化后仍未命中；本轮不自动重写	e8117a1d9977057787718ed44fba19b0df9ccafbb848f10babc0e076e0547c03	81117fff00c718936b66d23ede402b576be62cf7df6a3b717016679829ce2ec8
word_e8bd3ac56619	culture	keep					KEEP_FORM_VARIANT	合法词形命中：culture, cultures	731c4370bc6b65ee0bf49f94b443f1d0afceefef62076c8c3de057102199ffae	14d9c9bac4d50bb8931edb13d99925f59a7e1586822600956ab2d6c629349056
word_690f718eef12	question	keep					KEEP_FORM_VARIANT	合法词形命中：question, questions	d3a36c62bd97585e1b8343eb2de6a85643cbd7ba64025d4daf912b08f2946fd9	f9125753c750fdb3eb56b3440676b73cd78324006744175c2e7938d65bab9782
word_9bf7bce7d531	dish	keep					KEEP_FORM_VARIANT	合法词形命中：dish, dishes	763f0ab15d09e0a757d7226f5920a3e3839b805dd4ca4ff402001c31e50e8b51	d37cdf4751c5d6816b9c80ed80bb994a864abbd782ef90a04b2656737ff3bb2c
word_1f1e3e3876e1	strip	keep					KEEP_FORM_VARIANT	合法词形命中：strip, stripped	de6c495b235ffb9b69f9841eeb1770fb3dbda88fa3da97fa77bd317a87abecbf	2cc24f8de0d5945407c4e069983d5c17332a7b3f0170fe72fe57585f6c79f925
word_f8d7920c84a2	postpone	keep					KEEP_FORM_VARIANT	合法词形命中：postpone, postponed	fc9403c4ee275cc67baffc9335e7e7342eac239b8f90e990a4b14f9f0d341fb7	14069a4750a552e337a0e70ee52035ade049535c11b243d98ccb7b2b9ba6a7a0
word_12f010f69915	pedestrian	keep					KEEP_FORM_VARIANT	合法词形命中：pedestrian, pedestrians	e81facd2686266ff85217ec4a35e080c4e1d4515ec0cf56ada8bc651fabddf42	833bcb3db160ada6d3e9939b7dd1c78b618c7a07a148b1a802983a433e5c8ac8
word_eb799ac33250	enemy	keep					KEEP_FORM_VARIANT	合法词形命中：enemies	bb9d1f2e8e8c2fdd07c148b4a786c3ac9c3b2145521c2d6efdee7c36c2f6f2eb	adc11a3d0535e51eb9056dd9529e71e174030cce90fdc676bd34bb100f74d2dd
word_f8bf7d6a28f3	attract	keep					KEEP_FORM_VARIANT	合法词形命中：attract, attracted	32dd563962cf0794ebc0a3a07dde2635ff7692bba742f565db069118bb9eb866	f175e0d4caa2cdf68070bbc3c5aa577ef1feaabff522c1855f20bd7fa20263da
word_db1a5ab36951	cloud	keep					KEEP_FORM_VARIANT	合法词形命中：cloud, clouds	9a9ebe164e969fd213cda40347f7bd16c94dfbba3224dcd10ee1319627abf117	562d710171c7eaa0c7b973aca1c5f240100bba93e54828a44e16bc68eb3122ff
word_824c0c8ba5e7	destroy	keep					KEEP_FORM_VARIANT	合法词形命中：destroy, destroyed	5d635773d9cd08ae24eb7c81efe516c2784a3f25521d0ad3137272a7730a713d	ec952cf4b08739b448b72b5118d63c8f71d79f22d39c0f45acb0e308730f7ef8
word_bd34b64ef84a	overcome	defer					MANUAL_RELATION_REVIEW	词形归一化后仍未命中；本轮不自动重写	c39d51709b56f13180c8df3f4978c6d5ba6261fa8f7f79a174be1521dec6908f	5c276dc77dc4710d17c96e825c44ea62a197ecfc1de5e91dc75c163d20ea65cf
word_36b67c06b372	interest	keep					KEEP_FORM_VARIANT	合法词形命中：interest, interested	8b37d3fbb9f781eaabf885448d390b1557b6730ea455c5d2ca71d1436094cc32	4fa405c8a328a2129ab6b51084c92943ac73ea935a202c72fac4eb5dcbae86b3
word_a3109aa1210a	retain	keep					KEEP_FORM_VARIANT	合法词形命中：retain, retains	cd051271f1cedf7a993989d52ea18e19648403e1a7766c7675ec0d868d1ec20f	00c88c87d74c4f2df290db6ea718e9f78af8fe47360304892c58c64bfecff49c
word_15cf6f51c35b	obtain	keep					KEEP_FORM_VARIANT	合法词形命中：obtain, obtained	ad9cb83405c6a1a241c383b4fde995dbcbabe34257bdbeac7ffc7b52c3d5f977	91feb232aa8daaeebce8ba5d46af24ab2eae83ecd8b5185e9a45966a98413942
word_c7085135e41a	consist	keep					KEEP_FORM_VARIANT	合法词形命中：consist, consists	5aa253cc51256142d2d2a6287e441a10cd0ca9ea3a3b4d2c5bf8b13de322c156	52f55ddf9129d80cc7867239226da18b5ad62d6850d69d423fcf64f80c251940
word_da091410bbb5	dismiss	keep					KEEP_FORM_VARIANT	合法词形命中：dismiss, dismissed	631863c20902dc17ff17a5b000a6ec5be1ea23e9faa9b8c85a12d196d6847ce1	10b32c71dcae445db4866b27efda4a4a0107d901f84a6b8d1b4133cdbc19e008
word_dada10a3c860	expectation	keep					KEEP_FORM_VARIANT	合法词形命中：expectation, expect, expectations	ef6e64e4bcc7fc4e780ed7c8f69a61bec9e0ffa5b3e03e5b789b0145ac027baf	d4d6f7b14f9176d6418707df5131d032755be9a8acc4c3a19ebbfb8572708089
word_f40d0d4d2e1a	tiger	keep					KEEP_FORM_VARIANT	合法词形命中：tiger, tigers	0f34739c2f0c1133626b86a0ff1614c23bf2d97da63005d8d2c14a7649e3065f	ba156b80f51ba87405cf0160a0056a2c7da8a7aed7213fec7e0cc4e41b055f65
word_32f1daac825b	isle	keep					KEEP_FORM_VARIANT	合法词形命中：isle, isles	bb168fe4d9cef7d260e22133ff355705cecd4ccfc189517fe87af8fb6fda5846	3d0cd3008f6221dcf9ff6e6dddb1015e9ea54a40eac738f02d38780bd2749e98
word_40426572d49a	rob	keep					KEEP_FORM_VARIANT	合法词形命中：rob, robbed	60890d66a3210b9d5638b7cae1122ffdedf8365c25fe6efc50b81dc4719f0857	41f31596f5893a5ac96cf6f5baaf637747312838d0dc1d7a58fecc003fedc6cf
word_76eb9640dcb8	engage	keep					KEEP_FORM_VARIANT	合法词形命中：engage, engaged	97f2ea4ba2651dbda3e96abebeed8fb70bdf349baa2a81ac1b25cecbed8fdefa	37379535f99bab7751168362dd2af42fa6fa66b161be07723e7a6409d06793f7
word_e440bd2e105f	pig	keep					KEEP_FORM_VARIANT	合法词形命中：pig, pigs	f2c2218548dd566bc9dd85ad26f76faed3369e169d4b19592543a881730ae40d	d38f9d318802248d4c15dffec14462ee2f5b6ec4ddeb448835578f98b00ffdc7
word_c82c5f21a0d4	amuse	keep					KEEP_FORM_VARIANT	合法词形命中：amuse, amused	b0eee9f4fa7140fa34e70ab89d593bcef20b19d33e7ec1c2fedafcc7cb2b8b08	05b41fe587ef683dad81b5ecc372274216e757857d9b3bf5eb0423426f276c1e
word_e42ea9b8215a	involve	keep					KEEP_FORM_VARIANT	合法词形命中：involve, involves	3ef60e445c068ff594a1b893ce0d54079715507b7ca34d5b4f4db637b791edd9	15caab8c31128b392bbc3dd25aa3b820c90c9f22a121049f72e6ef7ccf4186e0
word_fc721529e7b1	cover	keep					KEEP_FORM_VARIANT	合法词形命中：cover, covers	44a53c4c9785f9ba7e19c6df111fe4427515e253e4504b363c3ceb24b644a080	dabab8da52f4fc386691baca6a1567dee85d3d5d1a93c0ed6b6adf5ecca74d36
word_78ba7dffeafe	charter	keep					KEEP_FORM_VARIANT	合法词形命中：charter, chart, chartered	41f705eb84704db7a843ee7f4e5a3839640dc8dae2a0cf6c7e15e89318aef714	008917ca4b729505b797ae1dcdf4a6cae151c7bc4af0c25418b75403a22806ed
word_6a9cc96f2920	delay	keep					KEEP_FORM_VARIANT	合法词形命中：delay, delayed	a7d277700131d87eda852f27c4800d102f400393be0dd13f2f79c92c584e1c98	1dfd70beb0168a0ea23cfe069a5534bef289509a8052d5794eb30f859cd26f2c
word_08948ebcec1f	grin	keep					KEEP_FORM_VARIANT	合法词形命中：grin, grinned	12ef1da91631fa95fcd2bbc55cfd64a93df21e631a42ad8ead8f4ff741577577	dd592e439366b27bb39d23a1b0cb47aff6be25881ba5b1e4c5a76fb44b39ce18
word_730f7ee4558f	kite	keep					KEEP_FORM_VARIANT	合法词形命中：kite, kites	63f787d08f466d2224ced511e2fcefa0c4893c9c0fbea5f3f7ba2bd21ce6c2bc	eaafbbb6a506020f4bb92aad63e6532a9dfb3fd4d2f6fb060af53cbf2ab9b903
word_be3822e85497	convert	keep					KEEP_FORM_VARIANT	合法词形命中：convert, converted	0f621ab2af5fa64ef724a6f2feb8deb6945b2710a113786b3e785d08d1d55885	cfa8f33c40660602320594cd8754c2f81a0ce45e66165373db34b7bbc85e10b8
word_5b01808a91aa	escape	keep					KEEP_FORM_VARIANT	合法词形命中：escape, escaped	726f0fb04164d7eb6ad46d0b31b3bc856f39e7602649c94b6f9dd73744ef7356	a25522d3aec2b939d914b0401cff02514385f27a359c622261742b5c58bd5e95
word_82006990de73	ruble	keep					KEEP_FORM_VARIANT	合法词形命中：ruble, rubles	c5c2ac8f8b4ca027418ec651fc16a770c5e23c97e33e6b8d3d6a67451c4dd4db	e3bd88f8c8ee584aad4237c0230457bd3a92066ee3eaf5f46955c1b725853f69
word_721722df31ad	situate	keep					KEEP_FORM_VARIANT	合法词形命中：situate, situated	cd00acd251fbf75648a6e858b4de7a8c2589130d47fddc6ff128ba73f2aa3aed	8aba71f8d7ba718356dbce85afa75a1b3057b90001018e43f5983b32c7dc637e
word_8917479362cc	leaf	keep					KEEP_FORM_VARIANT	合法词形命中：leaves	0dca5b41331194b08a42e770a91f8b995578c8150ddc16862e43708f16221577	6123e4951fa368f023f3f49f6921289d8cb6788bb9c286851dbabdba735fae72
word_d6a4452646ec	youngster	keep					KEEP_FORM_VARIANT	合法词形命中：youngster, youngsters	847056a4d4e242e87b0b5b70de9bc140d0638fafa2c7af1d014d6aec2f7fe8a9	50c0eea7dfe8e2c5bd357eb68406f438032fbcab6f4337df1f6f28e2c4790949
word_91ef189f9c25	ruin	keep					KEEP_FORM_VARIANT	合法词形命中：ruin, ruined	3558b50cad6f3a8c3bf4ab7b5c138fb4b465e44ad2d94ce146fd9afc7fe8d5d1	9d1fb09631df3316ffe94db7283265a74a477652f85b705f37320aa7c7f56e87
word_bf24c6305b06	alter	defer					MANUAL_RELATION_REVIEW	词形归一化后仍未命中；本轮不自动重写	08ffd933aa8b6560b8c66543d4e2e695092fb872f4ae2a85678da1934b1959c5	e4b097f660b415025faf1027509440bebea2e6f2bfd54c63ee7d305224479493
word_2ccabcbe135f	qualification	keep					KEEP_FORM_VARIANT	合法词形命中：qualification, qualifications	67892a77fbcb1d2fca8659949ef55dc1b6a2f90fa6aba2b0f6d99605816c705b	7ded6ea23873524e0882fccc50e57bacfc60e4a60d24c593cb1a7e3bce23fd50
word_2cb5daea41c0	sweep	keep					KEEP_FORM_VARIANT	合法词形命中：sweep, sweeps	fa32e9a89c0883c39cdf5454a75876ff0333324e8515f4d15e6fbf20d5684082	c1f777305c2c3c4a69330f9d9a3affcd7c43de40234c3645e42149b0f2a966dc
word_fa2a9d3e709c	run	keep					KEEP_FORM_VARIANT	合法词形命中：run, runs	dd1488fd94c201f0dac16730b383a2fa79af831fc7ed199b3efa3589d7f1293a	d46dc5afd084e352b309a0318389577fbc10d04b044731bbbce43f0f0e5d6ab6
word_49f1a7449cc5	detail	keep					KEEP_FORM_VARIANT	合法词形命中：detail, details	221764cecca674f672eba7d7caf60a46620a6031f736889865a4be55f34489de	d86f1a2ab6f698f68d241e9b0e4d22be2acfffe0526f9dc7e98739857ccfb78e
word_dc500475cbfa	scratch	keep					KEEP_FORM_VARIANT	合法词形命中：scratch, scratched	ea9c4d04dee1a9aed3151a96c7c612c6a4dd978879a8bbd0712486857d2ef5e9	bc8482fac6525388421677f58a612a9258e869efbc8ebdf63fcd9f49b0a82fc1
word_0934a3822e0e	annoy	keep					KEEP_FORM_VARIANT	合法词形命中：annoy, annoyed	2c70259d8248afbef1c310d62e4d3a298ef11ec048c15e731caf4f81b87ba9da	3a53dfef8701fbb020b691c00479659ab3175007129d20e8991b27f50a5b37d7
word_296690b206c6	app	keep					REPAIR_EXAMPLE_IN_P0	已由batch-p0.tsv人工修复	7cdad8ac1fde249f53b4f47d43f3ea8fc4b7784c9df5c39acbc78a02e6645ff5	868fad7f0bf4f395d4532edb1500a41648e622aac47995498aaa4155b50c668e
word_f8ef5c75e5c7	chase	keep					KEEP_FORM_VARIANT	合法词形命中：chase, chased	d39dee72231b2db24cfac8abb50b441a78734b9143a7afc98a3975146ad27b36	7e9b2575ecd930c7f52c9b208fabecfd86b9632ccae2978dcb7f104794b82d44
word_d5cec54f187b	ghost	keep					KEEP_FORM_VARIANT	合法词形命中：ghost, ghosts	ee39ba4fa6dead7e27306f80d9e58a93453eee45b8a37990d8517197079bd193	cc2f9351decf6bffaefb2ae2f2a066a82b6057dd3675c92b6e0add06d9d5162f
word_f52c8fd1cd26	wave	keep					KEEP_FORM_VARIANT	合法词形命中：wave, waved	2fde05bb490bd73521a00ce6ec24c234fe98fa0f70f11b8efeb29c1d87bb44a3	934ce2434893e6dbf57cc59b9034744c30e9bff1ae574120d1a2d364b1b043da
word_f4ec476e630b	blow	keep					KEEP_FORM_VARIANT	合法词形命中：blow, blowing	8a3a48cca0c5dbf846513159347eefeda2d6ab155110fde8c73e6bb6e984d1f2	2702261a78e705bfa49608c837904fceae82718fa0a7e1a383285744b1943945
word_e0af14d85b16	mineral	keep					KEEP_FORM_VARIANT	合法词形命中：mineral, minerals	e8ccd4784a6cba9e274a30871ae0aac5f295c1849aa2ab16ec3fee2858ebe3af	7df040368df26ee04e4e75833778378ce81a1a1ea8b7e5d8aa9a71c6b2153bf0
word_6c81f9c79471	miner	keep					KEEP_FORM_VARIANT	合法词形命中：miner, miners	5e38b407f638548dcaeb3e314c373533a36b80c7ca1d5cda65ab5609544d6e65	4f435287a8039c53539086f9529dc1eca86c08668b8587961d3daca8ae6c6215
word_b9c8ebcd70a9	bedroom	keep					KEEP_FORM_VARIANT	合法词形命中：bedroom, bedrooms	c602b98d85df89a138b657bb624816dc9f3e4a9a66aa15cb4df4c3c62674ce56	720af4254d26db0077fcce9ad669a6ae035cb9eddf35675bb0605c126f1bbcc7
word_375fefe7fe96	creature	keep					KEEP_FORM_VARIANT	合法词形命中：creature, creatures	f0066de0af51d056a897feee676e2648fba2ab97d8fe167bc332eb4830d0f9e6	83844f4521bf58778089d7388286ebe2efb5f44423a80014299e3ddc203ff468
word_17d01fc75491	laugh	keep					KEEP_FORM_VARIANT	合法词形命中：laugh, laughed	5da16e21c54800a8a306ee39edbb84c222dfc00ea3608a0a1ab600a8de4cc0bc	3cdab7af15a4e34a0b0ab9a7decdfb278465edd31d064ac6f1f56e94ccd4aff0
word_10202f3acf76	shoe	keep					KEEP_FORM_VARIANT	合法词形命中：shoe, shoes	230483e2643b090e01664d87827ed9e0446d206f79b94fd881182904a4664d57	38b605253c89bf9140ec27b1d9a2bed828e82ae04d130895a00198e027f02da0
word_bf7b639e07e0	murmur	defer					MANUAL_RELATION_REVIEW	词形归一化后仍未命中；本轮不自动重写	257c42503dc421778e5321ff9a4dac5ff9d961fc3ef3ff05366919a10d8db7d3	10265c668ca67c5e29a64de2fd0b3f58b1a2559baf5bb229b094afc2a5a4a0a7
word_3f4b3e08eb47	brick	keep					KEEP_FORM_VARIANT	合法词形命中：brick, bricks	ea06dfc2f7ec4d4310d90615165ea2b367fed330f2447f2f0c1ea608b688d90c	50013486b3880008a5dae80a136ebdea2475dd5f2bd3017740a06a416bc96406
word_e1a1098ae125	inch	keep					KEEP_FORM_VARIANT	合法词形命中：inch, inches	53a202112dabec4099c8888a8c0cb07df28fac3a439e6da708f84f5293ec7ebc	07d1226a6c9c56d2721ba5c165bc2e7ff68546d6196b21aeb2c1ef4fc33b660b
word_6bb358e7aff3	ignore	keep					KEEP_FORM_VARIANT	合法词形命中：ignore, ignored	e774a61fbaa619ac2d7747c7c314439e73c80b4493e34664bce06f717a0fa7af	ac38a7f9a7717eee9fcb1eafbf306cb1ad9045ada64e166d74e0e8216eb535f9
word_8092db046b1c	drama	keep					KEEP_FORM_VARIANT	合法词形命中：drama, dramas	8241c60f20b7d6142d99335cc252a84a29d4159cbc4a3291e0b32200451aaa2e	9e5137b2911446c3892239fa452cc38f05cd8b14897d34550bb1345d345dfe42
word_f78e15ef0374	feature	keep					KEEP_FORM_VARIANT	合法词形命中：feature, features	e30601dbb9887c5bb01c0bacf60b3f59d44f27d50acc3cec2c07f529a55483c2	ff524d62dc4cba2a88f0bfeb37899e2d1431fda612f747733bc95a7114fd2175
word_7a448c0ee6cd	noodle	keep					KEEP_FORM_VARIANT	合法词形命中：noodle, noodles	27ce0a24347594521dd7dc860b99d56ca62beabe9aab36063fd479620fa48902	04189b47c51ea707fd61e21a16cf38f3a9bec663a99b3bb59e1680e06487d8ef
word_8493a20590f4	option	keep					KEEP_FORM_VARIANT	合法词形命中：option, options	7f800f46ee97a5ada5a9166050ecc0ef6b4a903578f2a1b933750b1e9fae1257	89cfd9d85b56bafbd0c4569f19f99204b07c1b07fc13e9dfcbc56ce6d94d5cea
word_a9ae42667980	camel	keep					KEEP_FORM_VARIANT	合法词形命中：camel, camels	1aefdcb56143ef8898ffc4a3761f5b8a408ff2a7e9cd91bc38678afb261067ed	1c3417b142814220a00c8c03ca4fff33c4d4b15e7ea4a19bcaa18ec7330effef
word_9a5b9d221c5d	hour	keep					KEEP_FORM_VARIANT	合法词形命中：hour, hours	e1c562d05e4dc59c701cc9f1778021a72a57d8e98373d92440c71c33aaf686e3	0ab960e2a392e501dd469914780683f867a0b4e6d232b05b57432ada04330c99
word_354dfb909857	satellite	keep					KEEP_FORM_VARIANT	合法词形命中：satellite, satellites	7ba2d2026db8fbf6fd16f2c614f5bb9a0dbf144716ddfff29df1bd0f7848fab9	94dee19db2088c19167ecda4a041f9474c82b6bcb111a27ee157099e78c809eb
word_47a6af057115	persuade	keep					KEEP_FORM_VARIANT	合法词形命中：persuade, persuaded	4a1dd2033e7334a0430e8824cd70a8ea70bf29b2804ac09465129976516c5bc6	9eca556eb0af02fb53f6a9c3120a91c27299ddd32b441c044b16275a0d85b078
word_3f9a10ccd4ff	denote	keep					KEEP_FORM_VARIANT	合法词形命中：denote, denotes	c73c050b140bf50a326e2a05187f5fe32b8735c33859c247cdc1b7cfea747734	803c4ccdfd3869d157d811bb192ab195a399a0ec4c42dbd3fd35cfe1097b10a7
word_837f1900ddec	hen	keep					KEEP_FORM_VARIANT	合法词形命中：hen, hens	5a6ee9612a891e7eabd6fba8b5887b5aa4522899b64f3f28bd82462c01ac3bdc	857e55e0a2d30faf81ef3c03ec53c0cea2f0c13b2165789d8662a1c34c74ac4b
word_4fd645270a85	sport	keep					KEEP_FORM_VARIANT	合法词形命中：sport, sports	aec5dd02cf50149cfccccb207d7f12817f07caa171472e7c963605199bad5df8	e5f2a27d7a7521c05d00dc22a8fb133ae7087173b76dc087e419c10528c019a1
word_2ee57d8609c3	amaze	keep					KEEP_FORM_VARIANT	合法词形命中：amaze, amazed	644b6d997b803018f80ab30a5e5b38e1e115d4f352911bc968857fd68dee808b	a035ee3a400e86c67e5cd35084fe58b4396db7484aa6511afbbdc058d51d1ebd
word_65c01a54d578	settle	keep					KEEP_FORM_VARIANT	合法词形命中：settle, settled	19ccece4dd8752f5df2052ff69e4de3e7556fe75f4d27d9ad0dbb67b790511ca	51e2baaba530fb60f03a94e5883c83f419ada4f95b62d92a01967581bbfdca9e
word_b2e870f26089	regard	keep					KEEP_FORM_VARIANT	合法词形命中：regard, regards	2755b83eafd3adf880fc5c2b4c6986bb9676ca44d4cbd8c371ed5638588c886e	81b6e218c07f6b75909e410efcee559ba0f43ec22730c48597b7b518c540ecce
word_e2a41c4d2ac8	employ	keep					KEEP_FORM_VARIANT	合法词形命中：employ, employs	43ecc52ea3bc2bcaa19c00afac4fe19a12befc16eb15776859ec24437fbbb104	aaa2a2499d75f041e4aa479991eebdefe457a2fa56c20bdb7a94af1028efdb90
word_5c5f1d45b8a1	bless	keep					KEEP_FORM_VARIANT	合法词形命中：bless, blessed	fd902f1d9b5fe14c2a4ac9da5c48fb95ff675e11481e493f27fbdd520b2b9cbc	c3f1f674702cbc1062da640510ccafff1a85f1be0c79e9ecb1a024d17be2f8a2
word_117ce5e6e685	era	keep					REPAIR_EXAMPLE_IN_P0	已由batch-p0.tsv人工修复	c5cf34d0bc69c0d6295d5a4aa90855be38beff4d97fea2be54174de93da70cfc	2f012625a9f915c903f0beac754d957464cccd56b4e30ae8c1f55028dcab8120
word_b7455c3d6326	censor	keep					KEEP_FORM_VARIANT	合法词形命中：censor, censors	87123795ff4949c5f715505bc44d7add90985d6ceb8247ee5ad23dd2a039d69b	638002efa0ac409976528316d3d08f54fcb9248aab198ec0748c9d018c921677
word_c08485ac493e	yield	keep					KEEP_FORM_VARIANT	合法词形命中：yield, yielded	09b110f6fa46c551a18a78358611d575887face9d3f3405fc3866472dcb69eff	398c0f55446f217fbbf2a5b0acd97b9b1e521e7137daacafa87e41d8bfb9fee2
word_82630103eb94	alight	keep					KEEP_FORM_VARIANT	合法词形命中：alight, alighted	a4b5b5b1e3383adef79b9d50e61ef9b6e34a2c3a4ce9734823bfb91837d8b74d	864cbe2242d37c1b219fc57e0f4d6370b31002043e361e8805a038e67dc5c734
word_ddbafad5ce5c	injure	keep					KEEP_FORM_VARIANT	合法词形命中：injure, injured	e50790d58ad5e76a556e9de73e5269f6075d20e2f9a6d1dde7c4ebf899bbe60b	cf051762716846e083f70f9c15d1a2a65f53388e5649ddb6ff29d2dbd86a2fc2
word_37755c0355eb	donor	keep					KEEP_FORM_VARIANT	合法词形命中：donor, donors	e1370be25cfa02a31954b02900cd1dd82e95137870ed25cd8c1a1483aa598da4	7fdb6a8d371b94efd88128bf74bd79c9dc7a9d7c6b5950c58ef31067cdd4d7ab
word_41a9b2494363	commit	keep					KEEP_FORM_VARIANT	合法词形命中：commit, committed	dee02a3d7adaf1a674cfade9b0e3d8c757418db4d2c6f6fcb61965ce27b2109c	e166a7930e8bed67cea2fc0d2ac3f4081514c6691b46aeafe787147ae967e21f
word_d0a4093fd300	encounter	keep					KEEP_FORM_VARIANT	合法词形命中：encounter, encountered	7293bdf4c967c6be1be5d864fe01a94bbbcbb57cd7024c3de2e829024a9cdb60	53ee5ab267585aa8e4fe0c4ddb91a9feb69ed0139b4ff946c87e396baf00e438
word_f4dcf4cc7167	trace	keep					KEEP_FORM_VARIANT	合法词形命中：trace, traced	d822bdea033220168117da83b557f3c9fd68a48a26e06c620e8f7fe370162462	61de13e0a56075e39067998f25c6590b2c308f3dcd506d09ccfccf3cc457119c
word_99570290595d	sigh	keep					KEEP_FORM_VARIANT	合法词形命中：sigh, sighed	1808362319f9f879ba0c275d56c32a7da60d2a9539bf7a8670a6d6c4a9db92fc	e5eab82d25a5389e0a0bf06733f006dda471f32bfe63c7f0d8432bbd16593234
word_9d353ebda1d1	offer	defer					MANUAL_RELATION_REVIEW	词形归一化后仍未命中；本轮不自动重写	6eb23fd8b4abd6f8ea809726b129fda93fb95daa8730f97928492b6c37043c50	aaa0a3042d3044faab0ea1c21b51324e9fc478a81d33982d18186e299797e9b5
word_b1092367fb57	peasant	keep					KEEP_FORM_VARIANT	合法词形命中：peasant, peasants	c99ee537e90de31451a158952e5d151ba5aea1900df4bd8e2ef80afc068cb39a	e9d3b7debb5b38fe561a09bbdfd54917cf66a16d5b6cf8da10f15022f2b8c6a5
word_7e435032e195	cater	keep					KEEP_FORM_VARIANT	合法词形命中：cater, caters	b35283b64ea2ba039e6123e0d8944bb2d046f43e177d310c8b4369c220137cc3	b52336f42ae6374d5277035b9e7e44ead07f8e43a775927eb0d368e163d343c6
word_ab3d21d0d2fe	exemplify	keep					KEEP_FORM_VARIANT	合法词形命中：exemplifies	eb5a7cc5f670141b719b2c892432378112f404ebdff82577a836229fce026a49	481250250188558fdb58022ff5a6ad7df091e4d15aa89b10c06e88c37ad06fe6
word_d994a2e86ff2	cat	keep					KEEP_FORM_VARIANT	合法词形命中：cat, cats	3c60f5e390d0096262677debd8b30f48e2811e4c2f127c34cc95fae7f07f427c	9b6df590f81bb8783da1c63a09b62aff56420bb3d59c22271426079881a112a6
word_d06913348465	practitioner	keep					KEEP_FORM_VARIANT	合法词形命中：practitioner, practitioners	839fbb61c033f7aeabb48661f9e341d9193a0f79d5e4086fb2c18f21afd1efbd	c74acc637d0e30114d53f8504abd70f3aefc35e1aaee8a2523a0e4c55010108b
word_fef2ff118473	immigrant	keep					KEEP_FORM_VARIANT	合法词形命中：immigrant, immigrants	483d8b99b9bf1f21c7495c5e9b9dda5e823f2802b93457ab6744eb9f0dd18cd3	938ead6507a384699fb3ddf7614ab3905497d2155b45a099d30b3fbdf6bae7e1
word_7bbdeb5ccb1d	confuse	keep					KEEP_FORM_VARIANT	合法词形命中：confuse, confused	d2a595a75e206e6b31e0825d206ec4232d6866a478943de6b8bc3b0deede929a	b1c24998f5a62defe6c5f92660defd86926e9dd17993c8b48049bf5347c2c812
word_c4569cbbf0ad	infer	keep					KEEP_FORM_VARIANT	合法词形命中：infer, inferred	03996942307992e33a473cb83cf145a0f358c23479fcc103657e9043ae77904c	2114af09b4adc269b0dde49a4c3f52fc1621fb7cfc09f2bb18ee058b45ffdf27
word_9d143d26aa5c	flee	keep					KEEP_FORM_VARIANT	合法词形命中：fled	476c0469ff3edef158beec36381bfd8405831d1ff9592bffc228e0e187db9d54	c02a20d1fe5152039e8901696bf4384bf987ff3cd6ff1b5c9a0b1d47d58f0aa0
word_e3e4c5d6a429	collocation	keep					KEEP_FORM_VARIANT	合法词形命中：collocation, collocations	337f50e7302a50fdd20e402b4cfa9b897199718431a0c92f391cb7b2b88d9648	0594f8ff4a9b7b14e29a8815f33df36c2aa35efb58af1892cb6d9c7af05feb49
word_68f8a0d44e61	prospect	keep					KEEP_FORM_VARIANT	合法词形命中：prospect, prospects	341f6c9f15f2c20d5859039732d0c9e14c38f77a3ff2e12155e7f6a0cdc103fe	0f2a7dee50baf61cd9d70b3ea4a5d888b9fdcda18d0f6712e50402d4b4e45661
word_4dbf7344abc6	unite	keep					KEEP_FORM_VARIANT	合法词形命中：unite, united	31b906aa6e45fbac7ca4e5467f0bca5d4b0b3c6d3ab5ac84365d348c6456bdd0	abd57647069d3bfba820df3dc1fa2626fe744eb1de9610875c942efa74560e42
word_0900d535583c	include	keep					KEEP_FORM_VARIANT	合法词形命中：include, includes	b3cdfccd8f8dac6255d83f97227b054074421681136a836fa04b138f982ff03c	c0ce014966b08eb0a41e5ee476b7fb3cdc69372a4dabd74889cf68c2151d6843
word_7441edeca04e	kick	keep					KEEP_FORM_VARIANT	合法词形命中：kick, kicked	8f04898f8601eb265eacac9523166dbaa648e91e467f955272226751ebae76a0	0bc4ab718bdacd90143391499431617034e3998660a126125b798c17083b7807
word_9d30397b2119	bay	keep					REPAIR_EXAMPLE_IN_P0	已由batch-p0.tsv人工修复	4e9bfee1d7edb6baebba4f19317c6bcc58a6d0ae776db06ad9af1bcc0edc5d7a	c32a04d71177e20b9deb8c26c23b8495a3cd80837408a5b5ce44702186217e63
word_5b0c347548a1	dominate	keep					KEEP_FORM_VARIANT	合法词形命中：dominate, dominates	6b6a37d83bf16a58fe27796f874898639680b9a17432d8d0258b951037ecf6eb	bc6cee5fd8bd578ab49d28417aa74f577306790c902424edf11014fec4a6bd20
word_c28c34c0c14b	correlate	keep					KEEP_FORM_VARIANT	合法词形命中：correlate, correlates	63dd8510a8f80902ffc5838a80e2122c245ad8f38a727441029182bfce4bd07d	8d9a01149375800c8155bc9abe366ca606d5e600c5ae0e1da1e05688d2a0fe05
word_981588fdf716	shareholder	keep					KEEP_FORM_VARIANT	合法词形命中：shareholder, shareholders	1e0ff9db353d26f4e432d53c28a4108ea96820d6a937b05ca60926572c10f34d	f2b79a04958e6bc8d2544d6ea465e46a69a9b84f5fddd4b10c4b1c2e27403b5a
word_0b0f94b38d57	restriction	keep					KEEP_FORM_VARIANT	合法词形命中：restriction, restrictions	765feca7dff3c48424cc43bb8a463f4447b6c4b7d9e2495b8b419d57b1e9ba79	d2c5df8c2d72c47f7d0e9be394e25c8f6ec1d9f8dfd8b405e3fef174a83f8e17
word_6654d6b3ba46	tonne	keep					KEEP_FORM_VARIANT	合法词形命中：tonne, tonnes	376c2a24558b83fedebd09ff2c4f95e0dfb5747073ddad3da905286d140c8f99	45ee48e7a90e259cdbd13a7a36fd7ed71b04a97f7979456c50a997f9424aefba
word_dda5843c98f7	divorce	keep					KEEP_FORM_VARIANT	合法词形命中：divorce, divorced	9d52b1075533ab47cffd122de9b4d6dddd97592869c50e220d5919d08d905f23	49e0108f45cb8d2998f62b608722cbfb4ca25d865da15cd2f19cfcb8731db9de
word_0eeca98625ac	pilaster	keep					KEEP_FORM_VARIANT	合法词形命中：pilaster, pilasters	52247a4e6ca7d3af60746ea7872c4d4e2a87d51f33864469db328a9d0dd3cebf	283392b340390f016bafe40768cf62bc10911fadef706f9e16765822980b9748
word_1c508df9be36	vein	keep					KEEP_FORM_VARIANT	合法词形命中：vein, veins	a25c39da89fbf524ff59c1e0a4ca405b6d538ff03cfd9762eef8574804500d36	e4733dcb550fb2fdd859a2654c78985c6c865fdfa8ef3ed8245a8f576c890cda
word_3ed99bdf66cf	pool	keep					KEEP_FORM_VARIANT	合法词形命中：pool, pooled	4e1072e433162ddcc02049bcf9f517b3f3e5cf82258a00126bf4a35b2d695366	32f7771c68b4f0c7e04315aa22ad984598eec9c0d1d1b5982086b197939cb5c4
word_75b20a77ffe5	by	keep					REPAIR_EXAMPLE_IN_P0	已由batch-p0.tsv人工修复	72534f30d27ac1edf3907928368357ef929df407e7de733bf99369bd30c41c23	71e1d49b1da579ba96074224da851154a703374ddeacb8522cf8480681237d4e
word_cf7bcbc614e0	diffuse	keep					KEEP_FORM_VARIANT	合法词形命中：diffuse, diffused	53e4a184cd1d65b812d19e657781b73d15daa31446742fb95123bae6e7fbbd73	85bef8e91e20d618e82e6c8a0585c4ca26dad8534dea87b23d6b22ecbfcc33de
word_9e9eb3eb6fd2	die	keep					KEEP_FORM_VARIANT	合法词形命中：die, died	f7ed42d40211fbf39e40f325840c0b58e670e2161baa7f0a7c733b762409b5bb	9f52063b48fe2d0912f1675bd84bbaf47267ddb1aeed68b9b5e34684e1981ac0
word_3b24e867c9de	applaud	keep					KEEP_FORM_VARIANT	合法词形命中：applaud, applauded	cd082d54f5b878107acaa10b6eb0db3a84ea778dc0f9c9877d90a0ff5a29e827	1f9bc7857df9b853b6f032a700f20e5bc7f19123c7e55e7c105fcb015807b0f5
word_3ebba8498702	insect	keep					KEEP_FORM_VARIANT	合法词形命中：insect, insects	104c7097c935c4d7e89b535f52d5810f3496ab38a055976d92a632886e0f070c	1004bd907033c89cbe0b3bfb0bbe7ee8c66b89781903a47e7b6dbc687ebc6c44
word_6ffbd156b692	embarrass	keep					KEEP_FORM_VARIANT	合法词形命中：embarrass, embarrassed	3d46249ba034b866d77fbdeb9c841a35722101feed557074d861419a34a80050	97ccfbaeb77e9bb8b00d338cb53109eb9a876705fa84f97f1c121ab1f4b6798c
word_c7fb01f3d845	ice	keep					REPAIR_EXAMPLE_IN_P0	已由batch-p0.tsv人工修复	ef015f91e7a5149a1acaa945415dfdb8013c4bb8c929dacafafb1f29528181c8	bb0d00a5f0abb7fdaf98899968410d5a6cc3d5eddbb44ad68bc9d2c89f2c2097
word_6ea5fa92afac	condemn	keep					KEEP_FORM_VARIANT	合法词形命中：condemn, condemned	4f88f06e2829c0b10a9159034e2bb0f85879c0d14460dc8ed2a1baf9ef869a69	507213529601bb6862b91f4b8d51ec4cc121fd693cb86d38a1b302702e5001f9
word_d3b2751edde8	establish	keep					KEEP_FORM_VARIANT	合法词形命中：establish, established	7d8ab6a1b2b1a3fcf267f334bb7346f90120c216c642d2a0d903beb432de00c7	1a6c4df711a386b3dd1b3f1fcceaed4568fbb98faf96990e986da915a984375d
word_f5966132d0e4	cite	keep					KEEP_FORM_VARIANT	合法词形命中：cite, cited	966fe4ceea9a497f2d2cc361aed8fb218506fca0e53bbd89cef49ec4f91ef618	7782273b8b97cba2c2e7b1249da167131fe3c8b8f81f537225d1fdff2eee3b60
word_3f48579bf5ef	rat	keep					KEEP_FORM_VARIANT	合法词形命中：rat, rats	77e593aa79a7dd21da71c8ab857afe946dd5170d456e468cba91b25b3c6f5017	15b7a3b7f5b148d09d7a77399dc2d2571fbd8c334a09c33b62e20fafa2777267
word_2c5efd5e04cf	win	keep					KEEP_FORM_VARIANT	合法词形命中：won	312e217abd1e35947267e0d9d794480513d6cf76a38458cbb78cd90d7bfed125	e5c1abe9a3dc810e8c562e64913280692589e1916796e584cc13fa343ecfd3ea
word_010ca83dbcc4	serve	keep					KEEP_FORM_VARIANT	合法词形命中：serve, serves	b6ab74b9fc98541ff0edc2358116bbe391a13b4da0b9f3fa27dec1468a33e8c4	b572ea22146aa0601e41263586056cd1015a7db99b13eb3dbb62e48dce2f3314
word_aece8ac8048a	plant	keep					KEEP_FORM_VARIANT	合法词形命中：plant, plants	c88bcdcacd1de3430d9295fd912ab93899274c4a0c9f8ab59d02dc43d9166dc9	f0035a5a83cc677ede4f2d471055c71dd0d67d708672c284afab042917248bf1
word_b78fb04a141d	grant	keep					KEEP_FORM_VARIANT	合法词形命中：grant, granted	a6df736570404ac90f3b774341d14fefebb82b8eff53ef106bc5cec4b6c73a85	e95acbe4ae5a2a4cace82fb129139d8a423ca1c983570295d36bb358d164352a
word_28a34c937f1e	aug	keep					REPAIR_EXAMPLE_IN_P0	已由batch-p0.tsv人工修复	119ed606a4a9318aa22268738e2884e6d1fe4f2bb703c6060b1c5f1c7d5618fc	a58476678f71eb28994628b6e8445ccae0c7f12f8dc6b19649d846939fdf1f65
word_ee8426c7272b	imply	keep					KEEP_FORM_VARIANT	合法词形命中：implied	9f393b874875967a4d681c30c7a21581862bc5c72e41bd06f561c2e032f74989	9696ced73d8c613fb0a8a1e0bfd93cc9f7ab99843d73cd46683ff07d6832f430
word_6fc15a2df1af	convince	keep					KEEP_FORM_VARIANT	合法词形命中：convince, convinced	7cbc2bca329d8766890e305981ed65dad66278fef11e09804e7810ab1b396d71	08741ec6b2eebd66b3c2c4a19db117ec963f1d77eae90606829cd39b27c1e469
word_741c2b1f6a02	govern	keep					KEEP_FORM_VARIANT	合法词形命中：govern, governs	166fdbbbb6e7e90575999a8e12ef2bee996809837368c52f7772c74435d5cef5	98ad15e7344f7849d889a2639609f41f523af65b2fce5aa30fe1a8f3b6be66cb
word_3bf91e8a84af	depress	keep					KEEP_FORM_VARIANT	合法词形命中：depress, depressed	2d2203aee5427b59bbdf2f636ccc17967afa6956bafee98437079f5ba93c3a1e	b7744a8cc1e7483eef94a3f0fbbfe0226303764b0bdae741e7567ec07acba896
word_a52a57c065a3	pound	keep					KEEP_FORM_VARIANT	合法词形命中：pound, pounds	39b389a8af7a8144ba425c9c44ad5eb5f6044c101f58eb134b8b92a5cde18015	e673989a994c51640ae65315845304ae22d4953960b67338b3b4ebdbedb206f1
word_8ec3570eb2cd	cent	keep					KEEP_FORM_VARIANT	合法词形命中：cent, cents	099351d11bb732afc0951914f73170bb33123871ab93f9ab3ecf527b3bb062ef	bbd318d759831fb8f5641b877f815007f9b853d51db114a627763269b049fff3
word_6dceaee987de	midland	keep					KEEP_FORM_VARIANT	合法词形命中：midland, midlands	112549d60865dbccbea67d8fff7b8097cb00677d402857988ee4bdbe040991a4	911e04124bc46ab34597d07b76e68c4f31c7b9e74c6ad87894ffdf02dd3e3f1c
word_77e03a45880a	illustration	keep					KEEP_FORM_VARIANT	合法词形命中：illustration, illustrations	943c8c018a9ef6724f477378428c7785da9ad89980e5e1d34062c6f2e33e3fea	1d520310b60145d478f01b14485c54f8483d4acde002958ae192902fb7b943fc
word_e9f0fb964c60	rescue	keep					KEEP_FORM_VARIANT	合法词形命中：rescue, rescued	db043388e90c37e93cda9bede67a5431a24ed67c75220120360383c11b84f001	116cf4c9f3f33669f0fb9b17709c5efc37beaccd4d1e8f03c96bb86baefb2856
word_493baad172c0	shortcome	keep					KEEP_FORM_VARIANT	合法词形命中：shortcome, shortcomes	7ffae7a4c99bf6ded0619dd6dd5e23b1518801871fff1ea3381fd60fc7dbe3f7	b50df6d959bb282015526f8b69da450970ed2c6e775c5faabc64dd5b68f15f92
word_adf0b8ffac71	fulfil	keep					KEEP_FORM_VARIANT	合法词形命中：fulfil, fulfilled	d8ecf444cafc2bf35231f715c17e3e36d017536a04e44edc5029df2b2ea9ff49	d9509099d9352a43e9046264a05702d477b22f8f4f40bcb04cc18db2f2813868
word_102cce2ff63d	fight	keep					KEEP_FORM_VARIANT	合法词形命中：fought	81dad52b36eacfbe576441437f07d6f0562cd3e51e8b7ad30794a9ce80d24b64	2f70ba276e7e64fefe439ca9745a3963b7fc1e0167914977f22b6637a70f7b4c
word_39995dfd6ede	heel	keep					KEEP_FORM_VARIANT	合法词形命中：heel, heels	9a125317c1a434e754da50b526da16c1ec467ebbc27504e0b48e98ef26b076d4	c81994f2a55ee051b114d30323f404bed18b2a4fbb2c9c8787f69cb704359585
word_c674df9ab1a3	symptom	keep					KEEP_FORM_VARIANT	合法词形命中：symptom, symptoms	71c2e2af7954a5afd13e0fbd4e51c45a60c667f97752770a3b344fff0f594697	9d4c20246ef7404149405fd06b46f0f9a20fa05f2ac70d0c366d3af8f7648511
word_9060a0ffd478	cartoon	keep					KEEP_FORM_VARIANT	合法词形命中：cartoon, cartoons	4ad1dea375ac40523460febbfa7567f7c29bcb02f2352fe2eb343a2370c88e08	13929860083da7fb769618498817452e835a4d692ce8e9512dc6951a196e6d69
word_44205da7a33f	oak	keep					REPAIR_EXAMPLE_IN_P0	已由batch-p0.tsv人工修复	e38fb411fa351257a969e842bfa2be85f97ecbc9bba75780b7c8e038df8821a7	f04ecc63d5bccc27081d7c6a733c901534e10a1d48884082c69a006e014e362d
word_9db3a25b009c	shutter	keep					KEEP_FORM_VARIANT	合法词形命中：shutter, shutters	d0b12d5f2544e059b5d1b40fb35833ffa66f6684fce28b39b11ab57bb910aad2	e8c349beb9033781a9f6946ea02e582687b4b99c3344e43e073e9274838065aa
word_aecada9f9b95	thing	keep					KEEP_FORM_VARIANT	合法词形命中：thing, things	3107818b15c8cef87202a1b45d9635f30a807f6a36213e2f09fd05d62e892f92	961afb3f860a8c9f1bdc60676b1f17e21b1ccafef8dad21e10c5939936efac34
word_a248fca3d127	depend	keep					KEEP_FORM_VARIANT	合法词形命中：depend, depends	b0da0a6c5afc3b93714cd221251437ef53b3f280632548d944202caec93b0859	0cd861e3c1edde160507aa1bcda3ae49e225673ac5d6915c78c821951cb27888
word_e2ec6de4911a	dinosaur	keep					KEEP_FORM_VARIANT	合法词形命中：dinosaur, dinosaurs	b275db56a7b67351e988a404dddb93e876ae8d2bc7522a5d9a74a4889ff90c73	df394a28982ec2be180a927180163590e8f601eadf4b96dcaa47479e73238b9f
word_9e679ae50db6	offerletter	defer					MANUAL_RELATION_REVIEW	词形归一化后仍未命中；本轮不自动重写	21075e5152c4941fce5c68d1c7be7826d2ba5e588c7d0812a7c0f7d2e98efc45	b8a6ef2811aabceaaf206eca302b2efc230fbc953bc3e1981baf1abcb7758496
word_3f712b885c4f	allocate	keep					KEEP_FORM_VARIANT	合法词形命中：allocate, allocated	3d99de80111de2d3309ee3ca773f0247bee0bd6b155af1d9602b8c8e68f5d3a6	3013027f7c5dd87963116d227cf0b8bd3402b343569f2ca945db7301f6b6280d
word_f3412f2d5691	game	keep					KEEP_FORM_VARIANT	合法词形命中：game, games	12d8b256303ca96e1c5471f3a930d10d9ae74b31bd23d007a756d480a50e1be6	9ce9451a212f8879716fb8b9652faed022820bd69228216bf39934e10d08978f
word_b8ceb1aeaedb	carrot	keep					KEEP_FORM_VARIANT	合法词形命中：carrot, carrots	0ce6edfbd44c14f27707f6b8b5e764802874a3926f161bfeab29a3e320d72d6e	c8a24b886ebdaa06e09d87636823d4e5ebe0a61742a3e0b177888c455995bdd6
word_fff2161c542a	death	keep					KEEP_FORM_VARIANT	合法词形命中：death, deaths	47c903c3a0f7f01c37e353c087a9a3476d0aedfde614d21df5ef9818e06f5673	f339f9e828a2344ac95d2ff38b45accc0ee20c77f65536b80115328bbab32ff8
word_0bf4c6f8985c	accuse	keep					KEEP_FORM_VARIANT	合法词形命中：accuse, accused	787edb04dce4c54d8754d957f1e3de624e90e4fa7a761409899294c8c8363e0e	4e60e6203327f1a4aebe113601e90ae3dc1ac3acbb24a0b034a292df21f17451
word_12d3c504ee94	purchase	keep					KEEP_FORM_VARIANT	合法词形命中：purchase, purchased	9d34f18a89b721cc86c85e489cd68a95007b20e1e8ea312a45f8119af66ab7e5	36a77c6d662557e7ecedd7717140c91aa4eaa85e51b330885746938cf54bd433
word_b4d6446b72e7	claim	keep					KEEP_FORM_VARIANT	合法词形命中：claim, claims	63794ef243bb41b1ab1f7374b45a81ba21fe6c5d623d0fef10d7e4698f8c0b11	ac83a35d407842c2c6df997a9ca04a010fe92d9a8961af30a5265e9b0afa164f
word_3bd3abcd413d	activity	keep					KEEP_FORM_VARIANT	合法词形命中：activities	52b4f6ce1db5b5b0a9c694d0c792babb3cde225615eb6278a2513e37319bb333	491a48c128ce018051cbea31fda2c02ee5c73d4a07ee47d1ed2f81fc908088b1
word_6b369195b257	belong	keep					KEEP_FORM_VARIANT	合法词形命中：belong, belongs	20d0e35c338b809b52a1cddb9195257159158a90b23923dd89424acb1cc5b957	b3f063acf7f4776f3fc8edec2a9433de30cef713e809a952975fa9775427fef4
word_35fb89732a2c	gallop	keep					KEEP_FORM_VARIANT	合法词形命中：gallop, galloped	8b684a7dad2cf6dcac5b83a856743c852b15b700c0751b630bd0425fe6ee3b4f	b34cea998214b1de03046d662d4e835539789e3883349cebb36d3249d271cf53
word_c97f85c9325d	deny	keep					KEEP_FORM_VARIANT	合法词形命中：denied	6ec2394dcb294d9e51df019fe53ccd1fc473c7c5986939d431ed929ffe789dc6	1f5bdcdaf2059fe96570eaa027fc468e4d5d70d29bd153d6ff3edfd7a44fdb10
word_b1bb0e963dd5	resident	keep					KEEP_FORM_VARIANT	合法词形命中：resident, residents	d7f59866d75d26a5474456aebd7fab218adb3659940dfdc8d5c6e2a937bc3ef1	021687c3419bc5498cf78358c1c531ed489122e040a9a305a4f8e15398238796
word_a6d1851979a7	imagination	keep					KEEP_FORM_VARIANT	合法词形命中：imagination, imaginations	2f0400bf9c1b1e9de83bb59af20800a9c75d214b5ec4b88d2a52a01ae335c02a	2b62db6aa426755c7829dd044641c935731cd0a0ff93da9bc044c9a17cc7ce31
word_2a730f653544	greet	keep					KEEP_FORM_VARIANT	合法词形命中：greet, greeted	b65044ad819e9b1fd847516b4ca925ec888ef2bc0d3bbfb519dad1c977b8faf7	1fe55b4587bc40e4ede1af772f0123d306acdd880de98bfbd1297c25a2700950
word_487e4e00dfd3	inspire	keep					KEEP_FORM_VARIANT	合法词形命中：inspire, inspired	e4384922a14d6ea56f4afca96543faf9d9ca3a34c56b6620632376099badcdb1	77b3e0e154137e9eb67425f7891620383b5d181e52a551a9fd74595c36ce0ea1
word_844c238e6808	discharge	keep					KEEP_FORM_VARIANT	合法词形命中：discharge, discharges	bf5719818c2ba8264fc8fff299d307ababf46f693ef358689c232d50c04fe4d0	9dd0bb1979be23119449b09d1a095087367f65d365a8b2d55b829465365ae7f3
word_6b4a0a8c012a	cookie	keep					KEEP_FORM_VARIANT	合法词形命中：cookie, cookies	741ebcfdb147a191b80fe394a0c3217ab5b817ac66a04362e7e3d12c84986efa	2b8cb1c028448f255174d1a9dda314250507ab5a8fbad05bb6d574314e973f82
word_724cec0aa5bb	lung	keep					KEEP_FORM_VARIANT	合法词形命中：lung, lungs	f6bcc400a23e9cc9303831fc8a5f2c9152b15d8f5b0472b617c66ece7575af0d	c862c412bff0580a3c4b1668f49a32e8c0ca056800b55965755e462e9a1024cf
word_1fc6fee2cbd6	whisper	keep					KEEP_FORM_VARIANT	合法词形命中：whisper, whispered	0c9ebd516af3f187061fe47d8d8fa69e0703d13bafd3863717b25a42613fe6cc	fc46e0f28edd4d73b883059e136b31060f7008064a27196ff22d9939ee521b34
word_b31bada057a2	ancestor	keep					KEEP_FORM_VARIANT	合法词形命中：ancestor, ancestors	14c25e20ae9d9ad6c4fe427c8f46717744db195b6dc8f87b6b401aebb0cfb271	cd7e2a1bc8d41058f3ddf969d4ab78bef612e96d5e6fa18540d21bdaa09897ab
word_075c3c69d1b7	enterprise	keep					KEEP_FORM_VARIANT	合法词形命中：enterprise, enterprises	9a5205231a95533b01d63cfcb7fd9992335c086777a925a31df39d0e5803e574	c73cbb9950a3d09a2136df323ba889e3b8b2dc740b209a857961268bfcafc95a
word_726afbc333db	coin	keep					KEEP_FORM_VARIANT	合法词形命中：coin, coins	f210e93edcf70fe6a72a4003bca44be6fa3ce3bc2ba9437bf0a03087a89c4db1	ddb360ba2ddaf56a1cda20504f9d8839ae65b7e8f29c9118f27e27083c2dac7f
word_c18621524283	rule	keep					KEEP_FORM_VARIANT	合法词形命中：rule, rules	89d6dd40f3bd98afc6f7d14638d3d84b47ae5955c3cd6e5dc0bf5063e885afb4	863c4eb390242434abb2ba0922ad42ebc56aca942f29df3efdd2a2118de4e024
word_f26b7926b607	insist	keep					KEEP_FORM_VARIANT	合法词形命中：insist, insisted	2ee8c936a66eeeb7029a1aa8a3a4d930dd63e52be877bfd4934e5a81a19d9f51	b47659cb098189b87857c2122e174b89d0bc5b183023cba1ad178fcd7c8d2829
word_e3a608934675	collapse	keep					KEEP_FORM_VARIANT	合法词形命中：collapse, collapsed	ee1d457056ff207df203a5853f06f14e62ed0ca60e0ec5ac21b37f268ffb7973	a14f161db9af00950e6214800c61a73b68e21aa36eaeefe7e16bd1b1134fc077
word_d6ccf225d22d	suspend	keep					KEEP_FORM_VARIANT	合法词形命中：suspend, suspended	bb2311e092de8daec83afceb6040936e1a14b8820d768ef240289eb04aa44d69	382e1c5cfbee45b70651e255f6ae206c60c6cd202b12ee1f49cc0474b9b86211
word_b99d17a97eed	represent	keep					KEEP_FORM_VARIANT	合法词形命中：represent, represents	66d7898b7f3a207a02332abe6beb016cc9113cb02607acebddf2fe563827f890	046e957f6af061602769c09bf2880b4260b12ea8c3bfd85bb5758bdc86514c5b
word_9b6d5b6d1309	drive	keep					KEEP_FORM_VARIANT	合法词形命中：drive, drives	1430bd12787c8b0dd9ed1cab2fd037ad4088f0a7ad9f619a54e38969e0d2bc32	dcbea49887a9ff50675b6f010e63b76c8e6ed8e5481b4de0e9907755c1217f8e
word_115d7057db1a	mishandle	keep					KEEP_FORM_VARIANT	合法词形命中：mishandle, mishandled	f2acd5c2788ad13dac791168764a0622c7955219a3277a49f8cc2c11b3319dd7	ce579fc1b7193c389d56e827fb44c66581061f5bff54f82562c701dd34842067
word_f175ab76e665	perform	keep					KEEP_FORM_VARIANT	合法词形命中：perform, performed	9faeb301422bc6ac5745ffb9d61c4cc8117a16b7f5e6e454e679f415e2bc2d4e	d0e853f863a5653964dc8f3b813a660209fdada43be7b7ff3fb46b7b9f8a3022
word_faf20f78406b	sound	keep					KEEP_FORM_VARIANT	合法词形命中：sound, sounds	79f8a566d0c6e19895935b166872176b0dc78902913f1303930daf0c3eaaf2bc	37554fd926148240c3a68db3e374f08091d244a1d6aae2dced593f6c1ee0507a
word_ab2102d3bb83	applicant	keep					KEEP_FORM_VARIANT	合法词形命中：applicant, applicants	86ba813f165895e65dd6252553606812cd5439647fd0819317aef62365ba232c	6e5af931cf0d656f41002a265469dd89a56fffb3f5be63951083e3ac31773e6e
word_0963b2bfbf77	sheet	keep					KEEP_FORM_VARIANT	合法词形命中：sheet, sheets	28174c2edcc13b6762e218119fa1862cd59c52d02fbc0190b71d3cb62b2ac178	0e9456e555354cfe3788448afca4079bff156776c9bb73f6fee34e63bcfe96f7
word_6fee36e4dcbb	compose	keep					KEEP_FORM_VARIANT	合法词形命中：compose, composed	e1a98966b70b8d6a5b3c0267bfe28ab3d181b072cbc1f9e2c980a6f77173e924	0f8b73ca2bcea650e1403f0e5de7b0b1daa1ce4fc26956ea23361dd4ca422a25
word_9740c5650cae	cheer	keep					KEEP_FORM_VARIANT	合法词形命中：cheer, cheered	9939cd867cfabc919d3801366490431d46cd35e4933c0f4157a737cb9e269a9e	838d4526facc7e0e82ae48c9d4cb7563a25bba12c8fd5abf43683653589c1244
word_7134584992b9	snap	keep					KEEP_FORM_VARIANT	合法词形命中：snap, snapped	e0e52138513c02fcb8f2417d9facdf19f9471cecad4126937fdae79a70410304	7ed0f58c47e99bb7d0118bbc4e191150e0edce756fb234bc096d13b2296e8082
word_e1f72af0d0bb	classify	keep					KEEP_FORM_VARIANT	合法词形命中：classified	1bbe5f3b5d408c26cf1c6e874551cdd9f415f982831a000a9d4cc20d65f574c4	65867dbb260d681190d641f8cafb4a75f34bd08065d1f9de1f1eeffe051c0b70
word_ba5e5afabc1a	kit	keep					REPAIR_EXAMPLE_IN_P0	已由batch-p0.tsv人工修复	87ea215cce11cb7cc59d9ed1f4eea8034442eee0ff8a834cea54a17eeddb3a0c	c6e583834859fae816cd9d6afd8e39661f7e92801b9e1e11131c2de89feaa159
word_ce9ac05f578c	cheek	keep					KEEP_FORM_VARIANT	合法词形命中：cheek, cheeks	697af6c10e8e7a16a7a7aa4b7f314642311278765c77277742e8d06518761370	24d068c34d75e4216e65180a9a0c286cfb71791c15f21274bb6615fb22fea087
word_b1d39579453f	ski	keep					KEEP_FORM_VARIANT	合法词形命中：ski, skis	38660ea2a4cd47c3bd25af5fad49e52e1391779cf6b9c5a7584a4ec4647d035b	1702fdcc89b1cf2e9030f5e8b4c6b28067c61491ae217e101ac61afa5629aabd
word_8c8ff90cb50c	gardenleave	defer					MANUAL_RELATION_REVIEW	词形归一化后仍未命中；本轮不自动重写	ca5b7064bc106b703bb3489298fed6419da7bb641fcda4082669594dd8e8019f	8ff56a5121998820a1a1fe5ec457c4b8f970a1c2ffa26d46cf00cd0f9b4ab38e
word_d7ec4d378ebc	produce	keep					KEEP_FORM_VARIANT	合法词形命中：produce, produces	4195c960b3683817a565eb40314488ee9cc2421094c0011a3964bf381f2bdd0c	c18d4886dd7ecdfdb0d6ce5448780fb75f0674283f0a072c0eb71f8bd365182a
word_61ccad19a5e4	end	keep					KEEP_FORM_VARIANT	合法词形命中：end, ends	2225014803eb7b65940735509afe9ba239431ff94612d29bd3c074ae15bca149	f1340815a9bb54142467cc2704a8b5bf901ee4ce8364eb2e4652911cf07c2336
word_c8ce107cb7df	invent	keep					KEEP_FORM_VARIANT	合法词形命中：invent, invented	ad8ddbcda90d554e4f77dc729c3d112792309ea81df48cbc51c84132680cf1ae	3e7373c5ca988216c4bb7031969cec5d682f7b0c621fe19bd3497e9178366ba4
word_a3b50b5a18e1	display	keep					KEEP_FORM_VARIANT	合法词形命中：display, displayed	e86c31894fb570135bf48208f267487aa514727ede38ae8f1946e170353e4570	68d20dca702de63ffb5d00e43c6017fe286c2dc269324ef85a64335e72322fcc
word_76124a15d0f5	enable	keep					KEEP_FORM_VARIANT	合法词形命中：enable, enables	b985639930f2f8996553bd81aefd5fba8ff4efd1aa8327809ebe00aab8f9c101	6741911e0c6c9871b4de2d217dfaf4b5a164f2a8d562bf678b6d7411c1c26ecc
word_3c05508f51c1	beg	keep					KEEP_FORM_VARIANT	合法词形命中：beg, begged	772fc57791ecfb7b5964e3aea90b97db7cd34e3e0c6c714218334becf2b37d8f	81395227f067502f7d99a0396a15dc9b3c1db42ee4e42951913d4ed263767356
word_e77e5ee820f9	fascinate	keep					KEEP_FORM_VARIANT	合法词形命中：fascinate, fascinated	de0865f20506f63ae651ea6dcab88b1f7430813d6ce25a156382fd63686d4816	491f877d84cb877223e629adc61cc94653495d197e563a02a6d59306ceb4e6e7
word_1e73a0e9e274	happen	defer					MANUAL_RELATION_REVIEW	词形归一化后仍未命中；本轮不自动重写	91fb1019187f29b02916850203b8570f738a86e129fbe16dbf9ab6c14a59412f	9dd614721038422eb11c407f0387526b64c515113e876c35b19424b427237d45
word_98ab75705d72	nod	keep					KEEP_FORM_VARIANT	合法词形命中：nod, nodded	3bc09a772a2cc036bd426e5dc4041d08ef94434264e95180a2263a5f6abc883e	367b280b53ec47ffea1a0a917f7ce185bcc199c83a4f50af5dc0b54f42c304f2
word_76dfc9a9e075	expose	keep					KEEP_FORM_VARIANT	合法词形命中：expose, exposed	1ce7d3da68bde74d3ad8c58d94e578a5a727d6f63bd39bbc42b256de10a0af49	5410cb62da35962eb8703d615d0e45fa6f2b03c04695fb426ed617f911e88448
word_8175ed1a268c	balloon	keep					KEEP_FORM_VARIANT	合法词形命中：balloon, balloons	4d692649cd603406e0e50b7876edb27a4345f4e51f1e9191175583f0d9f4dbff	a1033f32d453fe9fdd9056b5393f3b1c01443f8232586290d6424314812eec54
word_45df6b6cf049	installment	keep					KEEP_FORM_VARIANT	合法词形命中：installment, install, installments	78ac5b028d6ba88c86556696f70e035ab47eab031e98f4f7fd9fba65676a1c00	cb0805d4d3032e2fe9f688156327eee94980334f6e358ed6beece54ca1627d42
word_5f2b4898455d	institution	keep					KEEP_FORM_VARIANT	合法词形命中：institution, institutions	259e03dd8cc25487bc1528724304b3d201c5dfdda7c4655f1990dec508078032	79c09b7f7e85ed3b0e7e9c7ffb118ed1fed78e06bdfe648ab6bb6c7fa74cb8c9
word_3e6dae9956b0	emphasize	keep					KEEP_FORM_VARIANT	合法词形命中：emphasize, emphasizes	99776878dd140ea897a6f72ecab03e667f918c95ea0d488c58e3997b5facb672	e2038d3371a2b2291815aa10d442293e29f90c1e5ae4cad50662bef33e42222b
word_abd0d70f6986	explore	keep					KEEP_FORM_VARIANT	合法词形命中：explore, explored	c337823c919efbb3c47bbe9b6f4ae0af27b260965ae1be557ee84465a0fee1ef	07224b08870ef4cc5aabc7e65e019675f7c6f996cf1a42988413be23a63b79c1
word_0bfac2cbffa9	impose	keep					KEEP_FORM_VARIANT	合法词形命中：impose, imposed	d4746df74e87ecb1d5b1fc6c689ee06c9cdadba761832d68d898d56057bf9ee6	eb05b18e9ea23f632a2b5052bff3ba85144ac749a56aefa48ed1e3e026986c1a
word_308ddd72f8f1	appoint	keep					KEEP_FORM_VARIANT	合法词形命中：appoint, appointed	53c73c0ecbbb9e5f9cef7d1873637e35529ed74913fd4290fb94ce611e2a5ca3	c21a7ff4980b1de4246ad275e4aa6818de87bc501b14d5f783a2fbb0ab9ae167
word_ba76de857dba	teach	keep					KEEP_FORM_VARIANT	合法词形命中：teach, teaches	c9dadac4b5368dbae42074ad69c51c787ee32c6b1e25db8494e729ddc7158984	d579bcb08774245b673ad0a4e4cc674091614f088e4bd805dfe0bee3f2f5d028
word_5f3d78569c27	mile	keep					KEEP_FORM_VARIANT	合法词形命中：mile, miles	5040eb18d47582466137bbd1eed2a0ea22b77f2ab76d62aa751ddfd9f399c7de	8e97714194b0ea6cd6f09927c244103a80b3e16c82f58db6f5ea010b955cae6c
word_4fd61ae178e7	congratulate	keep					KEEP_FORM_VARIANT	合法词形命中：congratulate, congratulated	95f3a6ee945c35271dc65d1539ca97c63dfdcf715b798ea3f780fee6e4eb434a	a9eb63a67b73513260baecb907c0149acc8dc66f178f214d5aacaff2579c82d4
word_96add4263d41	cushion	keep					KEEP_FORM_VARIANT	合法词形命中：cushion, cushions	deb5220ff26fc69ff1932c41195fb23720ecc8e4e0248ebda2443363db3fef8e	80052cd0e8de2cb039335eb4eb876483f8041ed3f1d1c4e78d30c8e4fe20adab
word_f4bf265957a0	disappear	keep					KEEP_FORM_VARIANT	合法词形命中：disappear, disappeared	e74f61feeef2edcbcf51ab1ae8ae904e63f71ee537b77c8b74aaa138f2efab47	fb46244c12aa8820c32a0212785c46ac2ba71cbb8d8f6c2dbfda5ed16208f236
word_f0bd2c9d1996	deed	keep					KEEP_FORM_VARIANT	合法词形命中：deed, deeds	dd39d83af4dcec339ae031a54e1675670a333dbe70ccdfbfd8c39d27ebdebae6	447b5293875252be881dba0d22e913922e9649ceea9c9c1822195052cc8d615f
word_977a200d8323	fat	keep					REPAIR_EXAMPLE_IN_P0	已由batch-p0.tsv人工修复	2692c8d966357265da45044808b86aea8c061e605f920a5913dbc288a5dce93a	6dfdf771b26541e35190ba5b27c79e3f008c791a6c2c2ef1ab0bfd5a42f04331
word_7106b6139783	reform	keep					KEEP_FORM_VARIANT	合法词形命中：reform, reforms	4c5299d800cad4f26257b3bd348f9ebb36e4546e5b581cb59bc50b8268fc509b	4b7682d3d368e47c9ac54bc5bcff9c63f5fbac036db72b8b0030697b80dbc6b7
word_4d50f4342dc7	swear	keep					KEEP_FORM_VARIANT	合法词形命中：swore	97091caa7d46e711eaa7216f4807f02839424839bdfc5cad9b6153fba56532bc	b6070ba74d42642796602d07c281cc9b3ad55589e7110acc9f3f9dd32cac15b7
word_d90178f65672	swell	keep					KEEP_FORM_VARIANT	合法词形命中：swell, swelled	a74339d6a3fb47d053f51010c17f4a53b01dfcb112a29bfdba2fe5360173ea2a	5b6a8f059ce62504a01b93935c06c90777857498e6d4237106818f54f6b2714f
word_7c325cd983d3	responsibility	keep					KEEP_FORM_VARIANT	合法词形命中：responsibilities	4ceb17df53533db15c09715f90f6f78dbe51547d65296d3a676011df061d6cdb	9d38d367dc80f80e539dc9f3786d498e0ceaa58932c2ef453fe174a0ef449e83
word_4efc175d953b	express	keep					KEEP_FORM_VARIANT	合法词形命中：express, expressed	33ae99fa2a5e80a7d666d8456f85ee3c7fd8e2a9cf9ed6cfa991aa0ab725f5dc	9f5d7278ea2031b46d3f54c31eae739bde34e8e0d09ab55e882dd3f4946735f8
word_16873cfcccd5	reader	keep					KEEP_FORM_VARIANT	合法词形命中：reader, readers	3799885350633be583e8f4ca7b8b0a12e7d463c8cba4142eb653fa047ec56433	6c612a23b137681df66d81de7d090c7f26e74935f391549ab5d27f251600a67c
word_ca2f9a914577	acquire	keep					KEEP_FORM_VARIANT	合法词形命中：acquire, acquired	09eee763046615197b2177d2affa1285360e215a951b984835b10c999cb87dd0	fd035c929bdbcbd472767c05156ee81c46f4d43c6485557b7934bf4ed661253c
word_0702ded87aa1	block	keep					KEEP_FORM_VARIANT	合法词形命中：block, blocks	883d93f9529f699f0fb22a1afa185686fda6fc76f20cb0b3f574d37a5095ae9d	467a9e7694e98e5b3a15e2e92867682fa3294fce86746fdd4ce4a8d33ec5147f
word_7764979f3a43	dead	defer					MANUAL_RELATION_REVIEW	词形归一化后仍未命中；本轮不自动重写	6d75f62e67d50456bd4645aecdbd0abe0ce8e686e40821fee2cbde71cec3ac4c	b1a80816b03bb8cae07f38a92af58ddd902ba39f19172a9c4cad50ff0a397ed8
word_079d0cd5444e	cry	keep					KEEP_FORM_VARIANT	合法词形命中：cried	88d1322ce59d941c717d192f59a0ea40581ce44eec79b5be767a0df9ffc80fe6	4317c1b5d5c5461e2787c65329923b45db20980c8c19334e813da22a6ab10f02
word_30d5646311b9	crash	keep					KEEP_FORM_VARIANT	合法词形命中：crash, crashed	a3f9f002214f4ef183b8ed14899846aeec0f0c9a845cf973d6c7dfcaf3d45710	147a497693b57c85733c47f67f9c3ff03590a223b4a71aa1d004fee34aa3e74d
word_276266de5a08	strength	keep					KEEP_FORM_VARIANT	合法词形命中：strength, strengths	4075de0042f9e2d56c1882e8eeef63d7c4080ea3a74f05c624a4f220978c7204	9cd6594167f0f66ab5a83c52469a6dc231438785df6ca7913189761525dabd51
word_166c25f620ed	fragment	keep					KEEP_FORM_VARIANT	合法词形命中：fragment, fragments	6bdaad4f6f57c228cfd0d720f3727d8275bd2c756f416c211c903d98dd23f82e	6e66fe6029499643ab0b53de284bacd0c29fd036fe0a6453059468633c7ccf74
word_5d68650a46d2	exclude	keep					KEEP_FORM_VARIANT	合法词形命中：exclude, excluded	83fcfbae870c480afa67bde43197115a427d4f1366989aba1ce089b68ca1f2df	909de69c4ee4b8e7b59653c86cacdcec1c947198622044a8c3c0141a810d22b9
word_3ffd52d57101	alteration	keep					KEEP_FORM_VARIANT	合法词形命中：alteration, alterations	eeeda0606799621de1c8992398178ae7e8cfbd877e423eed6f3dcb5adc151993	717b3557dcb4c3368307cadc5a74273514d859d1184404a28b72351f84e93e2e
word_0ef0eaee90bc	customsdeclaration	defer					MANUAL_RELATION_REVIEW	词形归一化后仍未命中；本轮不自动重写	e66e3312357e21ad2503f51f24ef0f5a1e5aff1172e20b591d2f32ead10fe39b	11b20e2c030b1953b1c87c362e2cfd28a1694fa65458c4effd2daee62e7eac62
word_3019189ceee8	orient	keep					KEEP_FORM_VARIANT	合法词形命中：orient, oriented	93d53059c82073fe64d53b06e8788183775ed9a5d7128d2388c4051d7cde5c54	2e9ef7fb67d64da194791dae37636621c9c430d6a0feefca21ff8b0b91089196
word_b9f15443b942	prove	keep					KEEP_FORM_VARIANT	合法词形命中：prove, proved	865ca75a3831807be43ecc87b70538c73245efc9d7dc8ee7f02bab119787c3bc	7a16f9f0984d4e0164d4a9aa3a51b9e619990d391849611866ca72acd989b1fe
word_c6d2d9274c71	reverse	keep					KEEP_FORM_VARIANT	合法词形命中：reverse, reversed	ab6a16011cda2f3f653e33fd8bd3213a8123399e050717158ab9d91206ecc516	6dedb316db6197076bac163b832d626708de8a1e285108536407455272c320d4
word_c4f740bb6d40	minute	keep					KEEP_FORM_VARIANT	合法词形命中：minute, minutes	00edc989a2d3bd2b08b85264909dce0a3f2e1911f5362c43125105b9b2c5d14e	31396d7d4474e30790224c8142e2d70eb245e4a641e09552ae69e1b208000d99
word_60f515f23e52	pronoun	keep					KEEP_FORM_VARIANT	合法词形命中：pronoun, pronouns	d27754176ad6131054e0e415929d4f127591da76746784550a61d8f01e6e856a	863dcef0c60b7657281c953ef1408c3090907c9b125de99d8e991b0e6d195829
word_885490b93ccb	mutter	keep					KEEP_FORM_VARIANT	合法词形命中：mutter, muttered	19e0e82c0186d61ee3306d4628eecc678a3fdaba0d350894394cadf2c4edc2d1	faafdd0ed8f81f838d3fb4a9ec8b0ecbbe48951e3a9a9ce58120058363624a98
word_1b41a69a819b	shrug	keep					KEEP_FORM_VARIANT	合法词形命中：shrug, shrugged	dac2509c7a77999d0d70f495407b822742a7c0032e1ff709c37f31d57b37e652	6bdea92b58338af6f85b750b3542b81a820542d80c2b7d8c858c2db7e9284a33
word_1699ee6ea8cd	egg	keep					KEEP_FORM_VARIANT	合法词形命中：egg, eggs	eddaf196f8155a855129ff721d724ed7f6288b6d2caf7455247a3bb17ed2e187	6b345844d58272130e4ffac07d2023a8a18e1d25d8ff6743638a714f231dbc8f
word_3c42e42e63ec	dividend	keep					KEEP_FORM_VARIANT	合法词形命中：dividend, dividends	ab410981667c5b570a40936a43bd9e3d5b01e8aafc108dd64667bf55d8d8db25	f883b9c05e7c876f2bebed801ef613d8379e0a08c880653eeb38b4ae4739e353
word_e260302f7a5a	distribute	keep					KEEP_FORM_VARIANT	合法词形命中：distribute, distributed	35a69dbb6736c5c6de41b834885b7b78073852f18b31bfc27eb907b1da8d1796	b139039de69d743201e28ff5091ee3430a30e4b077caf9336bf3d9b6f67a4281
word_bd4eeef0f07b	emphasise	keep					KEEP_FORM_VARIANT	合法词形命中：emphasise, emphasised	ce14c9aa89782dc3d9327275c28b0616e470d5059950971e99fff95b8a6d9892	5b69a0fa84aa4407b9220f8f6d0f3a4ed75ffb493ee39615244b272a6041333a
word_2cca72c9f448	joy	keep					REPAIR_EXAMPLE_IN_P0	已由batch-p0.tsv人工修复	2d5e5398be5996b2ed3fe48b3bc21a0af490c0f4485a9307d6279792964da97b	776b6ab2ea185a407584d0e3dcbda86b110eca468d2b898e23a786897d8c2939
word_daf66a54040d	dutyfree	add-form		[{"word":"duty-free","type":"standard compound form","note":"空格或连字符标准形式","source":"semantic-quality-v1"}]			NORMALIZE_COMPOUND	例句或短语层使用duty-free	4c07fb77c0ff7e8af97a3f114e1b4dd9e7af5465cebd0011cfcc2c9bdbc465d8	46efdcaad8e5c92bfe768085823920e3ddebf0b23aa7563d8377427177a81ed3
word_c063e8461865	bee	keep					KEEP_FORM_VARIANT	合法词形命中：bee, bees	58c697602391ffdf57e96dc501bea998b24c04b1d18a52e3a97d3263fb81dc2c	bb992519499c38988839d765c6869cbaac38769bfcfb9b26ea645bf897e99089
word_f6d67cccdd6f	indicate	keep					KEEP_FORM_VARIANT	合法词形命中：indicate, indicates	9058ea6e90a161e14bcd8ccaee85b6557427ae82d6f0e1ab46739c563a6269fb	563b259850822e214f62a203aade495ca622edbc7290650ed9d78eab93f83b07
word_10457960b53e	resource	keep					KEEP_FORM_VARIANT	合法词形命中：resource, resources	3c05143e6cffed85f39683de67506c363984b55478713876536447d9e57f51ce	47889bce6e4f4086f43d9cb60e6995f02ab007606d0dc2121bdb09ff83d48d41
word_63858e504938	stereotype	keep					KEEP_FORM_VARIANT	合法词形命中：stereotyping	380d443064725e7c52bbb15105a96502a7f4febdc73b3fcedb26b4b3c9395863	181f5706b5e4aa71128ccd8c8f04a61a0011a46cc6b92ac93f2b848e800bebba
word_6882696da11a	mud	keep					REPAIR_EXAMPLE_IN_P0	已由batch-p0.tsv人工修复	0d5e03a832c0ea100b691ecb5dda05afc0d049a9dd0fdc034e0a177937bc921c	fa09f9be90cd708d079e141499dab995234c314de1dca4ed7738821fd7fae4e5
word_c6946e9763cf	visitor	keep					KEEP_FORM_VARIANT	合法词形命中：visitor, visitors, visit	9c1939319f1f3a6cdce64fa4252e0405565818e6ab708c45f5ddfd4036241fe5	7df325ef539000e8a2e09ffc485242299c91f20733e34d64fc818645b8767f52
word_ca42dcec4b26	gaze	keep					KEEP_FORM_VARIANT	合法词形命中：gaze, gazed	aad950aa07d81c694f36602e5a46d708486c41b1bd107add7f60b73a5a9fb584	12c9db08c33b174231c20eabdb0f0e06f71fa7488f2831ddf816a32d0af69c0f
word_865d795ef204	clap	keep					KEEP_FORM_VARIANT	合法词形命中：clap, clapped	4f4589b2694aadc69b6f2af6afd00d05f262a59b91d2cda4e0c81569e3b342f4	096857bb32292cb14ac0629a4c3754e0332b813141d23c86767a53cc4427c284
word_eb3295c67489	smartphone	keep					KEEP_FORM_VARIANT	合法词形命中：smartphone, smartphones	a444a1da2d7c55f957c8ccc0d7df431da9d7636e096cc505e4e2bc6520a330d8	c0c9392538aa2cadeaeef5f13f08ee21174befc5f1f65fe9e583fb5a48691979
word_cad7634f301d	requirement	keep					KEEP_FORM_VARIANT	合法词形命中：requirement, require, requirements	704871d21ee3481d83725e39db6e8c117980540a9be20cd1ddad8bc782f5bd93	369cbc9b0cd99e29fc9ece585fd62a34e25fb23bf0bbe539c1646f830b79a3ee
word_27a8398d63c0	zebra	keep					KEEP_FORM_VARIANT	合法词形命中：zebra, zebras	512ba9a931fe4a1f22288fd325eceb2afaf13b01b32e8824931c9734260a7f9c	e6e2410bfecdda5535c3fc865f09fe6fb5d42a0e6c1573c59ee4ced21fd1a748
word_25dc48a8d7c1	trimester	keep					KEEP_FORM_VARIANT	合法词形命中：trimester, trimesters	5dc5ed73dfc3dc11eafb020cb5468fe9b6f67306be4291b7aba0b32562af435e	7051f5431b7e86cd92f6feb986d7877623780537eb56dd5a69b6dcfa7ec12df3
word_7a1cefb26bb1	steal	defer					MANUAL_RELATION_REVIEW	词形归一化后仍未命中；本轮不自动重写	54fca92577a4b86f3195bb1a706593e903bcf9140e2b0522a7a480c699fbbc75	0fde3d8ce379b80462902d8a5285faba8d49fa3b9f683f9fbeb119c2ba03ac96
word_3bbc9ad96500	ago	keep					REPAIR_EXAMPLE_IN_P0	已由batch-p0.tsv人工修复	c0dd8d45c8b609cbfb033a9ffa5fdf970245d4bae3334fa5d39a706d88cdb0d3	50e42ccac08dce01db68ed84a1bf89741fe6905237f32b7a9c11b69152165a7c
word_5a98b0ddf7cb	appliance	keep					KEEP_FORM_VARIANT	合法词形命中：appliance, appliances	831f391003dec50d18e2107675e055d9a70443b0ce599b031e0c78da87a511fa	59cce8f82d0fa911e64bfec21e70585ad4bcdb1d1a87b895820b6fe7afe6f653
word_891cad779d0c	furnish	keep					KEEP_FORM_VARIANT	合法词形命中：furnish, furnished	a4a6390e16c453a8b85e10727f13ccf2001657be1b15ea5a0c05e52dfcd0716d	9e092f8a293fc8a5a24b2f9519e2dcc4201441d531616d773b7e8243f5f24867
word_ccf92e8a60c5	shell	keep					KEEP_FORM_VARIANT	合法词形命中：shell, shells	de7aa3b0ef77d1a3e13d8fc493cf8e906cc96db65b11293b70852ca0f719f64c	cedc120e4bd95e710a0c8458f64c1eba274af0061a356fa13e5617bcce6ae85d
word_18f969db37b3	reject	keep					KEEP_FORM_VARIANT	合法词形命中：reject, rejected	ac34772ddf3156ce68d0cf08059ba737e73fd3d8a36e56d4cdd2ee834c12bac4	89d3851646eae00f65cb92eee10d851720105ffea0674c1b283becd3b915e062
word_1bbebddad7c3	mobilize	keep					KEEP_FORM_VARIANT	合法词形命中：mobilize, mobilized	443d2f13d2fed16f4e0e9fef55002528ea52b4194ebb56df9e454f2b9e54b3ee	f3db46d0fa3d3bc0fe9892b1acbd1b94a0effc1c609502d5f10038d62b20544e
word_a78547492312	acre	keep					KEEP_FORM_VARIANT	合法词形命中：acre, acres	088758d7caa6936074ff21c6dfd44a6116dd3afc038a84baf62894ae1211ef75	db85d35346363f002888cab0ef6fe62b96124457d50318bbf3be3a064f3fa3fa
word_70c3a01ac47e	kid	keep					KEEP_FORM_VARIANT	合法词形命中：kid, kids	44a70032fc1c5fd7a97b3218e9df14566c27a5160ddb6b4ab23a42c5e7b8404c	8e244130ba2bc0eaaea21cc8c7b1d690a7decec4f56b85961cb916f9d8bc5c3d
word_d1dd23900546	grocery	keep					KEEP_FORM_VARIANT	合法词形命中：groceries	3ab65f2ddfa6584380ebb855ed5556ade0d1ae5758d5a1f4439ae17c789b6b20	3d1d2703478775df9678e036fa5776d72def3ae5591a086111aca6f2f87780a9
word_c3eecae3fee0	release	keep					KEEP_FORM_VARIANT	合法词形命中：release, released	43f2b6b9d6c5ab1ed4045ca37522a1c8a9200ed6988c34fa362674bf2f92d896	c7f5762d32f525e364a748664fde10fb1ee9394f9ac14ad7d4ccad8efd68de6b
word_f316a0dfae0c	rose	keep					KEEP_FORM_VARIANT	合法词形命中：rose, roses	e50e81d24f56460d7a8a5e8e479bde293ab4217a6a87ea8767300e9d766346eb	b5611d38c4fed9cb080817cb7ac6a157d2a38c5b4921bf16d8e7d5e9f8ccab63
word_bd4049528973	stick	defer					MANUAL_RELATION_REVIEW	词形归一化后仍未命中；本轮不自动重写	8e03d8094a522b3e9b886962d3ca1389b1f19421408ccd67194f8280b75d7a2c	b2c8d4b633121181847b3c137dff92c62767aa1bba0fa9bc7b7dac7c9182c944
word_92e253f2a423	request	keep					KEEP_FORM_VARIANT	合法词形命中：request, requested	92b0b27315deb355aea02e939617a1ad23709ea9044435efafe5b94da1fc4019	d88ee02d7dae09c495c3e6b5d790261a04fa2b74b99075ecc58cb791d5f16795
word_995060e85879	praise	keep					KEEP_FORM_VARIANT	合法词形命中：praise, praised	6c4d65d3f3966b3c561d3274ab9a247cc0918d07483bcda961ea69a013be603a	55b6b22ec8ac4e81709956b6e7e81fbb07ef6920878fe0fb4a894b6655788c6f
word_e6524682ee5f	fail	keep					KEEP_FORM_VARIANT	合法词形命中：fail, failed	f55fdd62076654c8ba000883c33b50b2fd4174af9d20696009ca3a58874c2360	1595a029eda5d200838757ca882bc5b9ebff83396f64a693af9ce6ee17f4e948
word_9eb0b25ace3b	grape	keep					KEEP_FORM_VARIANT	合法词形命中：grape, grapes	e5acf45ba0778dbcc34f028e98dd838dfce622d6ab5899d32febfe6fd6d2ebb5	a13c613d796512de39f1a651946756c155dfc6077c25721d4cb848579bd03fb8
word_75f7113a40f1	organism	keep					KEEP_FORM_VARIANT	合法词形命中：organism, organ, organisms	750f0a36b6abdd0dc871937bab6cc81a1b1bb3b091039628ae1004f48376f048	934991d110f9371632d8950cac44222469d1432c5ba85555d848d03e34604dc1
word_871fc3e274df	discover	keep					KEEP_FORM_VARIANT	合法词形命中：discover, discovered	23c3979248f0181c54773918905059826f02bd3984fd0aad98e154be35880340	0924a89c30aa3993737c719c097d4c485405c81ab0c232b97adf0600bae2096e
word_e055a8a40dcd	emotion	keep					KEEP_FORM_VARIANT	合法词形命中：emotion, emotions	b11ad24daac910baa58fe89c2aea49e381d28cfbb12e3aacc4980e9c2fd82eaa	f6d0652ee1518d7d205279e84c4b6edc7e5261b9b68478da4caccd956a3e6550
word_17f4fa03d68d	grab	keep					KEEP_FORM_VARIANT	合法词形命中：grab, grabbed	edd45504bc9a0e412135f07cacf36a3253a75ad8ac55682bc530fc8fed4e4d33	3e5c6de76f03db430a5f4ff8aeff6cb2f9a295b6bfada265778d94f8daaaac9a
word_7e150ce0ce80	devise	keep					KEEP_FORM_VARIANT	合法词形命中：devise, devised	7fe2bdf1a494d8f6bf3369a482c487700f0adef743630f2823c314e73ad128d9	ab87bfbf7ce8f8a70f631af77417d99cb3c22ecb06e72caabc712d1399c8c967
word_b501cd94f838	pillowcase	keep					KEEP_FORM_VARIANT	合法词形命中：pillowcase, pillowcases	370d455315692b3bd33e9eab6c93c965356bc746c2d5c5cc1e3674afaee86424	da091034e7cd07ec12c4787c228e6a86ba4a00318e58f4cd3e9e4c06ec5234b9
word_0968487fa268	inhabitant	keep					KEEP_FORM_VARIANT	合法词形命中：inhabitant, inhabitants	22b5c2890963d0c1e3c2663f5577ab0cd78f91165273729a4b5742edb4cce16c	439f51c0f301fa8de488dd55a9596f5376ea752eed3f8c5ea4ad06535fb006e5
word_89153762ad89	confine	keep					KEEP_FORM_VARIANT	合法词形命中：confine, confined	1aa9f6bac12e1c3917f6a8493f319dff1479478d6080cf5298a201fe0ea72d8f	b7711c1706e38c52ec8e5ab07812d541951aa6f6b0ccdafd885723dc275ff784
word_485b4ab4f006	increase	keep					KEEP_FORM_VARIANT	合法词形命中：increase, increased	924ea22ee47a0c0f62c228e4a2207a238f75d5ce3a01d95191b52bb8fe216d6d	186bb622293e5b14acab3cfa194550d337aa80831eaf99f6974d2765af3f2efb
word_e1d243c6b2ed	fluid	keep					KEEP_FORM_VARIANT	合法词形命中：fluid, fluids	50a48985b60cf90e659effb55e164e62a6287f287a60840b3ce2b111f759b603	45604f5644915382afc5a3a29d4c9e5b209baa43c982f81683516255c4db4869
word_8eedcf521870	law	keep					REPAIR_EXAMPLE_IN_P0	已由batch-p0.tsv人工修复	b8f48cbb3d88cd9e9bc43690924abfb668ec835a6d9e7d9c93a6fc29e9517edd	a9aa6f3392f971188c9f90b61d1d64ae519e837ae7f2b78024153506a423a75f
word_1a4042f67399	abolish	keep					KEEP_FORM_VARIANT	合法词形命中：abolish, abolished	2e0a662c7a9a021fba7937cac9d2cd77700a0fae569346fcb457987617928c03	e3f29d0045840b41fe023c74b51be32b906f20ec92fcefd3265dce768a09afce
word_e0ea1d2478ec	transmit	keep					KEEP_FORM_VARIANT	合法词形命中：transmit, transmits	ac62da6eb2b38e2e4766938405d7d97b2c21718fbbd93440e7d5d54ab8eda3b9	d1f51404e026d818e959750389f039b59da8c7ef1fb8b69bbca744d43997fc8b
word_357c958300d4	mediate	keep					KEEP_FORM_VARIANT	合法词形命中：mediate, mediated	e826e03e3f020ae472e3d1efcd8ff64bc92a5476908ee98fddceabdfbbf31d96	9a4eba779b5ce121e527a1a428c14e28e550af74f3bc879fc56342d4f1351861
word_41a6803900cc	glove	keep					KEEP_FORM_VARIANT	合法词形命中：glove, gloves	ea8c6989cb25c84e43967da0584bbbef7cc77aec02b4b6663626e8d3d26602fd	02db973d548e5d89188d99db4e0d0bc5ec48735460bd1838f100e22c2a28418e
word_ed343fa9eb32	rival	keep					KEEP_FORM_VARIANT	合法词形命中：rival, rivals	a054d81fbf9c55970947d1765a8c974b2ef4efe91a11fc458765ff402b125012	7d1c7e7df9c90c24dff21b5a9ce2c6af302ae44ee34a34527dde1eaf72a4853d
word_f1d4b86bec41	restrict	keep					KEEP_FORM_VARIANT	合法词形命中：restrict, restricts	c5e92882e8e460875f2f8a8a3329ae936b693e643a23730ff11baf308ad366b8	17625ac4c138164dbef47bec5177de3fe53ca0adc49ebe1d16823e1232b5e210
word_8db612375b6e	comprise	keep					KEEP_FORM_VARIANT	合法词形命中：comprise, comprises	24ec9d8502e362a7109edd19e0c78fefd19e8a86aa9c3be30406b9e68feab7fd	25a0eaee6dba15f32daf4084a08f604d2f79be1c69bad979892bd26b28718688
word_3fa310d90d1c	mourn	keep					KEEP_FORM_VARIANT	合法词形命中：mourn, mourned	543d1d837c41666b9bbe762baca83b10e35869e2de2c003679b11c0757dcb984	cedaf626ebb06c8c20cfdd6a67489b2591d31e9d275c3d15505ab10b71a50720
word_807236c1e5f5	pea	keep					KEEP_FORM_VARIANT	合法词形命中：pea, peas	ecc0845c375e29c29676e3d3768bfc6d135fd6430b53a837a402efeed49f4de6	2f322ab909a44d60776cd685042b6acd65c5f230eed0f0c6bcc6a8b54582e232
word_5d35f2e34df9	sock	keep					KEEP_FORM_VARIANT	合法词形命中：sock, socks	67d063f8ebf2d84d5f3d5e931d0654df88efb586cfa6a435f5eb49a49e47d6fb	2a0f694fa3413804813e93d087159d1bb1c023b54b90a93247623c374b2d4a9e
word_9fdd3f8ec905	continue	keep					KEEP_FORM_VARIANT	合法词形命中：continue, continued	e5c5a27b242295943da495481f15c9031db33c883815876e79dc2047e899bd28	01a1e1974ee86d7a5036842e6249f76bf35a00e3db20b85bc06f4dee8650e4a0
word_0ade5d4a2fd9	voter	keep					KEEP_FORM_VARIANT	合法词形命中：voter, voters	89c8d2b62b47d4a161ee6918315532ffc45ae4b2c572d503a213eddc4e927d3a	1107c1f6f409e07bd0c7c13bf04af97face9f803c40cae1a3133e79773949b72
word_86d50975be7d	expense	keep					KEEP_FORM_VARIANT	合法词形命中：expense, expenses	eaf752fc515ebcef2b1cf8b1943912b654e458f9e49433ae67e2ab3ddd6f6f9a	c49f5e7f976bbae11e9c4d50b0047fa4626b1b76cd82f4fa1ef40b5018ddb3ff
word_42eb1dee1371	ban	keep					KEEP_FORM_VARIANT	合法词形命中：ban, banned	5c986fd390cfbfda112c88366790bfdc1a74316c2fbc28d70b3be69134d03afc	020b93112740526feac5dc2f5cf6162a758a651fe6ec10e5928bd2f404fdc3f1
word_559d05ac9c79	sea	keep					REPAIR_EXAMPLE_IN_P0	已由batch-p0.tsv人工修复	50f7c038c41829754c80f0fd11793616770af1b5825a836fedae0c011b4bab06	da7223e9d14cdb209ae0034653515ab3497200b5f996b4ed677c8d44d22e6d82
word_04cba3c39e0b	operate	keep					KEEP_FORM_VARIANT	合法词形命中：operate, operates	f119d2e8f382f310f7a67a883667871f62f103ee189c61385e178c93058df1a0	cb259bf1eb829a946e5eb83651c0fe1f3fef2fe800db4fe98e7f457ac0b35494
word_7ce6ed80ad2c	panda	keep					KEEP_FORM_VARIANT	合法词形命中：panda, pandas	24fd1de75231855a85d7f2385dbc5f286bb15d416072b094f520f48eba90a16e	9506eea4c54d87a6d1742c5dc55e16a45ee7fb0f80052955fae266079e22b12d
word_afcd46bdfd1d	permit	keep					KEEP_FORM_VARIANT	合法词形命中：permit, permitted	76dd365b50d57511d7d1ed977b002d57f6fbd26e286ed8af8a2c3aff4b10df23	328ff58d598de616b42803a6bb3839d2f528ee4b00241c32ba16283381e621fd
word_f99c8ac1cd23	troop	keep					KEEP_FORM_VARIANT	合法词形命中：troop, troops	470ef64cdaca5c21be75afee257689eb08a1fcbb6be7d579d4760a62a2c10e9b	65d42fc0bd2b14ce575c6db0df3f5579cf75efb32c15f401e31b12ebc6f233a7
word_b00017759756	element	keep					KEEP_FORM_VARIANT	合法词形命中：element, elements	4178399166381742f34e6ffd4c32584668696e910ca090fc154f935ffdf4a94d	63c250d77649ec56e1b3808b65fffedc0ffa9d35419b09ad4b9355c8199a6b0e
word_9f0b4abaec8e	teenager	keep					KEEP_FORM_VARIANT	合法词形命中：teenager, teenagers	8e319001a5adb422b74a8b0ba1c1464d1f7726f9ac249d154b7b9fae5b6920a7	9bf51f7b88ec0ab0404ae5f8e15358011ef78537e09def33c01830092fefc73a
word_82402ebcd0c4	tooth	keep					KEEP_FORM_VARIANT	合法词形命中：teeth	b4b6ea64295494295bf4de1fd105df2f8aa2da74dccf2961b267b3ba96a2862c	d1239d085bccc3f9b71c90252a5efb331128414995ec6b58ef6a216d45aebd35
word_61ac61dab90d	decoration	keep					KEEP_FORM_VARIANT	合法词形命中：decoration, decorations	9a86cd5ac81e2a3ee1afa2aec0ed47bd60b19a923b5d25c682665d24088d2f5e	82d243f7cf0104cfb3f77dc1590b1bffbca358a642662f6fa5f845ffcc2426d2
word_40f42559899b	gain	keep					KEEP_FORM_VARIANT	合法词形命中：gain, gained	845be4c82f600addb7f15af5f62cb17fe5c1cf42bec9c0a04d26160724b0804d	13a5b62d8466cb071c4a9d6515e9398e3de9c4a09b30a632c3181c14f9bac5fa
word_d1d3706eb805	particle	keep					KEEP_FORM_VARIANT	合法词形命中：particle, particles	a319cc2a5d47c7f323e9f6e976002d64f8e07aa73395fc1dfb0341ee9991c8d8	c4916cefc76044668911f9603ee4b6adac7693fcafea504fba3e73f64b0f72ed
word_7db1a71407d2	yet	defer					MANUAL_RELATION_REVIEW	词形归一化后仍未命中；本轮不自动重写	75e70212ebce10c36cf7a4628c92f661c82663025a0099ccc44ceb25b45f01c8	d39a3ae5ac05a5520fc428d323098ca1f419a78611abbe075d72eaf7f8ebc1bc
word_0c04805c9da2	import	keep					KEEP_FORM_VARIANT	合法词形命中：import, imports	67c1a2d5d0a276cdc966445e3f99c87e1a419d4522e7ea779144f08bb2a267ea	0dc2487713fc36d2229d06a8d05a25fcebb66eebafb874dfea574ac0639f8da3
word_709c2806dd9b	defeat	keep					KEEP_FORM_VARIANT	合法词形命中：defeat, defeated	930151f5f7d0d6bae1f08e6a0e53460abd6ee3b0a903b9248a495f88b4dfb84d	3334f20fcc53817cb5274ee7c8597fcfbd6e0e4a99992d29f1ff74d74a6621ca
word_0ff98f7122e2	characterize	keep					KEEP_FORM_VARIANT	合法词形命中：characterize, characterizes	86f2b8404a0062aec2a20fc6246674c608b7cfdb0c9d0e4cf89bc46d20eb5d1f	a8c5f9f9807404a3302c2e53d4bf4307933535bd1d80adeadf804d224a3d0047
word_8edb43bed282	advise	keep					KEEP_FORM_VARIANT	合法词形命中：advise, advised	306492be836fa05b9ebf5f006fc711b1090f83f70851184da572c102378b6571	aa68ff0a049648d8218a19a96822af9ba9e42ae91015b7dc262d32a8c09e0c5c
word_679da02d5925	terrify	keep					KEEP_FORM_VARIANT	合法词形命中：terrified	8fe52ab9d7947cd0f48045c6503dd9328a2d1d103e883b8bc3c93b90ecbf0574	450f561414af49225fe9e2e3bca39939f1d422d855b9acdb7c056fba13cafa8a
word_b3bd990a3d0a	camp	keep					KEEP_FORM_VARIANT	合法词形命中：camp, camping	c4fe2bae7272d423eec64a1a53b5d4732bd083f579d4114123caa3d047573d3f	f244695798b02664213f80afe5d07b525588ebf424e2991534a27e31ea28eea8
word_c3b793512055	constraint	keep					KEEP_FORM_VARIANT	合法词形命中：constraint, constraints	4b13a224ca77cbacc41fe32642b07d0aa3ccd539fc0457b105f5d4ece93f5e2d	522544cb372b2c01e68f5e3752e82a4f6cffccf89eea5619144bb68a841cab7f
word_4920ec5f198e	recruit	keep					KEEP_FORM_VARIANT	合法词形命中：recruit, recruiting	d3ac629710659ea7ce82afa560e44826c12a6f952ba28a7a7d441394e1c595e7	018db4691a8395b93982ebd4d03b26f7106a3ae6f74d4b8c785c12290c5057fd
word_7a13fd3ff707	appear	keep					KEEP_FORM_VARIANT	合法词形命中：appear, appears	66b5aa54bb6af9dd0aea9b3250f8c362e3175b75f629c3fd127aeb16c5b8e42d	21525006a9e49b27f836e1429e09a6fd1872ada97a4571b7049ddeafecc1d1d6
word_57934448dcc6	astonish	keep					KEEP_FORM_VARIANT	合法词形命中：astonish, astonished	bad9d5bbdaa0728b412ceafee5da50a179344de37d134d0dbe5565bd76b32541	ef141443c80904b5c7952ad8dde8dfa3c1fe9eeabb39ee9ddb54b575e6507f55
word_847afd7ec836	decrease	keep					KEEP_FORM_VARIANT	合法词形命中：decrease, decreased	d9a0d94141351c0382c4728c035c35a7e3d5d836fd1664ba7fac00fb8fb3c513	ddaa14e429098f47a04984552cef89aef195e9e73bde87fe94770544a1485606
word_1bf2d6bd5d54	provoke	keep					KEEP_FORM_VARIANT	合法词形命中：provoke, provoked	befc799def6124f367b0c52a7e45d299ab4e508243320c78c708bd1902b31edf	046d82ca64cf9acc27b98a757d6998a56b85eb0957f29d2e96cf35d34ce5029c
word_d77b12b63481	memory	keep					KEEP_FORM_VARIANT	合法词形命中：memories	2eeb257461c9824466a0dcd2e7265ba122b11c80b0cbafa03568be5f23d18231	5b1db5859c9b7a7a31af76fef9fea4f718c9a26680c3fdbb0a331308634f2c75
word_63119bf1f03e	cannon	keep					KEEP_FORM_VARIANT	合法词形命中：cannon, cannons	e21127718744b6c4837e35f7871edfa538ad9d084ce25b1ba5c2f95868c6a540	b96ba8e1686d4656c1924fb7882406a6d50f7b1c801039a1819124d3d4988e5c
word_81457d749e2a	realize	keep					KEEP_FORM_VARIANT	合法词形命中：realize, realized	8069585b4d2dbdf0c42d54d995af97c371c5d9120342eb5314f7ab307e0348dc	3e45d3e531ef54ec51734ab4e488b8f7c6268ec4b042aca30a5eb953b55ee476
word_24cb5d2036ad	float	keep					KEEP_FORM_VARIANT	合法词形命中：float, floated	8879333f2d933cb88914012b2c729dc76ee3a0487e097fe3c16777e283a6724f	ee37597565beed1f0ea4dde435b7303688117716e1c684560112d27cb5fb111c
word_f5667f5f0148	swing	defer					MANUAL_RELATION_REVIEW	词形归一化后仍未命中；本轮不自动重写	99d1d7210735411d3234caecc5291cb70264d5ec7ddb4c145887f6f017cc054f	4f0dc4bc94bd0fec10ed1df26626ddb46b27cc74fc46ab80e58a72732b37a991
word_02734bc33a56	publish	keep					KEEP_FORM_VARIANT	合法词形命中：publish, published	901c43c03a9fa761053acdede37c028de2ee4c2dbae252b7b9eee8b686d85d74	96aeac83ef50790b3fb5ece93a84fc6b3a19c00cf4875d0df27a83e37f635383
word_eda43a3e0517	group	keep					KEEP_FORM_VARIANT	合法词形命中：group, groups	4b7c9034d238fd8585ae88ad995b935de0733bb832cff67f7e5f5a093c2dede8	9cc186b361e7743af95247387918319d35f91bdf92944929f06cee93ce001a8b
word_6b59417e77bb	fig	keep					KEEP_FORM_VARIANT	合法词形命中：fig, figs	433f1643980fc2d904683a6a1c1859ea3c68cf6b9396718369eece614b09b95b	8617f64ac53cb4db6be92f61275cd9c8e1eece7ca07f7359bf7e6afbb075fb08
word_769a3bfed871	credit	keep					KEEP_FORM_VARIANT	合法词形命中：credit, credits	c6ec99c2963e2191afd761d300602f6a5c55d0776d3e878d4ccbdf2de0b5ba06	496efc642cce8f80c379046097551ab91cbce73036e325a301a3ed6903679d0a
word_bb99afe0ff60	horse	keep					KEEP_FORM_VARIANT	合法词形命中：horse, horses	dc95febd4505611878b4900411c24379425038f32c2ea11d5fdb0f2d607b5428	4998e3f53b73e71066ec53fdca47bf67a0f28cc358748097f048b17417cfae8e
word_d62fcbe23bc2	crayon	keep					KEEP_FORM_VARIANT	合法词形命中：crayon, crayons	53c9e5fe688bda2d2983a859a19647bf439de59495a48001d09740b14b01687c	ce72b93b997e9baa308fe468f0e3c14c1da59122366f4f5abedb16448ab3cae0
word_9e8e41d9c147	ant	keep					KEEP_FORM_VARIANT	合法词形命中：ant, ants	24b7227abcc70b50c88c3e241874cae199763515b3602b0cea3aa1186a302fb5	6871bc362280d27d2b591898c6c675a540716bdfd7a7fcf155642a4dbea94e04
word_b0004f4cee28	traveller	keep					KEEP_FORM_VARIANT	合法词形命中：traveller, travellers	e46d1ef365f23de47cbfeb95f360c5b159d36ea8c1bb702d1caa73d5559b4b89	fb890e137147599e1b6402dffccc6036c861ba1fdf3ea84146623544852bb101
word_d10dd4099bc2	complicate	defer					MANUAL_RELATION_REVIEW	词形归一化后仍未命中；本轮不自动重写	3b23fc32218102a926fdddd98234f5107c47a09cda76ee443ec187f83dca3d3d	252151de63482b79247fb39a87c6e822cff1dd297c2b4e0160e99848fe3a72ed
word_50daa617a865	robot	keep					KEEP_FORM_VARIANT	合法词形命中：robot, robots	98253427bfbc57b10fe330c4782bdfcac66155beae0d3a799082d820ed0627b8	1e924e0a2bb1c79f0bc9306b48467b70c76594e81ba7ef25edcf182544758cb9
word_c267d5f25eff	entitle	keep					KEEP_FORM_VARIANT	合法词形命中：entitle, entitles	1f83c0c7de70cf0536f4222523ffb99b4aec59d1d45e523cbba17a257594c7b6	78a5c76001f7ba1062efaa721f693f9ab70475893aac88ce25590c37afb16662
word_34618ee6a8dc	bang	keep					KEEP_FORM_VARIANT	合法词形命中：bang, banged	f2f4fd3c39a16a50b571f587761be1ff926975b80b307a770861143f7874724b	cbaecb41c010ac9efb98239280d853792e2961bc1b37c4760f4fb97d4649e5e9
word_ea46ef25b76e	metre	keep					KEEP_FORM_VARIANT	合法词形命中：metre, metres	c997c619f6a6a2b704591868781a7ba62b9ff4ac3640e8df1167f103a0566455	ee12b7ac0d93ee2d77226383e1bff30f87a0cfc288ce99a7195efc33b18d9264
word_6e2a41171f38	decide	keep					KEEP_FORM_VARIANT	合法词形命中：decide, decided	d028d661d7973e2ca95bda9a418d391ed3e6d314d3e59643a5922cf26e8709fa	02e8a8f4fca8bd7a8c1b629f600657f9daf95fd863759dd89f97c60a5970c907
word_26d82498df77	guideline	keep					KEEP_FORM_VARIANT	合法词形命中：guideline, guidelines	4bb6213abc9d715a5b87e6053ca1814661c2c532732b1c60812818aad819bd2e	c12b688f1c365dafd67dd2eb433e95dbe05cc1c6662acbea7bdabae5237ee051
word_ffc4a98bb32d	viewer	keep					KEEP_FORM_VARIANT	合法词形命中：viewer, viewers	a0b0abd0b4c49de484992b34f67ee3179f325dc3a18c20175ebd193db7a1d433	d11f1e397dcd038c8845f11e06d30d0a8987dc83030ec9181ada7b6408ae1dac
word_7fb628544a3a	discourage	keep					KEEP_FORM_VARIANT	合法词形命中：discourage, discouraged	7a1e769cff5819553972fe549811acb997ce4c81332e7b5ea71a513edd7f13bb	f11ef6a1a400bf72286d543fc38254537bc6cd55a778f6d1224b7ab7391fae2c
word_25e258f0c757	capture	keep					KEEP_FORM_VARIANT	合法词形命中：capture, captured	b2ace128b5f99104fb0a39405dfa83e29a93695cab89216c43907ba016358313	fb636a0f1161ff2b2c017d88aca6b75f75b5f1075cffc3f3ced7206ce896156d
word_a2654697ad2f	reveal	keep					KEEP_FORM_VARIANT	合法词形命中：reveal, revealed	7f6adb4f574be188e317fd6ced11134940b06fc907041c65776029ae27cec015	6121671553853e29595153ee57e86370bb0a8109b6594a56dfd4b9a021240c72
word_af1d326e8c41	emission	keep					KEEP_FORM_VARIANT	合法词形命中：emission, emissions	a1c44ce7a49b7724562ebc4506fbe90ad12002ccf3a04358beffcebc13b3534a	8cf7bb4033daadaf8725e64437227b663da2d33e9167109cf39ce8367d59b64a
word_2cd07649aa6b	ally	keep					KEEP_FORM_VARIANT	合法词形命中：allies	f0e198bde1a9aaaa222df430e558be311850ddf4294428afd1d1f897319741b3	cb6906badb488af4b2a8a31d7b110a607a0cb91892f6bfddd8e52e481c2a97e3
word_47966bc39f19	reflect	keep					KEEP_FORM_VARIANT	合法词形命中：reflect, reflects	04694459270771233adcd443a4ecf455787ec183e4ef55ba73917be6d221c413	cbe21181ca07afb6a5a0e08d51ba3ef8fbb2da4b0da9bb8ecab9769bf5afabd2
word_9c5767e6817a	claimform	add-form		[{"word":"claim form","type":"standard compound form","note":"空格或连字符标准形式","source":"semantic-quality-v1"}]			NORMALIZE_COMPOUND	例句或短语层使用claim form	d8c5667ed2f14a6fade3ba98fa6801b1cac607fd24926dd3ee8e4d2f494860af	177d3f3e376e8aacf242d41ad47c13dc57429bcda158181256d101bdb1a4cdcf
word_f9bcd7a959fd	direction	keep					KEEP_FORM_VARIANT	合法词形命中：direction, directions	ddd10f18523109c94df26e414e85c1fe89b89d32386db3b29d5d489710338a09	8ef1b71a48cee8c70df2912c330aa12e93ec2b56e1125961d81cdb6ae016def1
word_5e8589d57f8c	transaction	keep					KEEP_FORM_VARIANT	合法词形命中：transaction, transactions	332c49a92d52f77df0d7a5ce7174983feb747538bda6cac35a36d5a81c5c942e	cb0a0119353dece3d7a44673099af83ec4981d79d172a5cb1a946b490b4eb7ec
word_c481ab6d31c8	weekday	keep					KEEP_FORM_VARIANT	合法词形命中：weekday, weekdays	de2d2c4dc96562799379d2ca8ed2bc1db0a5c8f4cb1453fa11d5061813c2115b	5e4b1334af951f49dd2a5edc1929e01b3d5db79fb2b26a3d8b345a6821bef59f
word_f641b5cb7c0f	flow	keep					KEEP_FORM_VARIANT	合法词形命中：flow, flows	19ea0bf5083b5db41fa555a2f67618f23d6ceb2c291ca458ba3ca6738bd7c881	4a52ec820113aac689dead92450c04c418d09c7402078f9b5322b8064d4884dd
word_0bdabf96f3fc	interpretation	keep					KEEP_FORM_VARIANT	合法词形命中：interpretation, interpret, interpretations	d0f9535a39bd866f7b9145b87affaa6e76adb833e5152f6058d90fd83b404f66	2e6ca2a71b22e5ac60ccb632c9e9e4853739105b1dddc9752118f9b1371d495f
word_ca9d99f7920b	assign	keep					KEEP_FORM_VARIANT	合法词形命中：assign, assigned	1119d306852109303567c6d993127c949d76b0da8ea960251890a4acd7011a2c	2eb1af6f6385e024601e9f818caa222436d39640af32f6cce844a0c0bbf590ed
word_087ba48bf2f7	animal	keep					KEEP_FORM_VARIANT	合法词形命中：animal, animals	c0ec4b6236082977d8242b735b485b8a115fa2fd0e8094851e01648cc0a41182	276d1cb890c86712e585a38c842a734adc13a62bc5014ba925e79cc420bc738b
word_025c5473ceb3	specification	keep					KEEP_FORM_VARIANT	合法词形命中：specification, specific, specifications	4d80947236034a29ddb26c3e2f1550b7f8c264c49a6f58f371c72ea971a4df37	3c8ab0e2ed8f28d268d743c613f7b44b59a6b7c5963b497698fc085958aabcc2
word_cbbfbbfb97bc	echo	keep					KEEP_FORM_VARIANT	合法词形命中：echo, echoed	5fe6bee1dd7405a6dd18d7d13b669712b6c1af77fffe20db5412cad55d1fd89c	21045905bcfea57013e34aaaf78392d5c28be10ba304efc41016c8a5911d3f4e
word_bf757decf1ff	monitor	keep					KEEP_FORM_VARIANT	合法词形命中：monitor, monitors	8633abe470f5d285ff8c8135a7222e3046ffd11acf3613b9915e1988bef1a4c5	cc064a789980dd87747aa559fe4499626ded52b0290ccf0145edf55e99a7b818
word_69d3c95c0015	command	keep					KEEP_FORM_VARIANT	合法词形命中：command, commanded	eb0fc08ac374ed05aed60659ccec2e1fabeebd4c67bac0808d758b9fed448724	8b4fc4e24027b99627053b2298e0033ba41e23e0154d8384786af38cf443fdb8
word_0f68cd119dd1	emerge	keep					KEEP_FORM_VARIANT	合法词形命中：emerge, emerged	4147f27c2a0164088803574f0994ec9819456971001bd3fc92afa9faec92ced3	cb3d74cb8128380b754625331cb5257e8fbc91947b5d75997e00e700a53fe4da
word_c160fe779853	exchange	keep					KEEP_FORM_VARIANT	合法词形命中：exchange, exchanged	4f0cf8bd63e88e96301576c3e24dcd5201683ece40e2e64d5b637abe73d8cd6d	484e5ad56ea21167e4f2d062ef3b591fdb331ccd44dbd5ed85ac1e83234369e0
word_2c2d99408024	dweller	keep					KEEP_FORM_VARIANT	合法词形命中：dweller, dwellers	55bea12ff508cef1cfc89c05fb742444bf291fe0fc73fc86f9f40117c44bc0b2	3e1ae365a700daaa7a765d2079b7b0d6833cdf80aaa0f0ee886e685ce9274b00
word_afa08f4401b5	civilian	keep					KEEP_FORM_VARIANT	合法词形命中：civilian, civilians	e1b0a94d3b757745b8c271baf9898b224d938bae5bc1ddb58c74d08a73d131b8	c73eb8be275690a850e5b5b99e6e8bcdab67124dec0caee9ba6da81a33e42adb
word_f14db7941279	parent	keep					KEEP_FORM_VARIANT	合法词形命中：parent, parents	9d0262fc45117303793fb27e417243dd94f537f6cc0039733ebf2a2f49fa60ce	a95012ea2a8327d2ab8dbab6e6c5abd338ba2ac6257f9564a7ba22e077938fcb
word_c6d5de5a1472	cow	keep					KEEP_FORM_VARIANT	合法词形命中：cow, cows	97e34a50b8a8594f63134d8c13991ca7553290a848d0cbc27f7487b4b7449312	4433506baca575b1e7cafa26aa33ebd951d48277f50f625fca96d2dc180eda7d
word_9caf5de6fe98	pear	keep					KEEP_FORM_VARIANT	合法词形命中：pear, pears	ccc6b6bbe37b9d806eba4e28845b987f2141d37b2e878e20125603b7e2ef4d01	d9ce04d6dcb4696dfda135102b2ca8f8c6928a97f5e95109f6d9ca4aa5698486
word_876399a2e139	toy	keep					REPAIR_EXAMPLE_IN_P0	已由batch-p0.tsv人工修复	9342b800d2fddcaab745a6a3ac32a63f76491211a4812cba20380cceac87ced5	0e890a812e2c5a895fac23349b8da112e8439ed3313ec605f06a56085d2c9525
word_7ecbf08d1eae	mount	keep					KEEP_FORM_VARIANT	合法词形命中：mount, mounting	4ccb2ef2ee5df4096d81a3a80b5d314454fa5150c7058d839ae5555609f9d468	fd919d0cd46ef5664caff82bdd15999d67aec535b33dbe5a80c0927a800ee649
word_68abe6f1d135	passenger	keep					KEEP_FORM_VARIANT	合法词形命中：passenger, passengers	2b8b0e84002fcf57a03a1bf25f9b38e277420d50285273296b9c3a8e6db6e5af	a4395a2827b5bda21c8d907beb60f0efb13af34f152f139d11688ed13bf1269f
word_4c27ae7c0ea9	sex	keep					REPAIR_EXAMPLE_IN_P0	已由batch-p0.tsv人工修复	1ff7cf487c16945fb3f309310c346aaa2cd78d01e1180d00d8fee7a017bb2094	163db1f5f8d1e26df70b31938ec538b4caca6cf9178a2b95b9afeb35fc240cbf
word_dcd5e5b92ffa	possession	keep					KEEP_FORM_VARIANT	合法词形命中：possession, possessions	17e916821ec7abc7990841a5b88cc80168411ca7a239294973d358b0ee95e35d	fc8a5a3c4ad10332ac81632dc74a560d5299e4b7054adefa7f8e65e943fcffcf
word_68439ba77011	muscle	keep					KEEP_FORM_VARIANT	合法词形命中：muscle, muscles	98444bb2faf9c4d1645dba98d68b725948dbd6b26ca760310c7f8bde5e164366	aaccf7cfd75827124744ecdfff50d542aaffaf1c0fd4bd8551f86def466767ca
word_1502529343bf	rock	keep					KEEP_FORM_VARIANT	合法词形命中：rock, rocked	faade72ec6e873700acf4e1c7d03196700351e716e824923db24146ff5265585	04fc428f6f67323725e5b219e27d0fa896282aa2066e1f855d6a306490606d8b
word_ebadfc9eb892	warn	keep					KEEP_FORM_VARIANT	合法词形命中：warn, warns	0a4af72be1b9d62a22a5e3b04bdea579b485c4a4a162f84c76c64b03f7867bb6	b17fee1a6366d8a3e892817cb399dbbcfb5ea62f9c869fda42f092a3791b8531
word_f8a7aff61a85	benefit	keep					KEEP_FORM_VARIANT	合法词形命中：benefit, benefits	06458bb3a5b40d06798b8cd5baf211fa8aae7ac95eb32e3db13b9ef9ea80902d	89ad727af8530c6b9bdd38bee9062953418a2f91e09024730ba0c8271cf9dc94
word_7a732899006a	low	defer					MANUAL_RELATION_REVIEW	词形归一化后仍未命中；本轮不自动重写	b530968bc2e75189c2b3b1a071f0ed2e69b5211203e32af32f6c34fc629e4517	4c2cceb3ed582bd47231d890fe69bc1dcd8a1661140c2a0fcf675764ad9410ca
word_19ab06d1845c	grandparent	keep					KEEP_FORM_VARIANT	合法词形命中：grandparent, grandparents	2481d2ed42cd0ea9782738e0730cbc102044bcdfa9ba52dd5d9c7ed9b8da80f8	4a8b7014ad0c8341ae2abfd0d3472723513f5e69ac89a9d41dc9fb980d852bdc
word_a972953c1fce	day	keep					REPAIR_EXAMPLE_IN_P0	已由batch-p0.tsv人工修复	4407fe677c54aa91ec54e78087ad6e69c7b467e0800e3dcaf087b15f82f169e4	106b177551aedbd0b8c1121f0818e775ecc3f02dc0aa0173d261426d8bd121f1
word_69a7d5d27a2e	supportingdocument	defer					MANUAL_RELATION_REVIEW	词形归一化后仍未命中；本轮不自动重写	2015f975a8be94d245a473b853e0c77d28cb14ef35aa76ea10f2afcf843bac87	8b40ca47bf203e855b88793ad4fa58b7b313bef9dcb17aefe28ac9ded578f46a
word_291bd71d6af1	conceive	keep					KEEP_FORM_VARIANT	合法词形命中：conceive, conceived	ca519e5bb64403ad835b27b295b9b88edf54a2393b672ec90a01a892167d9b56	269b4b0a6f519eeb0160177ac2b43412376f4b2d216fa02806dffa5eea712ad1
word_c5f8c36ea69e	cancel	keep					KEEP_FORM_VARIANT	合法词形命中：cancel, cancelled	0a6a501be9b89922f64ebb423fedc347ba1fac2472a0ca194d803b8081824185	97063e926b616a087c97dfc862f4e593452540d3504f69218dcc58c9fde2cd93
word_bcc2652c3266	manufacture	keep					KEEP_FORM_VARIANT	合法词形命中：manufacture, manufactures	f6855b8fa0b0410a1927f3344a1b2a67a9cca561bc0c0682eb81e0031318c090	28e0fe4763fa7c70db87df5c80ad4758690373af19974a33343b5146b3569f78
word_494e1f23d688	kilometer	keep					KEEP_FORM_VARIANT	合法词形命中：kilometer, kilometers	52945f243834b7b1626437bdbe43c6077e5a954e73f1a4ce87724155ea27a783	c57a4ea8cf81cba800d1ca57a81e193883cb417973dfddee7efebd5c09e445a4
word_7618f5e77691	restore	keep					KEEP_FORM_VARIANT	合法词形命中：restore, restored	8151620e3294d042e4727bbd0efe06f4587cd14e5f328f1d1aa5b0693061f050	97574d459a4311b493862a78beecdb2d0b6d9f2c1b083765f115565ff6581d34
word_c25cd85a4a75	seem	keep					KEEP_FORM_VARIANT	合法词形命中：seem, seems	3766d42ade2c4cc515c30bf96da3e84694ef09d42b4484ba680d3b9643c09ac6	208033fbcfa2554aed35a6e5fd9a1e957384dc388f1eadb6caf24466ed575edb
word_5954749368d0	shoot	defer					MANUAL_RELATION_REVIEW	词形归一化后仍未命中；本轮不自动重写	00bb5e22c07439edefbfc2fbbacac414d9838ecae96d83a8696ed3b361f7d270	3b625e7a4ecb85e0f0870db6d5ab3743799785211f6a398f26c21efe2043e124
word_f424470e5fc8	pose	keep					KEEP_FORM_VARIANT	合法词形命中：pose, poses	03c727531f00343e7258b7c045dba7a6ef84d35a36ebb7f82ffba8c2c9bc0ce3	3e9ff16ba967dd7560bfa023892e5dc210c5a89ce438a2d4435a49adf57b9368
word_e46bacaf4b97	standard	keep					KEEP_FORM_VARIANT	合法词形命中：standard, standards	abbfab413f20b54f1f09487445faeeca99bf163e09d1d12a0d44bf49fe3afd7a	8d3a847250b1d396699a564ed1fd0a3b5261629cdf40f70c124e593197403b55
word_26cd66c595c6	tourist	keep					KEEP_FORM_VARIANT	合法词形命中：tourist, tourists	53acd799a02efedc10286cd60cf3be3ef4db5b788961f4d05cc08baee838a045	72a7f2adec830088314e300bf4f4790165830e19ed652a77a69c08966cface1f
word_2c14d0592edf	note	keep					KEEP_FORM_VARIANT	合法词形命中：note, notes	763a4ada981af4dc8c2e8b3b7651aa93f7d644bfaa1a5351b5240099b7d6fde0	0231b4aa13d4e14b0a370cefa33bc7ada2262cfeddd505a14454ec19e46586ee
word_96d69f6779f7	pensioner	keep					KEEP_FORM_VARIANT	合法词形命中：pensioner, pensioners	9b4f1d38c4197f3f44c6423693f381760e97f587be65bc6e8687bd324dcc9e11	43eb16b729a39490f3f82805281e22e3947553479157148bad3eeec4f7b0b37f
word_fcc8d09c981d	subjectline	defer					MANUAL_RELATION_REVIEW	词形归一化后仍未命中；本轮不自动重写	97b852c90bb472367e6b99b38b5be564905670f9ac6bb7c52ac5aca0f8e4d833	bee7d1b33fc4683e8ed035d033d1e00e2dd01582d1422d8025296a2875c8d5dd
word_db6b6e615f61	refuse	keep					KEEP_FORM_VARIANT	合法词形命中：refuse, refused	ef01cce737e920e2614bc3790eeb56f08d4e674e41762709886902baea7f2dab	6416b86b8c4641268b5e202fc155fa4fa9f77143df39aaab5dc733e6d381b39b
word_8719e3ef6c22	derive	keep					KEEP_FORM_VARIANT	合法词形命中：derive, derives	ac530fe3f18f0387fb453eac15a73a10c91bc393abc5abab805f2b95a7300b58	d606494e4e765c3ada6ecf07da570afbe58c8ed4eeb6c0aa5a358da19c9865a7
word_469da98eb134	counciltax	defer					MANUAL_RELATION_REVIEW	词形归一化后仍未命中；本轮不自动重写	6330077be5b38f22dcf1dab08a87ae482b5813b21c8227bc6e610244659bc77a	72fa11a7382116226bc046de62f53527fafc7fbc7a64b6bc19a4797d03dc720c
word_0f0bf4f26d9a	evictionnotice	defer					MANUAL_RELATION_REVIEW	词形归一化后仍未命中；本轮不自动重写	af1457afde594edd0fe65e357d92ea4b1d2eafe361144bdd81697ec251a47934	2b6dad7362b2a830dbf32049b120e16431b2c70212fdca4c20060639a1035a4e
word_a3b5d52fc0dd	accessory	keep					KEEP_FORM_VARIANT	合法词形命中：accessories	02869c8a32227f9f2b7be3cc98b3ec37895e78e88a7107960f9a0d4229b1df98	2304aa37bde25fb08947921b8e08e717b76acdb326630be646ad8a6ef3fa96ea
word_f2aa7f247eaa	advertiser	keep					KEEP_FORM_VARIANT	合法词形命中：advertiser, advertis, advertisers	57946a2d8c6bce72f629a816221ea5e0b20d3cfda55fdaf33f83216c693d023f	600c3601d52f204c42e226638d04b649808cf5819ee9330b468b1f3c4fcbc0d2
word_7a2e765fc45b	airfare	keep					KEEP_FORM_VARIANT	合法词形命中：airfare, airfares	d05a0bfbb57a25c4a67a8d3a3b8facd1547cf3fefc722b511b6a00068de0ad1a	f7fa6802941b12aa0861af6c29ba40c8b76e438051d66e7e9ebf0fa2c242e25c
word_d0c505b7928c	allege	keep					KEEP_FORM_VARIANT	合法词形命中：allege, alleged	5a0f7dade44624f0f281642c70412fe58d7fac08facb2bb77ce7290dcf93c1a5	43c8352f2e7d027dba32ce66b30222f76ed754f927a6c15fd031405439d9953a
word_4a80f63cd9c8	amenity	keep					KEEP_FORM_VARIANT	合法词形命中：amenities	6ce275cbc5f9479ab12bcc5846db1fc52241c4f3ae44c7930f0dd85bb1fdb4aa	cfadfd338525077d74fd09effb3917d5b52cf35180daacffab685b6f79998751
word_4085c1087ba9	attendee	keep					KEEP_FORM_VARIANT	合法词形命中：attendee, attendees	6940c311a7b0645986f3ef1191b829240fac96190ff4ae822a2a14952bd05dee	3d81816acf4fc43a9702855293ad34434ea5f9e60d7ad0dbfe41859439f8964e
word_894fd793628b	authorize	keep					KEEP_FORM_VARIANT	合法词形命中：authorize, authorized	fc7bc093791b441b84c05bd7c11eaa6259d12207e51ccb38dab1a21cdcf87474	fcfff7c0d5b5f21c6f301f97dcb1c972f678943e3a83ce8b4ea24c436a747a40
word_b04b8d8af823	rudiment	keep					KEEP_FORM_VARIANT	合法词形命中：rudiment, rudiments	e085d4812a03e4fb24043b79a582a3edda47885649b767508efed6b84a68aed5	f2286ac3de428062e8a918eadcf2f530e9fb90fbff8c5c84a603efe0d42f06ae
word_241a06b12cec	bean	keep					KEEP_FORM_VARIANT	合法词形命中：bean, beans	2d5eaf8300959f751db868c1b35418f8e4e137d9ef447ab3d9727d5a25969fcd	fa75a6a957c2777ea29e15f2b822d24b37b1326ee9f7d36bfedc8e1ee641e00e
word_b4e594cb16bb	beginner	keep					KEEP_FORM_VARIANT	合法词形命中：beginner, beginners	391dfff32fa4c1c61b334cd535a5e57d197877119de23264b8691cf992ad97d3	5c681054975826d21b0cd6977fe7ee44c3dcc6844d95a0ee80956dc335284e10
word_95bb40ae31c7	beverage	keep					KEEP_FORM_VARIANT	合法词形命中：beverage, beverages	ba3f57d8b1d32b593bbd507d349b668525f522ad37774788ea7f03b7effb5bb8	c12341eed7c472ce9a245ea3b8b0ceadcbda08fdbd41e37ba711768e5e8785ca
word_4a2fc953f5b7	bin	keep					REPAIR_EXAMPLE_IN_P0	已由batch-p0.tsv人工修复	b4a8cfcce0cd85324ef203c58b92e1767bd402b12cdcbc6b65140a6f86e31fa9	90d114c804ddc66a4ca5923b29887a0d935ee5d046e4ef14db12e533e71f4669
word_05897f90c1f6	bore	keep					KEEP_FORM_VARIANT	合法词形命中：bore, bored	abdafb13f8efbb192f83ec2594dd9ca4b14b916b2048f92c749e169dcd572cd1	c2f720aae1ccebde2686d6413e58e0285a9701cffc6c87a43ce026bec68d7239
word_0b0b5cb054f7	brake	keep					KEEP_FORM_VARIANT	合法词形命中：brake, brakes	7f7e8e13d1e086b228b1e2a91686c78d018615a5331c8863ed5657c796dec4f2	5011652d0913c1c73bd6e24f3e5a42751a82ef356234b0943e8ccf8e7719a136
word_747443108a06	centimeter	keep					KEEP_FORM_VARIANT	合法词形命中：centimeter, centimeters	1b84b44cfb8c78b464f4cc2f6a0b5e495db1af4410123171cad3c94b6db74e45	571178990973e79729d0c1809e4dac8f44b9aadd75026bae0d792cebc6cb2779
word_2dd11b27a1d2	certify	keep					KEEP_FORM_VARIANT	合法词形命中：certified	5550a15083f9570bfec0009daebc025c1b3a3e31231de24d4b32b35b77522ee5	1bd6100e37c3bb853c9eb3162f72384c134b5fbafb475f669d54abfab4202a30
word_076731d1fa3e	circulate	keep					KEEP_FORM_VARIANT	合法词形命中：circulate, circulates	a7a9a15d8e2ff9644e7acab243c05d620bc11357fbdd62ad6f96a1f95f6d110d	f5e8989107775c8a94974b4fc36b6bb0297021cdb402f809a04fd043469e3c6b
word_39279de18827	compensate	keep					KEEP_FORM_VARIANT	合法词形命中：compensate, compensated	33d249fe8e46f899b47d0e96ccc7078bb5907cf9bca53b1ae4047fb26f654ad2	066e840da912bf8727b764b4f86e0170fae0600274e3e20131dbb53da2d56f5c
word_6413a0e07f44	compile	keep					KEEP_FORM_VARIANT	合法词形命中：compile, compiled	4f899fa72e852237412a1f2b00a5f7763bf9bde38fe2f18f5b5cb520294bf5ba	05d53af740855bad90df4a4a7d41a865b6234d1bb4fbab1c18bc4752a688ddb3
word_454f99c68891	complication	keep					KEEP_FORM_VARIANT	合法词形命中：complication, complications	23712ee7922a205d827f0fe011efebb7b427d71510524f3d5ad6b531ae8c2989	f73310521a27144ea92a93d6212d6a76aa685c7d6d60fae9406905b06c74a151
word_60035526df29	compliment	keep					KEEP_FORM_VARIANT	合法词形命中：compliment, compliments	29c99c71f9442ca150e98f0b2645020e467505cae3ed6f9f8f50bf48eb04bbe7	3be4f456c4c377101e16baf9742b8eac002004de925a7310b020697f781806dd
word_6afdf3bec400	convey	keep					KEEP_FORM_VARIANT	合法词形命中：convey, conveyed	c4b527029c479547066e556a47cdfe56240f0eef734663f421c331db9a72e9ee	308d8083345cd6185a493576dae27283fcbc5053704d34959f715ef96177b0b9
word_c3f79dfa827b	coworker	keep					KEEP_FORM_VARIANT	合法词形命中：coworker, coworkers	5748185c1f6f421f3f31c1b372a1ee16c2179c69c6860a99a4ae137d44c3c2eb	59bec07fff2a17029672d4c09492b6cca2aba5037930591512b31c34f5f804b6
word_fee1d0b08206	dedicate	keep					KEEP_FORM_VARIANT	合法词形命中：dedicate, dedicated	9f4dcccd1c68c932315d009f79e50f31b3a046d3abc51ec6c31256ee8376ac12	cab4519b40948b1907447bb6b8890dfd42b4557a182eee798b82f0286415722d
word_f7db57c12d77	deduct	keep					KEEP_FORM_VARIANT	合法词形命中：deduct, deducted	cb0bf5d465897d6114a44c510b62c97d76c8f11b679d314cdbbb29430b4000bf	e9f4194e1f17db138c0f59a5683b35dc5debfadd976ccb9d4f60bd08c35ba1d3
word_57365a4f4548	delegate	keep					KEEP_FORM_VARIANT	合法词形命中：delegate, delegated	2028a70d6770e7fe4f8a3079f4fe16cfaed0f8ceeab4e78f913b4784e013ff3e	9f957fb393ebb0e5fc76dfd279f53fe21c5eaf9d9ab040432a2f94f7205ff745
word_5dde940fe512	demolish	keep					KEEP_FORM_VARIANT	合法词形命中：demolish, demolished	889494f8e55eb7eb73606c9f8df5e317aec7579863d97f35cadfe5b81f532014	dc6e4834edb1f96bef9f27e2efe2dbcb96e926cc4c029ca3bcca91223af843e2
word_c865beeb557b	depart	keep					KEEP_FORM_VARIANT	合法词形命中：depart, departs	b819aab3b4b26e8dc12c6159d3102d67efdb312006af0a42747d52b966725ce1	b1d533909177ee992f304968d37065286c1b5335216b85fee5de5c0cc434e53a
word_d8731403a059	devastate	keep					KEEP_FORM_VARIANT	合法词形命中：devastate, devastated	4e07446663650125a5b59f4f296472d1011be4a7ed0a58b943bf124fc644b56d	636334a61d20862ba582830c42ad558123e1b5f6244d626210f4446cade4e5c5
word_f5100e4ec24b	diagnose	keep					KEEP_FORM_VARIANT	合法词形命中：diagnose, diagnosed	c3fd6d2dfc00158bafddaca0b3aacd0085341e0eead39aa9713edbc5ff2451d5	c3e071bf0410dd5adab3ca62957578e0a647e89227c8acbed29aded43d0a3253
word_762c2ea48283	dispatch	keep					KEEP_FORM_VARIANT	合法词形命中：dispatch, dispatched	264b948cf72ed740785246603e91353981458b08a2ec45e9eb4b9170fad17982	9706c490edaca277ad2d3deb2cc242f66e168c5f4e17b117f1ef90fd33607ddc
word_4eaa7b12d0d5	disrupt	keep					KEEP_FORM_VARIANT	合法词形命中：disrupt, disrupted	1e0cbe67f2877fb355187e3a997e065ae29ccebed5e5125fda3959a9c8bce4a2	e0fd363ea9083843175331a9b3f3ba0b67be021c99dd6ba6782c4028ce085724
word_05c1fbe7683d	dive	keep					KEEP_FORM_VARIANT	合法词形命中：dive, dived	d273c0e23044e07291e4a4c19208f9511d3afba6ccfe615e20c199523eb8613b	368852f62b77df1046ebd6f89567cf600d462e0c50a6fadcbb03dde843e46b3b
word_782a519c393d	downsize	keep					KEEP_FORM_VARIANT	合法词形命中：downsize, downsized	71a646e9640ecc8ac27b54368d87bc7753ac2c32251dcf71364fb1945abaf9ba	b990fd4291c8fe72c2d21c3262a9d769aef6134043d12c446b1e51c2c0b2af5e
word_88b9a6b079ca	economist	keep					KEEP_FORM_VARIANT	合法词形命中：economist, economists	f948cf644c75ead07c43d8552b2d6e5db8f48db9f3c453e15ae467c794be35b8	f0f4101b4de2aa3e218eeca163930f6115bb50a5486f42bc24ef948064edd3eb
word_e86d40915fa9	euro	keep					KEEP_FORM_VARIANT	合法词形命中：euro, euros	96368c3fbf1f7b93c94a4e1bade3397e9032ebff4a76572a92c35cf80fb1a1de	b9a0b037392c84fc6b02f62601897f9014ef2206b1d3e1f51493c829ed4a5158
word_b4e557a7d870	evacuate	keep					KEEP_FORM_VARIANT	合法词形命中：evacuate, evacuated	62676e7d225763369c411770496372b11602e3fb7d2468f9323ddfdf751f1dde	04b1aae7cbf46f22f9f5da45407f81c33f94b9f24638e170e0c18df1ae21bf57
word_c2f1d7188c49	excite	keep					KEEP_FORM_VARIANT	合法词形命中：excite, excited	0884005f8c5a5cb2d1bed48349f7f844db545ba305aab88d7f59d149110f5ef5	a91c8a75bf84f3b00eef024a627218ca01b707e76e3e73428eab0bdb9de93f28
word_c985ff8f2a43	fax	keep					REPAIR_EXAMPLE_IN_P0	已由batch-p0.tsv人工修复	363e4d16723bdeda3e4c7f11ff94a9e1087d25eebf41b7054fbff4a61f935451	3d923825fafe43c6535d12701db4cf635a703bbd973434f42c55270f8f51ec53
word_408cfab0117d	firefighter	keep					KEEP_FORM_VARIANT	合法词形命中：firefighter, firefighters	c73dc336a9c2272ac2cc98499747a026e2735c6f055ddfcfcf210525ee2aca3e	1dbe7cc2bf45b16c841f9db0f93198ce08015248c2ac4b9072ac8b5e3ea50309
word_c9aed4792b79	firework	keep					KEEP_FORM_VARIANT	合法词形命中：firework, fireworks	16b4e5976275c8cbf10f44667db5812bb7c7385f4b19b28329f9942e52f4351a	70260487d832ca514527246ce2550cc19245732163dcea61fa61d1c851e4d3bf
word_fab13728f2a4	fixture	keep					KEEP_FORM_VARIANT	合法词形命中：fixture, fixtures	81fa350077e55ae1856b7401685481d5e86507959981c75eb2feb31490f51856	4470905360e56f2dacd43dc4fa8f6618363912251c2429f56ffb0e8ab74b68b8
word_3d572e888ed3	foster	keep					KEEP_FORM_VARIANT	合法词形命中：foster, fosters	dc6b23bcdf7eaf2f8414edf9b3b6982516cfe7c45f3cf862a0c66d40c82a72d3	846d8ebbf844f5eb91f3803ff1bc7f7fa359abbf4567bebbe369c871bfedbf38
word_cdef6a0b362e	fulfill	keep					KEEP_FORM_VARIANT	合法词形命中：fulfill, fulfilled	fe0e2a62b1598f48f73022b19867f188ea1d1d1e4ddb0e0fd2a5225ee1865716	77fe06bbf31f8bc156e584d5d038012862dbfb4b2db504c4a39a2969bfd06a3c
word_f8a08dc0f207	gallon	keep					KEEP_FORM_VARIANT	合法词形命中：gallon, gallons	3c081e57fbed3e61f95461b048f41dea52b8e8edf250641b1af09ed73ee4ac3c	b25ae7823384dda2ff668b94f868dcf8ed40b81d509c7f546b14fe3461833e84
word_a01c5dafcbd0	gram	keep					KEEP_FORM_VARIANT	合法词形命中：gram, grams	9441343487a2c4f3b56830b9005db28433ce27de47f42b3ea90a4e417827b26b	722391409669ee213bccc0dbff905032d608a30b8692495180d1adaeb46df63d
word_b5eb2b272dab	headphone	keep					KEEP_FORM_VARIANT	合法词形命中：headphone, headphones	d9d1fceeec7d2a1820bff7bb86184678e9467b7eade6d06f6f672d61676bb166	7559fde08e7798cb91a51663814b39ee81a3ce80da751abf0303b0dcdd83d042
word_435994ef0730	homeowner	keep					KEEP_FORM_VARIANT	合法词形命中：homeowner, homeowners	67f001e918e9ce2b51c2fe247c4418551a1a3906263dd1362f44056bec8ec485	cc7d77765822492bfb6cb678032a694ac5392e94266daf806945ab9193e94677
word_b3e046773ad5	hotline	keep					REPAIR_EXAMPLE_IN_P0	已由batch-p0.tsv人工修复	baaceb3c4567df3b5698147757a2400e083e2be19d13975c5a9103e4f4d2f0f3	2c51f75581f4eae6959020d786ebd5e8989b066785bfda727d5c6d11ab477efb
word_c65f7e5ec514	housekeep	keep					KEEP_FORM_VARIANT	合法词形命中：housekeep, housekeeps	f77782308f7aeffa298e0194dc6a9fc155b1e2b4dbc97561f9f41d3cee193320	9c54eff61f7df04648a9df89cd508770b28a06be1cd2fcea3440dbb0ca2b48b6
word_59b503795752	ingredient	keep					KEEP_FORM_VARIANT	合法词形命中：ingredient, ingredients	1d1160e4818c603a63f947c7bc6a34ff47266697aba881eced86a01d75f60f9a	04ab0355e03eecf294402fd23f0b2b0ef9dea38249a4c41e0e2ca5d9edc6aedf
word_66c869cfdefd	ink	keep					REPAIR_EXAMPLE_IN_P0	已由batch-p0.tsv人工修复	f01c27cdf3a3416554b167ef14fb35a9946bf0e1bb095e53ae33914565144d58	e08650ce95bf698635c607ed8fae22fed4997f0123de965efc9907013406c2af
word_6acd5be697fc	instruct	keep					KEEP_FORM_VARIANT	合法词形命中：instruct, instructs	fa51db24e0dd44b1f466e47c7b9c664b01d2cb5444b881ee9a7b3a10466bde78	6dffb574084968d3cf8869e163834e3f4135ff10fdc26e78519d92bd867d2b38
word_bb44f8d30564	hireling	keep					KEEP_FORM_VARIANT	合法词形命中：hireling, hirelings	d7f07e79d98074243a430e770ab234d048d905567e83c96e3b67725569046d8b	30516af012366d4184dd10245735c6ed4c3e53fcc2e13fc9ea5673da03f0dca5
word_dccd1c70e9b8	kilogram	keep					KEEP_FORM_VARIANT	合法词形命中：kilogram, kilograms	571a8fd4e81078075ef2e6568989dedbba777a920446e0a73a70fa10e7b97f14	701faaaf9fbbd17b2eeb5149a303aefa48d0541ba9a103ff8db5df49f04cfde7
word_aa60eee2d0c5	listener	keep					KEEP_FORM_VARIANT	合法词形命中：listener, listen, listeners	af5a4e0ed736ebc48368966bd51f7f65f9f5b4ff66aecb0c3ff86639f55ab87d	90d2def0b4e1e2e26bf5301e669184bb54e526e9dd25e6408ca9ae99ba164bc9
word_65ebea085caa	misidentify	keep					KEEP_FORM_VARIANT	合法词形命中：misidentified	443a79d31ca6ad3f44d493b468afe4ad3ad5d7b41d8730bb226f01f3259515ef	2e6199ee59d89f9425bcff82abf21d11bc7fbf3d4c9a352111d7f0184e2a6c64
word_f086264372fe	mislead	defer					MANUAL_RELATION_REVIEW	词形归一化后仍未命中；本轮不自动重写	4071c38a2a5499cfb7e72020badca30fb6285c9191f53e444f9c25b20c94cc03	2024ee5c74d177150d8feb5c3b718e1b4f3147e5a879c27615e38141c24c40a6
word_fae76730ce5e	misplace	keep					KEEP_FORM_VARIANT	合法词形命中：misplace, misplaced	b5cb0fe331dfc297b048cade93a933ed2b003a8dabeb47d234edc1fd47b51eb4	0836f3f0a1ce9c487d5b40d0802b0df9c3b5d2ac742935f93516ca8d73800736
word_557549f1ef16	mister	defer					MANUAL_RELATION_REVIEW	词形归一化后仍未命中；本轮不自动重写	d3eb4b2e625c204b4f03aa63f84662ce32f406615669c4842fde37291c9cead8	9ceda04a6820752575049b3ede7c74a2e3c822e30fd4fb0fd0fdf6b892aa29e7
word_debc7ee5e8dd	nap	keep					REPAIR_EXAMPLE_IN_P0	已由batch-p0.tsv人工修复	6ea7396e2d85c7994eef004e66eb4c8680b8adc1965ae31a621e89b33aca04be	db6b9693055adbe77945bc5cf19975b96c70f9dfd32414e59d8484214020665f
word_b8d270975b15	nominate	keep					KEEP_FORM_VARIANT	合法词形命中：nominate, nominated	2bf84ef1bc0e1e975253ad960cae33347a1483db58e8918efc20f74cd658cbf5	7eb8a9213f4bcd4b4e8c1063d442b8033ab23e767544b157ec146c3bf22b1e10
word_ef2d461faf70	obligate	keep					KEEP_FORM_VARIANT	合法词形命中：obligate, obligated	1725d2064f72f9e4739e5ba20bfd25c61d2bfac941866180ff83439bd3cf2762	978701d011c2314fcbb66c207c29304715d7e3e689c3fc5a7d4832c946d8a7b9
word_da0cdabad209	occupant	keep					KEEP_FORM_VARIANT	合法词形命中：occupant, occupants	95222e78bb652c6cc1ecab2a329f3a9ca458c024981938da780a9a13ffd9b3cb	39b42b5256f6c041e699e4750b4e032252ab408670aa7b8c9207bbda6141fb93
word_2b595e249c5d	overcrowd	keep					KEEP_FORM_VARIANT	合法词形命中：overcrowd, overcrowded	c03fa28fe015ed70927b4ebd11df6a4536f05d5c5c5364829d05aae31d6c77f9	cb28a3546159c7fd483185d4f48321689d995d50d29afcf92b4e976703ad7e68
word_2cb7ce7bcc1f	overpay	defer					MANUAL_RELATION_REVIEW	词形归一化后仍未命中；本轮不自动重写	6af814e5d4c4b1b4bafbdb16182c741058c221982c38bd226786350e57d95da3	193dd55b63a57f9b3f3a9dcce08c5aa5a2f4619e601699ff2614b04f4b358a69
word_88fa8919c305	pant	keep					KEEP_FORM_VARIANT	合法词形命中：pant, panting	cbf03d3d4aad5d3fae1b342d755786ab056cb2c8f7a093b2a5d656ec9f4589c3	f71f9176ead55f0996f4cdd105da00bc935ff9e0822861ea7c2c297d522c8570
word_3b8c15e6d4b8	pastry	keep					KEEP_FORM_VARIANT	合法词形命中：pastries	9f5f09451315cfa277c4f386739d659694d5be7e13c88b39d179ffe3cd69c965	ad56bc4e1b88b173b72129ba4fffa23eb7805926eb7ba7c225b4bd6527401f5e
word_dbff5d1a594b	penalize	keep					KEEP_FORM_VARIANT	合法词形命中：penalize, penalized	f9649f9a74da1bc13765c16b04add34e37026c2792e96549c197381208e392ba	26b9c9035d5336b0717d2638c65f53ea952c34dd8baa60a5c7be785cab50743e
word_bcb2ea95b444	pie	keep					REPAIR_EXAMPLE_IN_P0	已由batch-p0.tsv人工修复	37d5c24d39fdd2c4ea9c2cad01bb1838ffd3511dd4ed4ba6c229877fcb6d6927	55a213ad567fb52f9bdb23009d2a9bacff1a0acbe433d64019d279c180ca53c3
word_4421187c134e	prescribe	keep					KEEP_FORM_VARIANT	合法词形命中：prescribe, prescribed	6dc5508870b9e5c6b27a524b6988c2930e7d6d343063023e49817fe15fcd5f27	dfac2ebb1fa58898916a2b849bf527bef44ae95e42b261a8ec6c63817d80c9ff
word_db27fd926afc	prohibit	keep					KEEP_FORM_VARIANT	合法词形命中：prohibit, prohibited	ce653f063300d0062d96fc7acdd55e5aeb319727a92c7e59d6efbc8a3a594c0c	d3baf70915a96d801d4044be2adb9906488c239fb9627c3c9a5ef80ebd2eb06e
word_73a93239d7cb	publicize	keep					KEEP_FORM_VARIANT	合法词形命中：publicize, publicized	42723576709e44b64540bc4959c45dc92662e9efcaa1d758a778b92785f327a9	dc41d241379f96c40a509d65f1756fb41e5b7329d2cd3c219f3a29c5258d274d
word_6db49d6bce48	pump	keep					KEEP_FORM_VARIANT	合法词形命中：pump, pumped	8edf4497db19f9f783441ab4b955e25ff60ae2f21d46194a10fc71d7f87f459d	de41939362eb67390fb2c6ea0b5b2e42c4fa5039d19e584417b802537450a289
word_17093b88840a	reassure	keep					KEEP_FORM_VARIANT	合法词形命中：reassure, reassured	aa5918ede54fb06ecd36147ebbda7091e2d1954a2b6482e1d9947d1ee7f5de68	a39bb33f9d5d351e014cea4bef67edb77d8e2df5505813f66578100821a0c074
word_c75cd704227a	refreshment	keep					KEEP_FORM_VARIANT	合法词形命中：refreshment, refresh, refreshments	d1bbe182b107f01d57367f6284c7941c299946868e8d6429d22f3c38439ca0d4	7672452719da9c2990d5f46aa311aa27e18a06afbc7e5f82e6b644c280576d95
word_bb27d9689472	renovate	keep					KEEP_FORM_VARIANT	合法词形命中：renovate, renovated	07b3458b2720ce51bce938c5169357c6e37997f3242aa07b435780d36105bc7d	3b29db53e02dc5940b9df7dc7d92a7817901a97530b27928166dbadf14278f5b
word_9e50ac7d597d	resemble	keep					KEEP_FORM_VARIANT	合法词形命中：resemble, resembles	3c0cdf6cd30a678398bc706a297e7aece7b6682ef09999c934d783a5239b6435	30cf909177427bb84e654e9c259790de71ad9a34e4a85e0a2c67f5beed12087e
word_e511539f39b1	revolutionize	keep					KEEP_FORM_VARIANT	合法词形命中：revolutionize, revolutionized	f3e8918a7dda16235db7bb1bc714602e5f493e9583959a315b5c2091741a4a8a	83e90c85741ab084c1ef7f7c7bbbce76ec8171a7593f14d2daeeb7eab0a1d124
word_d0c60d8ad10f	sanction	keep					KEEP_FORM_VARIANT	合法词形命中：sanction, sanctions	58d19055e0d5629d87a0c8a094d0be9e83aed5bd130a5c17102aecd0e391265a	304a912e13eae8c1b06fbe19e1f7e45c06c0cdea34e1f1df33efe692d70e2ab4
word_3a10b25289b8	scare	keep					KEEP_FORM_VARIANT	合法词形命中：scare, scared	df228999966f37a310b41131aff98d6a589c977171318711b7ea9f34470d4727	60fe14c581af2261c38d56a562d23df4b1d77fbec38d5a8dd662d75f12849676
word_5901689f338f	seeker	keep					KEEP_FORM_VARIANT	合法词形命中：seeker, seekers	8633572d9358ec61a58d75d45d8a06bb0c57b438f44889fcd7e11b612c0e7897	651b2fe191db0e32418be40b337538020f669d10b9b03d8f738b0cee93ca2335
word_719c8b6b9b91	sew	defer					MANUAL_RELATION_REVIEW	词形归一化后仍未命中；本轮不自动重写	34f916291b54ae77463e76ba4fe732ecf8841b42d473599166d63d34b12c2c4f	342c74ec66491ef15f1e83e29f0367109c2d9a7e07c8bedc4931fdae38cbc7ee
word_c33efa283367	signify	keep					KEEP_FORM_VARIANT	合法词形命中：signifies	361be1ec28a6eb7f5c5157d23c37612bbc7a7c05fb940c83f41d29a93e317d07	f9719210a3d2f288218294be2c47d36576897054efa70d64cdfba9b2882bae70
word_176a2c39dbc9	sleeve	keep					KEEP_FORM_VARIANT	合法词形命中：sleeve, sleeves	f040c74cd18b5d4b8096d464c0cc6d0a4f132e78127fc3fe928825b73c9fb4b5	219e06daeb72f920acbd1f1958212f782b406e99af6504c3ed12fe7d0842a0c3
word_25c18e4b6e5f	soar	keep					KEEP_FORM_VARIANT	合法词形命中：soar, soared	444298a0087d2c97a658f1832fcb2803205e308ae79ff91c3eb0f9b1f0ca7e9e	e9b51866492d32fff23ac34e3631fc9f02ebd2d18367ff6b33c861475c2069e6
word_4b0a02d601e5	reignite	keep					KEEP_FORM_VARIANT	合法词形命中：reignite, reignited	ccc995b1b8f268fe03b612626352a60966c7bbb9936518401d5b0d5c8e5b16f4	555ebb02584406c32d8c42a411ea47b51c5de79d70512e9e0eea714f690c556d
word_a7d679f56567	spectator	keep					KEEP_FORM_VARIANT	合法词形命中：spectator, spectators	d97a8fe6b5725ee7feb33dd506f0ed9a70f786b6187ab271eb05dc47ff72366c	1fa38ac976656ef49dd71aca599e1ed7990afa775a00b8fef60b422990530530
word_02f6abfe8b5b	spin	keep					KEEP_FORM_VARIANT	合法词形命中：spun	5ee28b69c978809ac74221762960b45bbdf85fe6bc9fb74e5109230afec13e67	a23195b48bd2b7334ceb06d4238c815f50bd3fd57b0add0ac2be486a6a5a6cad
word_9e73a02174ad	spray	keep					KEEP_FORM_VARIANT	合法词形命中：spray, sprayed	c326a71e7835d5455854616b92830a00b8600801999e3d929afd2ba24fc41c1e	79cea6f204673d2f3e27530191bf6883978120a64a815fd35bb9dc9eb501b078
word_b392543c379d	steer	keep					KEEP_FORM_VARIANT	合法词形命中：steer, steered	313b0e205440880003afd79766259c7c232ee901d10e86372810a85f1b0cf19d	334adb6b28596ae2abc62ab5240a96c8ca5612a489ab55f2a650b2e178e3116a
word_6b24497d6944	stem	keep					KEEP_FORM_VARIANT	合法词形命中：stem, stems	df3adfc177166d8c199fba43ce940db016b41a8f7ef7c6bb9cdbeb7ffa3d0296	1f6f2ec1de611083f3cc8099e4b3604769fdae63303d78b71a093c21338a2fd1
word_291586bd14ea	stockholder	keep					KEEP_FORM_VARIANT	合法词形命中：stockholder, stockholders	58d53d824ea50a92daeebfaa40b057ae23a5e7c5f7b434bf1afe13298433c255	a48da483ad9548a66c21d533fe08553ea29ee84b553768550ffa90bce27df3e2
word_228ad316fd71	streamline	keep					KEEP_FORM_VARIANT	合法词形命中：streamline, streamlined	61f48b65319db76591926369d33616b4a5baf05b9e2010b5c736ecf765b924ff	5070a9530536cddf0872a980206b3b98aa856417bef64c4dc4e367def9003a4f
word_11eb01d7f92d	stripe	keep					KEEP_FORM_VARIANT	合法词形命中：stripe, stripes	5806ae951cfd0ece194166314d18f42906165977412d1f5e3a6721b55c298123	bae76207058bd96c7da83504d0ebaab209cf87b0183446b91caef84d706fa0cf
word_598f195c84a8	subscriber	keep					KEEP_FORM_VARIANT	合法词形命中：subscriber, subscribers	da110d1337c6d70a2bdcf62f31d8d9eb5498257301941107f2d59c5f535be63b	d668625ee388d6de304a4f0a4334bd2641575c8964d139ef250b4fa7379f7d53
word_adca1042e456	subsidize	keep					KEEP_FORM_VARIANT	合法词形命中：subsidize, subsidizes	0b751c0fe92bea94a4165f55385f154c407c6e3aee47e75583fd8070724b2a33	dea310f9d8ad2d4a643606d5479e2d0484b036afb1cd494c86662a9aae0bc9e0
word_62d2ce1960c7	supervise	keep					KEEP_FORM_VARIANT	合法词形命中：supervise, supervises	6939c06376d8b90e8e8e1917be4022c6354491a56a97da9cc84414d07b1796b2	c7fbb851cb35d0a53a1ff920311ea39e4b1c86cd28120795b5e33f534e9fdbad
word_67019f1f255a	supplement	keep					KEEP_FORM_VARIANT	合法词形命中：supplement, supplements	a8a2f50705447914defd97aba341498babd2d020eaf49f1f29c82749505a5330	b287dfd0f1643b241fe32098c6959269a4631aca390c5cf673b29caed03268b9
word_ecdc67c51cd9	tactic	keep					KEEP_FORM_VARIANT	合法词形命中：tactic, tactics	d4ea130ab00d443deb425ea4196e205b9798addd0a5d7ad7d0835428b68cd87f	2b894ba1a82656ff7b99c71add378bd71ef1a528767d22d3f0f8a7db9a0ade72
word_8977069bcaf2	tailor	defer					MANUAL_RELATION_REVIEW	词形归一化后仍未命中；本轮不自动重写	ca1f48f22ad92fd19675bb2c77101c426354d53a7944f3e7f288c8c4a92865d8	aebc14cec39881b1638328086a6984fb932d7835b950f62cad829b0a6e480518
word_384112247f94	taker	keep					KEEP_FORM_VARIANT	合法词形命中：taker, takers	7a9bfca9fe4b76c8c80278dcf21511b4d5169db463f06d9caea95736690e103e	d45c3f65bd88275bcbdc5ccaca6289edb66d1b42d4dec96f80ed84d8d84434c6
word_b1d4dfc3bddd	teen	keep					KEEP_FORM_VARIANT	合法词形命中：teen, teens	8439f1c380e1042bca5a02714771f52ecf6c764638b28ee5abd54b3330b36380	7b1236bb0736798142cac508b98648d718045cb8c439807fb714b4e1339cf07f
word_a531d181f0ea	tempt	keep					KEEP_FORM_VARIANT	合法词形命中：tempt, tempted	c06539474ee0bfbfc8a28c0ea3a59bf5bc09cc7f7db753f71a455bee9d1b5b53	0f4780a7851dd67d0f7f066598f06dda7e0fc98fd6490d2d1239fdb67fdbf39d
word_fb0bd6257753	toiletry	keep					KEEP_FORM_VARIANT	合法词形命中：toiletries	141d16cfff7bd2eeb42491c134a8a8fce037cb8946eb8e06d18c820828406b97	fc97dc7761425b60db2e2254d4436193fe46be27122875e8f78d9c1916c8a869
word_bf288a508668	tow	keep					KEEP_FORM_VARIANT	合法词形命中：tow, towed	2fd8445831c7e675d9eae5da660fafb934936b97426ac6e50fd3804d5b3295f1	520fc6e387ecd12d9317e1a131bf42fa71e0742d1b242bc30e5cb0b81642beb9
word_7d1b172fc6f0	trigger	keep					KEEP_FORM_VARIANT	合法词形命中：trigger, triggered	c773f0e6e32251533807b1bd7fb5fca6dcbf94f4c4242ce837920bf16c2f1251	c8614584bdf0f496c712e3c68249445ce8f07ff906fab026bd9390076dae0ec8
word_8e23682a2cca	underline	keep					KEEP_FORM_VARIANT	合法词形命中：underline, underlines	5d32a4a9edc1a757d147408f43553dabd17d3555296f2f510d7518f58a91b787	54e0e29cb8f3700d2c26a4089df2f3092eb56750e7c1b830ee856a2ed6e9246c
word_f2f452c38381	vend	keep					KEEP_FORM_VARIANT	合法词形命中：vend, vends	344860ea9382d17448cee51755fab31d0f536623dc2fbfe5efe93f4cfd3b4639	6ee70c8351c9d1e4c74eb7753f0af48e4555ed37b82194f4d55d61507472daac
word_df115d2776c1	vitamin	keep					KEEP_FORM_VARIANT	合法词形命中：vitamin, vitamins	cab182cdd34cbcc2f6faa050af9c9375bb62ad205048a4922e3044dde4abba1e	430ae9b7c69df07022ca5ef907403ee914d6e504cf775ceff9972f4c1d97ec5e
word_9ba40dd177e1	waive	keep					KEEP_FORM_VARIANT	合法词形命中：waive, waived	aefa4ba588b87c72a538fd2102506856be5620022b9b03a636ad0a1106f9d2c9	9172dd7a835f8dfe87dc75bed824b3d4c18fd2205e4f07b50087258095685885
word_c1bcd6f964f6	wrinkle	keep					KEEP_FORM_VARIANT	合法词形命中：wrinkle, wrinkles	8c7dc5e80a78542c9748548979c43c3fc05237e63c5ef683d0dd86239101b846	e8d816c156c06dd88338b93a4ccccb96884b8f8e98a0e4e7c7f1b6d83ae34b16
word_a448f6a88353	buck	keep					KEEP_FORM_VARIANT	合法词形命中：buck, bucks	275a1e65b0734df2963d17340f914d9a623a7f2f5dc4f993e950522958da47f5	3d1ee7e1b4571000b6d95bec5126a767ff3f204fba17958f43e83e76fe5d4d80
word_e291eaca87b9	activist	keep					KEEP_FORM_VARIANT	合法词形命中：activist, activists	7190d1dc99959cba5aaa62463e309f9ca7278facfebb983eccc4534156cb720a	89d750253240f83a3b1832a89625a7428ccf2e676a15de49e43042f6690a3c84
word_4629fad8173c	taxpayer	keep					KEEP_FORM_VARIANT	合法词形命中：taxpayer, taxpayers	609e191b663ac1b7b99dfd7b4845bb61388644a6a646dae38a98fd63a2195664	c7e5274ce3a3572be860254949da2360e8832b91dbb98fc588bb27c7dc054df3
word_49e0ecebd763	depict	keep					KEEP_FORM_VARIANT	合法词形命中：depict, depicts	1cb21f7ea0b6854b1e2986d43f6716d4e96a1aa98a7ed39d5140a7e31fea2e12	79a998528fd65dff0a70c9fd1aae436bf758b2d5700dfbc65f07567b900b9ae9
word_6c709bbf88c6	portray	keep					KEEP_FORM_VARIANT	合法词形命中：portray, portrays	6c4e827155793d65ffa28a6ee4fed50df8fda8c041b6b0898861146bdee53d3e	3403636af21570e9d6312b99eb1b7f9fd8d12d527ca6e11af6f6fcbba29b230a
word_891d3a7b5b54	kill	keep					KEEP_FORM_VARIANT	合法词形命中：kill, killed	283e52ba2eb140598316c6e914859dbb95b47d311f263b8b1a1ab2dff6603c8e	a9bfe7160f993148547ccb3a68c18a1400518b87fdd12d49b0463527a6a62c4e
word_af05bde6fd27	sin	keep					KEEP_FORM_VARIANT	合法词形命中：sin, sins	6554b5792702ee52302738e3a76f6e9ffd4817a2c3a956c9dec936ecc94f6280	dca20044b950ffeb32ad07ad8ba7a44f9e29c347b9dbb38b9b0b3d4d6196536c
word_4cf01f8773e2	lap	keep					KEEP_FORM_VARIANT	合法词形命中：lap, laps	83912ced9119cc467a4d1abc4314948579312a44d4e4179db8f2f6358b20f873	d3565d0a32990121e3af7d63c81c91747a09f9e4aba1c02f9f7de95c6c9b1836
word_683d1b4ccf0d	slam	keep					KEEP_FORM_VARIANT	合法词形命中：slam, slammed	61ab7f851d42abf9347217c1a03a4aef4fc4814f583b7b4a95d03e146b8f0f6a	a55dfa07f05a65be10354b1245cf81e75cf092f4a1cd1a4292dda2779193cfdc
word_a3a675d5db82	melt	keep					KEEP_FORM_VARIANT	合法词形命中：melt, melted	abeee7da0a86838741bb72d9ec7c0e034635f807d9c68b4142176e2367781336	0250e5fb3c52631e369d8750b4426082b263ca5fdf9a52626741162784c61846
word_b62a3059f212	mis	defer					MANUAL_RELATION_REVIEW	词形归一化后仍未命中；本轮不自动重写	ed7d598739c3f4026f3a1053d5a96a94bcd0c66b155cdc05e06b1cfaa44a01a6	a4ae71753c9f960bf4e2d9480c16458e511be5e93ead69dd3674134737804b7d
word_4f7b8fc11d63	plead	keep					KEEP_FORM_VARIANT	合法词形命中：plead, pleaded	e016b037864e9d5fa4cb84eb5e7e1768da4ada5544ca43a01840141c34c7f3eb	4f711b337f4ff8dacda23c352f54a549a67b7ebd06ed1879f34f7908ca2b08fe
word_8f87ec9c4a0b	monster	keep					KEEP_FORM_VARIANT	合法词形命中：monster, monsters	f3462cd51d98d4d0d8d7588a3af8d110adb5c7fb0ccba82cb31db9f92407fb9e	89b72eebb93149da11a76efa6abf5c105a235d91fab21aea5cfce9fae15db5fd
word_aecf9111d210	rip	keep					KEEP_FORM_VARIANT	合法词形命中：rip, ripped	a9e9cc5a0a4bfc254a1073ad5ba73f53cf5f531c0e6b41dea0ec27d1b6f8d71c	184b6db96f204d28b53c47183265e271481040b4e838155c4d155283d6d9491b
word_1eecff6635aa	herb	keep					KEEP_FORM_VARIANT	合法词形命中：herb, herbs	ef20c9762d41cfc2bb923e06400c0fc190fec14023ff2dabbaee582997c5ef56	9d59d7a33215ad96d3a5cac2c2491c4f6b700ec91b174a73e5a65bf2d7ed94a6
word_922b35cd6468	overwhelm	keep					KEEP_FORM_VARIANT	合法词形命中：overwhelm, overwhelmed	e7931bec88a9de7aff84df0bdccc2bd9bb91c3d344e329a4539511c48d4ceb41	4d4d412d24a93e3194cf9b1d4835b9b096637870f3967f3f37e4e80101b8c0ef
word_53f391726709	drain	keep					KEEP_FORM_VARIANT	合法词形命中：drain, drained	02d0c4227dc783e2c32a0d4d006cc98ee8f2b0b5a5f1ce163516ab6d13e9b424	f89a4a77ffbff1dc01cd3fa3999eb4513d18c939ef17b4185e2a0834dae8a499
word_721399febcb0	suck	keep					KEEP_FORM_VARIANT	合法词形命中：suck, sucks	d002d1c45084c7df79bb430504ec13ded128874c03089f75d01b43af76432363	caf8648a82d7481a44f75175d13eb9a540b219d76d1addf065c888657dc7358f
word_eefb6dfc3d69	execute	keep					KEEP_FORM_VARIANT	合法词形命中：execute, executed	5e3107083094b4209e14955400f6324b4f5a2d871ac150a4d5f92f5fab292497	488a53b75ee8bef7e0fac8a4e3873666a759daeece5176bbd0b329e9932d5d19
word_a8bbbceecf80	convict	keep					KEEP_FORM_VARIANT	合法词形命中：convict, convicted	d257b23e7a92b663ae0ec9bf7e53975870c183e33a0e6a7c9307c06d9e77064b	e3d19fad8437eb5c2213d16076468fb73adc9866d9ad7ea0d14ef2798329df6c
word_72eeab728ea5	bat	keep					REPAIR_EXAMPLE_IN_P0	已由batch-p0.tsv人工修复	0e38c69d7a20aec84303245f90afa6bb61e91816d90789fa7aa854cbf7230fcc	f6776f0f7ae0eb7bbe5dde98016ac0b66619a1e51910e0d5dd97e870dfcf4375
word_6f4395bcd8f8	sweat	keep					KEEP_FORM_VARIANT	合法词形命中：sweat, sweating	3cc19abd49f47e3069900bea0911723a8f1eb0bb922f7e2af68d7dc024a2eae2	f72874cef7c16c811b7c47e4d0dee2681e4445c894f244337fe481b81614a8a4
word_5ca455fa70d8	wow	keep					KEEP_FORM_VARIANT	合法词形命中：wow, wowed	5be4cedd3b1d5333acba738e1ae9ea171c6f7da7068c7e07fb8e94ba99eb8757	4edf4e89a7763db764b76a324af71843f53408812b11da1d99fc04c7ef598a9a
word_aada90d4ec57	bounce	keep					KEEP_FORM_VARIANT	合法词形命中：bounce, bounced	4a45a14887826291885abdea26ac7eb53147b9923425c99bf21c97241c454398	8a03ac85497053e6a10b05757bebaa75b25f025d1da7f02a53f32f70fa314bb9
word_b18cad068808	carve	keep					KEEP_FORM_VARIANT	合法词形命中：carve, carved	84e8af9050369de3164334341362838dfde9e73da47cd8e6a38b012b31eda515	be23e2ca69f381218a92fae11241eaeb9f688b47d6046b4624c328e111ffd405
word_2465aca76624	carbohydrate	keep					KEEP_FORM_VARIANT	合法词形命中：carbohydrate, carbohydrates	723884c1a1e5e54422cf0ed3a03d1fd7b49608ab0a34e79b75c01d48a3aff1cd	01aa66d892f226e8e3201f0a8a23d0955e4bedb518f1f9f93eb57b42ed8ab218
word_6a9c3dc2f918	hug	keep					REPAIR_EXAMPLE_IN_P0	已由batch-p0.tsv人工修复	7c184423c288704329e07260d2a9f861513491a6631bed909211de5bcc381a90	b666e66436c713e35e8136276b6421c56898262cf8803211c46332cdce82070c
word_b5072c0ee3a3	punish	keep					KEEP_FORM_VARIANT	合法词形命中：punish, punishes	6bf343fd9cff682407572e5310fef62dd528684930374487c2f921a6a689226e	260dff10d92da5c5c73c753b4e4176bdc077a6d8138d267b04b31899f45a0f67
word_3ecb432eca34	endorse	keep					KEEP_FORM_VARIANT	合法词形命中：endorse, endorsed	9b994271c01cea92bbff2904f0576df75dafcf77d30f9dd5aa440c6d3eb8056e	3e79218efe9ec25b2d7b7edf7d41f08f0adab5375ee1aa7ba57131d12784d69e
word_29a024f794eb	laser	keep					KEEP_FORM_VARIANT	合法词形命中：laser, lasers	383518bab27a03978c43769308446ddbf6d3869e237aa461f75737fbc2ea54af	c2d274cdccdab95051d3a03daede4f44cf83dec745a03f0787fb2ff5e3554ff2
word_763221c0967c	jointaccount	defer					MANUAL_RELATION_REVIEW	词形归一化后仍未命中；本轮不自动重写	6d2bb4ffa5be47fe4a82c7b19b30bf87b86d91fc15117571461413d8471ab108	e1f5be49931fedf3029aea552928573633ee09bf8db6ea75a6a9b86de5421a1a
word_404efa7e9628	vanish	keep					KEEP_FORM_VARIANT	合法词形命中：vanish, vanished	8995a3e67c7e94451dfea78761f53c48317ec32431acb49e498543f2d63eeb67	4fa1807847e5552abc1b78b6dba6f6b9c688ad67ac410aed144de36af211fae6
word_f872c8cd8e67	confess	keep					KEEP_FORM_VARIANT	合法词形命中：confess, confessed	0295617643c81984b2b97682d51cf9e6aee9d73fa24cd9ac21c9a09a096cfd4c	9640d6deb4480bf1a401f402a4c559bc859b0ad2fa55691a78604991c8bf14cf
word_fb021e916ebd	diminish	keep					KEEP_FORM_VARIANT	合法词形命中：diminish, diminishing	c71d6619048d7a1a05b84b47655f5cd29bb9deb09df9b041f5bd2ac9658f5b7d	a4283900402cabe8feb261587d98f056c7eb47f9bc93ac776faa33926675b121
word_5fc084f94a05	hostage	keep					KEEP_FORM_VARIANT	合法词形命中：hostage, hostages	4317e7211d73856acfbbe76b384912334ded086a80a460ae8b8629a6d13db43d	7383b398387e587f5d42b17b40a5cb919003f8a15497f9f4d78f55584e62051c
word_b6dc12b0398b	stumble	keep					KEEP_FORM_VARIANT	合法词形命中：stumble, stumbled	7ff78e6a7b7ab30ec5541c5b6ac0efcb4f2b2b52c8b75af6ea4f706ff7ba146e	bbb8d29a388eb279e6b94f97d2503cfcd6a74157e31f3d6836b9ec9706819555
word_1cbbb6fd3f70	slap	keep					KEEP_FORM_VARIANT	合法词形命中：slap, slapped	52cb12b218134e8151cb8c97f1f7682974947346f998716c1b34e95290979100	99c0f2a3f96da76dd920c18167184d810eb6586d49de0a808b731b2dc24773d0
word_b5645b2c437c	rocket	defer					MANUAL_RELATION_REVIEW	词形归一化后仍未命中；本轮不自动重写	0755000d127e7749780373feccce035eeefb26b997cfb356851c71a8933371d5	377f3146da170bbfcc8b42404d2b5cbc23c9a2fc7dfbc7b3b80c9d315690abaf
word_ae8e442ba1d3	inmate	keep					KEEP_FORM_VARIANT	合法词形命中：inmate, inmates	d11ef7e602387dd7a0460c8d9bbd812930867b30b18a798674ac1e4de0390024	4528a3aeeae956312a1d91a340d29e42bb9df773379db3863dc3dcc0bb6686a5
word_1ec664471338	wolf	keep					KEEP_FORM_VARIANT	合法词形命中：wolves	4eec39fb4789fa8ff05b221b39f8a78b9664c7b8b41bd60818559bb66d2e1738	78f226ad5fb257477e0396763a20b65e063b8286ed6d56024fc10a5ca0deec4a
word_cc43992ca9d8	grasp	keep					KEEP_FORM_VARIANT	合法词形命中：grasp, grasped	e395029beea23edab139bd612d8592c4109a69647b7dfba236b3b6b263bf1b4e	ad0e6b07cf3c84ecbaa0217e66d035a788582bf0a09afb51fda260b069019e88
word_c9b6f255eef0	haul	keep					KEEP_FORM_VARIANT	合法词形命中：haul, hauled	071b1eb2ca3521932ca16394caec129ab18ee3d5204d48f8553a8550ab1f6a37	b4ae5c7973db7d221a85be928ae33d51391cb128fd0edae18809b03ce1e5fab9
word_2c4d9d02570e	concede	keep					KEEP_FORM_VARIANT	合法词形命中：concede, conceded	400590fe063c4250a611351d2d677de0dd42245cb863d90dd4c28e9e99baec80	a1b96c2d45e78e1bb4d03668ca043bdfedd2c9d599825a0d147829082eba3f77
word_cabedd034611	whale	keep					KEEP_FORM_VARIANT	合法词形命中：whale, whales	10d39b34de88872a9d82c5ae7d46ac02ddebf8e290bee3b806b9291118175201	29caae5bb26d65ee666f342496b003c63b841fa64e2bfc9e36f1fe5c38dbd7d2
word_3dffc494661d	jar	keep					REPAIR_EXAMPLE_IN_P0	已由batch-p0.tsv人工修复	347fdf30ee6a467796163e238275a0560e40e0f879aac1680e58986bd54dbea1	1f6819059b52140f0a2115f4769c35c9b1d2c561982f0f6e084133dcfe04c95d
word_d9263ee0dd75	dissolve	keep					KEEP_FORM_VARIANT	合法词形命中：dissolve, dissolves	d738e2a8c0aca371ec83166dff2f5985310bdbe69b613b665e4ed1085d7f055c	bad61007a200903a43cb420622382cf06f704436e534ccf379522d2088979ba1
word_18e30c066b4e	roll	keep					KEEP_FORM_VARIANT	合法词形命中：roll, rolled	27d1966b991eeb7e762eb1389d43581f862b3ad3ddf1958c830c1806caabda79	fb45f23cb8caa21babfe145071092591e1d2e1f6670480ffb473a5c49fd95e65
word_e2231a2c1f71	crush	keep					KEEP_FORM_VARIANT	合法词形命中：crush, crushed	4feff8e17fdecdb439d8024af253f30bc98136fdccb102bfbc0b1efe6fc74afa	fb0780e56fd371f602121f15451d03ee5d4debc620e16acf5cb703c2840bcf32
word_50c18361c907	scramble	keep					KEEP_FORM_VARIANT	合法词形命中：scramble, scrambled	a737b3c844a6abd1c14f53f543dfea8c476d8166a642bfb80aaea676e179e607	2d53fb8ae88222f0f44124e0b5231696cb72cc982ed632163b45ee6def364397
word_1274016e8840	punch	keep					KEEP_FORM_VARIANT	合法词形命中：punch, punched	d3436030a0a9c7fd234a7af3f504a64d9efd04cebb82b3f8535725fb0c6061ad	651bc19e632ae9a35a9b5769e9d2afeb4115d40a0edbbbf839ce3a2ee76c0fc1
word_132b00dbd843	shove	keep					KEEP_FORM_VARIANT	合法词形命中：shove, shoved	77efd675fc24f904b4fd46a9b0f1d947d1e9b7e886e25e1e30c8aab393d2a9b8	52908761a60df46496aada1d4af75af3a3c73458e4755362a52a4140cf814081
word_29fd4b142608	uncover	keep					KEEP_FORM_VARIANT	合法词形命中：uncover, uncovered	c6fac223e2b687b378bab0e1f72a142d07025db50c85e9250670c290310e573a	9a52fd558edc4c1ce66caf524690f20f9d1c6cb7f5d10d22586812abaa65248e
word_484b6a62ed31	shark	keep					KEEP_FORM_VARIANT	合法词形命中：shark, sharks	62d5b278615ae40005b3da4ecf4982df298814f8e3bdda70941cd835f2d8a68c	8f1392a1066a5a73ad6b6c1b7616fb9b205b98fae2139c781228930cfe363a81
word_7edaa573c52c	compel	keep					KEEP_FORM_VARIANT	合法词形命中：compel, compels	9afcf1c3d733b9e2f2b74340f7d8c304b7b43c5c3e9b8cec9aef19344105a188	31507dbf2e943d7a2cdf8339fee06bae5ab1a6a514fb46a1098f653480ab997a
word_2ba38f0a8ad8	proclaim	keep					KEEP_FORM_VARIANT	合法词形命中：proclaim, proclaimed	5ef29508e5fa873a2d6c79e08b32b9a50d4bfc9f88713d84b4e28077992b92d5	34af493354e672578f7ba2c2f7bf52a52fd0c95524c4d18009153923514bc65c
word_95ca0d830c57	eyebrow	keep					KEEP_FORM_VARIANT	合法词形命中：eyebrow, eyebrows	7ab7fdbbbb17c0f428edc7fb55bbad0349c70be48f913e677ed6d51eb50ff028	1309e59e5fe069e075edeae8de373db3dd420cd94cf2cf40fc6d2aeccab9c361
word_b6d9f2445126	inherit	keep					KEEP_FORM_VARIANT	合法词形命中：inherit, inherited	36be1c326f64c73e6cfdf80798f56edeca89864b6c97b74f04a74a1fdb8bdaf7	5f9352d11416978575e208adf83237007d105f97fc91a4305e6a649212335531
word_30eee4a69bd6	shrink	defer					MANUAL_RELATION_REVIEW	词形归一化后仍未命中；本轮不自动重写	fe2707caa0c242b04c620d5ac170b5b0428ac87ebecf6b1dd6dc0acd21c95b3d	aa98c7b30ca6dc567cbef66801d7af383b9cfb53e6ab352b91f6d5ca6259761e
word_80b3d8f750c7	dot	keep					KEEP_FORM_VARIANT	合法词形命中：dot, dots	7e5f27e7ccbc2e2efe61acde07bfd4393946c71c42f61ac62b55de760c4cc9b9	57b7e5d83b75f4901da572253fbd3e76f0a03319635a7d642a94e240f1ae96ac
word_ac1b44dd9e5b	weaken	defer					MANUAL_RELATION_REVIEW	词形归一化后仍未命中；本轮不自动重写	ae387ce845fd80cc98b48f18a9718118c27f93d36e426cbff2163f33cea4fec0	d4959c3ebc39d72fcf5e019f46eb5c1ad4c032966fe4b5e26be23d4ab8ab8792
word_fa481dff2269	invade	keep					KEEP_FORM_VARIANT	合法词形命中：invade, invaded	e8de924e3f641c5b6d8baf6a26684eb05b876f5b10b794faefd7f8258779f270	1dae5466c703d2187478c06bbf7ff687dbc4859b9cf0c1f23cf585dca7ad695d
word_2cf1a01c9fc1	skip	keep					KEEP_FORM_VARIANT	合法词形命中：skip, skipped	e0ad152fdd32605287183ee1274b99ba23b0a20678e9c5f98f13ae97fee53bc3	f07e838db64e6d61d4ddb6ce2b0a7c5e1fe87b48407a16db5d9c01e33605eda2
word_a2f90dabd9ce	feather	keep					KEEP_FORM_VARIANT	合法词形命中：feather, feathers	a834492ce46b01165406ae18fa494557f34400a72af32013d0948e2223582360	d0fa98bc00a6a59f31ee58c87c58d8be232e1e26c13f9676bf137be4fbf9bbab
word_c653ab2983ed	boast	keep					KEEP_FORM_VARIANT	合法词形命中：boast, boasted	6b5373f69dd969f1c7987ce520030d7b0e60833264c9cdb813f33a11ed6d8492	1dd61282f62063a73a8dea896515bdd8de14b9806d9d034318b48cbbefba839b
word_a5e7d6f7b7b0	unfold	keep					KEEP_FORM_VARIANT	合法词形命中：unfold, unfolds	5776c5b56d2963f97ff2121c51a76c6d223bb7f4b11fe4703fbd6317c54f2a09	6aba2090a05f28d0adfd2629fdd4a88f07ff650fb15f0d92a01f3ec668f7e66d
word_26f99ff924f5	weed	keep					KEEP_FORM_VARIANT	合法词形命中：weed, weeds	4727e109b5734b9f309a5b111861b8795bfb3a2541416793f5d92643bd5b77ad	7c87aa1a0cd48be13efb06f194f931fe845539e2951a90ced5ed7c118c04be21
word_2838074fe04b	deem	keep					KEEP_FORM_VARIANT	合法词形命中：deem, deemed	3cff62dfd82c8b3cdeff8f98f0d211f4382c2d0e9222aaaed9a0c0e653f98b0f	9101334c6f7af38b7b02f1e239f9dd57cae9ece84fda04b6bf6e1327c49c9e8a
word_81457059880e	artifact	keep					KEEP_FORM_VARIANT	合法词形命中：artifact, artifacts	231741cfa445ae178c372c4ebc7977dc31267e37bade17bb22b5b3c8bc10305f	f1d8cbe5d4fe73944c5df9abd7d68dc8d689a24f8fe4184fab8e91482dd3975c
word_dba1f192912d	sneak	keep					KEEP_FORM_VARIANT	合法词形命中：sneak, sneaked	d4e57689e8b092830409f9c1bbe7804ec7cea24869a1323006271641ee4c6a44	8ada6de26ac28704299a615b70dc9b4e78a781d8b2cdbff1e6f47ad4f82423d2
word_a6a699ff373d	ash	keep					KEEP_FORM_VARIANT	合法词形命中：ash, ashes	070892292b7ca796d2fc84c371cf14476df2fec6fd2e79e0d3039bc9b62268c5	233f0e6c48f2d67d66f39e56196f7da5e3d5bb1983b47324520caee50b3befb7
word_b8bdf4829213	cling	defer					MANUAL_RELATION_REVIEW	词形归一化后仍未命中；本轮不自动重写	36ac7e4cceb3a1bb3e3d92a72a34bd2f5adf3c297ae06124e5dca291f4324036	b7c611dd158d93b8c269cf88cdd7508bf6489e5958d5d4fda5ef601df93aefa9
word_ca6a9c9d077e	plunge	keep					KEEP_FORM_VARIANT	合法词形命中：plunge, plunged	543994b8fe2ce5708fe42a329fe1c1b7d65fbc4ce95c8998ee7e67643ea707a0	920418efad7f85a485636b92c94693921caaffd1bc22da88ac3af1d86ca48a67
word_8bc5fde55bf3	legislator	keep					KEEP_FORM_VARIANT	合法词形命中：legislator, legislators	c217542d3b476d4837f3b98a6a84cea7da55c22e52157d8277deef4ed2f3286e	92f3bbe980ba423ebbcade0451b3831405a242029d29591fbf1b8d55f6f5322a
word_c059c8ca6597	lawmaker	keep					KEEP_FORM_VARIANT	合法词形命中：lawmaker, lawmakers	6789fcefe9658b7fda52ddd2b3ae377ab6e8f7641172df8fc370eb8f3eaa517a	8136cf17b25893939748edf11e73d63f76f6bd0dc2435ca6403ab2ae237d9d14
word_cee461e43589	fur	keep					REPAIR_EXAMPLE_IN_P0	已由batch-p0.tsv人工修复	cd664bad9c61d4f594db832431e769a36a62f6ea5d67772e5c591d8def9fbbfe	b0c771770db7a648c03f70f9ccc159ae598ce5b26e5dce79618197a1b4394e4e
word_6ade811daf4d	poke	keep					KEEP_FORM_VARIANT	合法词形命中：poke, poked	ee059e8fc571dff15569109f3761204ba715b290f6b495f75bda1d83e06bd303	5703ca92e23b78e462439c7c40a325d7470d00a848d96babf30eb1cd5b7ff6f9
word_1aa56631a463	enact	keep					KEEP_FORM_VARIANT	合法词形命中：enact, enacted	c65f7fb2565ee942055a923b370aefc500a8c5927b486d26b6e97ea393983676	b77f3d18dfe4028a8599586adbe67b0eee14af4d22a984e7a503cb8cb0cc0752
word_fc4dce4d4b75	screw	keep					KEEP_FORM_VARIANT	合法词形命中：screw, screwed	b4091668e7c40e43a8d8e0a043af82dfb24d0e5cb86e29e38415ab7758c0214e	d196db749f148ae7c78c9a29996a0d9119a8758f93d07e1c3a39dc9884d553d1
word_e9609a26a26c	frown	keep					KEEP_FORM_VARIANT	合法词形命中：frown, frowned	42b21a5ea3147977c0b71603ee438b26c82444c65d51ca6e468db582b4591097	f9772fd53411e9ccdbb4cc480a48f89416852416b203f4176811f2a30e457f1d
word_2c0b68cea859	regain	keep					KEEP_FORM_VARIANT	合法词形命中：regain, regained	e8d6baf3c727782f8ff909177a33e92714a98f70f8f95a1bfc67d4f1691f3d4d	662dc5403480dd08bf7536fa777cec5623bb6265d5849a9d50c6bfd122ac8ba1
word_536f097b0cde	contemplate	keep					KEEP_FORM_VARIANT	合法词形命中：contemplate, contemplated	463a32613b0cdf3ea3e1d7d29990374f05818410ed83f6ddb9a0088f6bac00c8	58bb273ebbcb01fb6a69aa8cbd978a902249134815389c903e2cdc36d88c1577
word_9d647222f245	spark	keep					KEEP_FORM_VARIANT	合法词形命中：spark, sparked	342408cf37b043593da18c9caee3550be1796d43d0a791cc3dda94836e902950	25988ca4ade6775f546b6116645fc4df786d8dfdba115b6de1f341dd46213fff
word_0e04d0c66212	preach	keep					KEEP_FORM_VARIANT	合法词形命中：preach, preached	b0af85b9b49375ca5ce54ccad9f16813c72b8ce38d8b4558bfa4059eebf3ab93	0d63dc9960257c9396ce3b0301f24526b178346e7d525432fa22d35c17103fa6
word_a986a2178234	spy	keep					REPAIR_EXAMPLE_IN_P0	已由batch-p0.tsv人工修复	f4f3a01f21811c3bf3d3429703b9b69af675a3d9d8733777be0aec0b92474b9c	5d64436d08bebb409e44cf9cf47cf1ffcf81e18e24f5ac35d16f5ddf9f805e2c
word_7008a673ce6a	nutrient	keep					KEEP_FORM_VARIANT	合法词形命中：nutrient, nutrients	48c803da005e25bb09eacdba5fbce6fbd9bdc5b37b171927636653763acf7b05	feada4734c6019a679e535b91811c6d77480a71fa7f1a724d1015bc6c99c21a0
word_8e6fe2d815ec	foreigner	keep					KEEP_FORM_VARIANT	合法词形命中：foreigner, foreign, foreigners	acdea3e0d255b06091ce54bb75bb18f3767769bf1b03b0b9743b45f943f71249	92624ef9313fb58b21dd4edc9c4a391dd0ca799867b7898bf75007df1ed5bb66
word_0114c8aa0f65	weave	keep					KEEP_FORM_VARIANT	合法词形命中：weave, weaves	9a77b8a5e948fd43cda97d90e4ad7e1a484309b5195a91e38573d7070d504cd5	e055c527de7785e563537d5ff6dc432a86bb772f7397f5c5d458148531400870
word_e79993472f4a	trim	keep					KEEP_FORM_VARIANT	合法词形命中：trim, trimmed	3c44b3912706c2cbf80d39a4c42e5438bf523a1f4e44c54874b17a976dea7e06	0b8dcd60322d06ac19511a1880a45b824d6443c6673f1bb3799fc87043036932
word_14cfcdde1250	drown	keep					KEEP_FORM_VARIANT	合法词形命中：drown, drowned	d6c7af500b81882f6c1d727a124d96e8285a1305713e7e22f1832e165b260066	e73d141b41e8e70d379c4dbc79f45bf0482fd7ef1ba87eb3ee499ce31bd572e4
word_7daa785e544c	spit	defer					MANUAL_RELATION_REVIEW	词形归一化后仍未命中；本轮不自动重写	354ebe8524a5b755f16fe0fbb5e2cfb0528f827a5836346bc3c67b8cbc9ca8f1	8c419fd273548550465e9d25fab4e76bd845f70563b7d60f68ce5c4cd3f0c1b1
word_4495512646b1	kneel	defer					MANUAL_RELATION_REVIEW	词形归一化后仍未命中；本轮不自动重写	285c168dbe232b3c01de7d039074ff97309157d5328a710ba1ab60de27f3bb87	b48ac98731a6ad94ca6103716f130b5ca6cad97d04b7bdf9e5d1fd7db6c94607
word_2a8648f9161d	dictate	keep					KEEP_FORM_VARIANT	合法词形命中：dictate, dictated	37a4672556dbe411a4171a930226bd6dfb302be4e3a5f8f66e4e17c50800ac3c	9115844c9f8d9a1b17bc0a8809ad9e59d7a8f0443a50ed829cc7546394c2c8ed
word_5429b099c289	smoke	keep					KEEP_FORM_VARIANT	合法词形命中：smoking	e085085f3c4ce42c684eabfc77997c496c3115914fa762513be19c43928bfaf8	aeaae41cf0ed2e6903c1825d605bc15dde83b9dc601c45e54a55073530064148
word_8c6b1b9d368c	anchor	keep					KEEP_FORM_VARIANT	合法词形命中：anchor, anchors	9a8bb6a9f1c04ce0518cd1e114d28c8122f5b9f69e50d25d42aae498039d6c1c	0b86e12eae942113abcabcd39432253e74b11aa9667929be5b2752c36f60c31f
word_6da58dc2fcda	betray	keep					KEEP_FORM_VARIANT	合法词形命中：betray, betrayed	3cbe5f38a55ae02d2a55c000e8baad5bf38b6ed0e5b132f095442ec7608a6c22	50a3ee58fa93a0059dd752be2162b0ecd662ed7ed1df77d5af1ac3b7305d267b
word_33d1808e5ab3	videotape	keep					KEEP_FORM_VARIANT	合法词形命中：videotape, videotaped	5056d65d9f49aa5e1f33c0fd46cd36340a4df5e5b0bc71e574fedf1ad296d953	3dc92b62185de1f406ec061bcfa3c023971d934d7199bb4916a285dff0ced412
word_c18070cf0187	haunt	keep					KEEP_FORM_VARIANT	合法词形命中：haunt, haunts	cc0f3d7aacdcd842aa9d78c8b73c06e88c741322b31595b5dc05fb9fe76ff4da	be5649ca4d825001443f84f5a5e8428fe799774a9a4da97dfa4456aa1f7505c2
word_dd485c63f34a	evoke	keep					KEEP_FORM_VARIANT	合法词形命中：evoke, evoked	8a7743d782192714607565e49e1a644d71d3bdc4d4fa11519181154ee6459b69	f086fb4323f0fef7310c2a2682c78b5b5e8b18cb6a90dfa0ff41247d6c836518
word_a3e1bdbb0636	surrender	keep					KEEP_FORM_VARIANT	合法词形命中：surrender, surrendered	5575e5c02db341dedb735c5e48944f2b687b85610839077a5d443c9a5918b090	92039c6f8755b82600a620158b74092c4d60056aa95c10334235a57f9bc3dd43
word_bd8d6fe1e27f	follower	keep					KEEP_FORM_VARIANT	合法词形命中：follower, follow, followers	b65629551bca42bca95f62420d37846c69177aa18ddad31a4b6b6e97f2975148	438a50db46ff1d8ba16e925c7e9e89d0412b80fcb66df7338dce74f09457ed80
word_62a2e430bffd	stun	keep					KEEP_FORM_VARIANT	合法词形命中：stun, stunned	c1e34d886ed81fea4591991da8b75c46ef7b5fd5d7e978651d6e8f79f1d0b1da	36228b9b25e85ec0ab51a123477b9b66217527561c7215012baf15e63927473c
word_e17b7cdcfed2	hover	defer					MANUAL_RELATION_REVIEW	词形归一化后仍未命中；本轮不自动重写	3f3055894ca6f01dd9ff9028bfda51c3b40db06b65d7c45152e8ae90bcc3143e	b030edea07e3e0854d50484a6fe90969ad105721916a521ebf85b1fd9d6dc6d3
word_2b2f68118706	strive	keep					KEEP_FORM_VARIANT	合法词形命中：strive, strives	e60a0ff47b2fc9d5a03d733c7c5c90665701290a830aa5843ef08e601bcdfae5	8f1c6a1b1b42590e935113578139ee000ffe4276537e68bdf7d97b6163699d8b
word_d9d779d9d861	learner	keep					KEEP_FORM_VARIANT	合法词形命中：learner, learn, learners	3564ffb49cdad08899bcd3b1714707c66852531f527741098a2257419c7f0171	00e1596cc26df88477649d9609aa6d1adf28ad38af663c620d6e21916e36c288
word_12128a316f3a	tilt	keep					KEEP_FORM_VARIANT	合法词形命中：tilt, tilted	06dba4e9163ce5b164612c659f92669ef0b48ec98fb9d07d28b532d46bd9434d	0096e96f455c60500936ff12ba7c1890c5915cb196379756823ed98ee017d2fe
word_f0ac8fcf5b36	antibiotic	keep					KEEP_FORM_VARIANT	合法词形命中：antibiotic, antibiotics	642fb596e60b8c45aca2df58cb1b8c40dd75d427a4a01c4f85caff1391b1940f	df5ae2e3910e8bba56fdf69a9e76b0ae5d302936bb0010c9339861bc44b7e9c5
word_95556a50aae1	embody	keep					KEEP_FORM_VARIANT	合法词形命中：embodies	821903be4ff9ee15680beba7d552d4fb51c5e1a5e80d981f749577b899eca183	1bffc950b14877c45c7f2b171ebe0fc84c5c3c94bc2404ce4c8f6225e235a609
word_a6574eaccba8	glow	keep					KEEP_FORM_VARIANT	合法词形命中：glow, glows	9e63e1ac00a9d87a01e05d3f3d5b91b4d7f0e7923c9b564c07562dfe507e4592	4d0be5828dbcab6abcbf17a8a9d2c1d54913175c0b1f050c9e8925fc3f664142
word_9c631f2f7cb9	creep	defer					MANUAL_RELATION_REVIEW	词形归一化后仍未命中；本轮不自动重写	dd119412d690ce74ff5655a1a044f37924875180917c96ce6a14df2a27582ef0	130857a88e816e7be4971fc6ee0de3cabe42ed24015f0f6749273c05419341e7
word_30402d734def	smash	keep					KEEP_FORM_VARIANT	合法词形命中：smash, smashed	776341a0b2a719ed2f6159fee7c47439ef5427d3833a86f1e5092b5212a68d58	d1b89f1abae7ef483adf72dd8a096720189e4224752833c42a2c80f82facced3
word_40e8516b2a55	devote	keep					KEEP_FORM_VARIANT	合法词形命中：devote, devotes	b169527eaee5aef02a961c4c688e4a7674e6ca53e66902d75d7a87ba1fe817a4	905bd2ddeba9efc79471a873e3cd39b76e5f07f88fa9e58438fb0256b0ed6ff3
word_7c68286570df	philosopher	keep					KEEP_FORM_VARIANT	合法词形命中：philosopher, philosophers	2474c816b629ac97f11c213bd8270b1716626a39f483272fd15f84da6db35b38	4923c32c0731122ca77b40e7084faa49fc41c779b1ea5683e73258b828b5360e
word_dc006e2ae26e	clutch	keep					KEEP_FORM_VARIANT	合法词形命中：clutch, clutched	c9a8df58b9b0fdea3f9940350108b2722f5fd48a18cc86d073aff853ea0b0bf7	d9031953b43a75033d82b69b93dbd08a54b51cee352ed4acd5eaa4c5ad62589c
word_55381cf7640a	curl	keep					KEEP_FORM_VARIANT	合法词形命中：curl, curled	13c1f0b40a9fc31ba13995bc189096640e32c6f0deeb731aff33504992e735cf	18f259aa36594e16ad1ac936fe0a0cccb5b1d6c67c47464f7117aee1ba061d6f
word_628127eb22c8	trillion	keep					KEEP_FORM_VARIANT	合法词形命中：trillion, trillions	31df4611fd2611b1856624f9e6f21f745cdfecfcf69279a954ab8736e9d8a35b	e351a799f12245195d01a2b1344acf69c3e8a3d86dd74155a3ec0b036b224020
word_6328be54b0dc	probe	keep					KEEP_FORM_VARIANT	合法词形命中：probe, probed	9dda89455cc8e3458ed13e8e3056327aabdd35a030cbfa04102e801d08cd1a70	09cc414808a9a5ca8b86788d8ed3af390b968e0d097002890d73ddb9efd00fe6
word_d724241fae56	condom	keep					KEEP_FORM_VARIANT	合法词形命中：condom, condoms	ac423bd93dd9b7cbe18446f60899cf43132d54a2ef325235deb66f031795c4f6	0fc95d53c6cf250277866c490ba21f675c3e57d6bf2e2229547af8f0a6e00b05
word_31fb90bbc557	cocktail	keep					KEEP_FORM_VARIANT	合法词形命中：cocktail, cocktails	e5118abce06f15574a60678be863c5d7a9d9a375bb3451a13ab46587da17e821	79fe4e69599428760a47e9d158995ceabf6204998d41fd1afb4c8fc0bd2bf06f
word_7a502486059e	tremble	keep					KEEP_FORM_VARIANT	合法词形命中：tremble, trembled	576e60bdebc7fed3fc2435ae61cf1d41f44278137d7b39e8f51b8c4f7e6bee81	c9fc0919e4fbb067638d61fefe1682c11b83c9fa5cb4e961f13da08bf6de66f8
word_0412a1ab27b8	roar	keep					KEEP_FORM_VARIANT	合法词形命中：roar, roared	fc41cffc18dab39907e3270fde335f1189eff5be6326967db2a8280c919c16c3	bd898d2fb5ee898a7180d7a55fdf9d592087ca47801262dccd7575e98153f183
word_ac85718a0193	torture	keep					KEEP_FORM_VARIANT	合法词形命中：torture, tortured	f417db06d4564ca25d7ffa87b4efc0fe404f500c1c39f75f18783e5f50c23a50	12fbae1d011623192598a4d92dfba28d35735b3090b35bf81ead1b3bbcbd2ccb
word_77a29014ea73	revive	keep					KEEP_FORM_VARIANT	合法词形命中：reviving	03aeb148b7489eaf610e2cce2edff590e75ad859538123537f90e61120cb705a	1a591a416d6705a2c679680f013599a6746c6e7c5e1a000c03dfad7cff957639
word_63762ade0578	reside	keep					KEEP_FORM_VARIANT	合法词形命中：reside, resides	4db3de2d78164a227a2eb94eddafa0db48ad86bc745775e2b7a8b25c4c3fcfec	6bbe237190eb6167290fc3d643630024fe83102eb21ede408ebcca1cd69b7521
word_1e8030101e33	erupt	keep					KEEP_FORM_VARIANT	合法词形命中：erupt, erupted	1a2dd20c82ba2a8736b33d2dc3633b7d7896aeb9f8d2c7675c1d220f36dfde8c	08c2393c2adadaeff77ac2046806ca0b0e116e5789918d5b823615943027508e
word_073b5b3ce453	loom	keep					KEEP_FORM_VARIANT	合法词形命中：loom, loomed	eda79358c31803e3561918ddf539b67b686fb521afa93da3f33a72b96d2c89bd	e46c6cc476f557c4904f7725776b279c100978330e4b620e4c5633ba8d4b3b9b
word_ad2d600b847b	forge	keep					KEEP_FORM_VARIANT	合法词形命中：forge, forged	2add6be26a26500c7ddfa5d1d3e9f834ab539f1ab5e9b86151cd6bca92a40ea0	7a278a9dd442948b8e38da8033832073d5d82e5d128524bfb607942a3e037cd1
word_2c5455d42c99	lobbyist	keep					KEEP_FORM_VARIANT	合法词形命中：lobbyist, lobby, lobbyists	054eff2902afda2f58722d28e72ae6af3553330365c40ce7de6b8eceabb30cd8	cfe33d8cdb4b9a7504fa1354268a92b7657a4399dc05cb2a499540a6fc0940fa
word_327801f4ff7b	banner	keep					KEEP_FORM_VARIANT	合法词形命中：banner, banners	82c85b7c6b96c4f9a86c380f88b0b661766c9b7af4864f72be94878bff93115e	baea5b66fe90eec49eea0c61f8ad9be7b50af45f60c49a1255d790e65fde5d9a
word_64fbfa25694b	bead	keep					KEEP_FORM_VARIANT	合法词形命中：bead, beads	dc60d8ce992e519cdd5fd39dc223c45d853590cb0585c2930b13da9ad6436889	72345feb05b6700cf428880a91888d64f0bb0340e5f1cf48eae14814066aaa4f
word_7de9e557b8a5	uphold	defer					MANUAL_RELATION_REVIEW	词形归一化后仍未命中；本轮不自动重写	e37915013c6c38f1802a4b8b198700654fb7f6aeb5c6019ceeb6408ddc9a3bde	f2ccd5c0ecfabcf84f7384d0e3946316eff09a4ce8b092d3afabac20bd18e5cc
word_f8ec71a108b2	explosive	keep					KEEP_FORM_VARIANT	合法词形命中：explosive, explosives	e9d306419db9cf67401c956d8eb323f1cdbc7cc395509d868303f5a7a51d5660	a5f6138819f53df6e24eaa295d0a20d0b50ca127086bd77379788959f14c2d4c
word_f4907d7f2b4c	penetrate	keep					KEEP_FORM_VARIANT	合法词形命中：penetrate, penetrated	4d9e55d317c1a98293cb77c0d4410cd19f89b765e5945fdf00176caa8dae3060	1f1975add84d7754ac1b115dcc7cf8ccf0899ed59d09e947dac9ed196afa51fa
word_a4afc17ccb29	illuminate	keep					KEEP_FORM_VARIANT	合法词形命中：illuminate, illuminated	a08171bea4c9b91c081c3e9c021e7572cb45b82f81a33c63bb32c89b23aa7625	6c374e3380da3a75a40091706ad4c9d101d001dfe67bfecd9e423d83432b59f2
word_61fac59e1e6c	parameter	keep					KEEP_FORM_VARIANT	合法词形命中：parameter, parameters	a707bac888278dc28d214f80de7cbca174718dcd49a2fd9b76791946acf04e71	4e5c6dd78eb3bdc24ce8cb1f68e85c48290d58e1ae6782a84b005aea3179de2f
word_b297c4207a37	demon	keep					KEEP_FORM_VARIANT	合法词形命中：demon, demons	0a9ed3eb33ebc624ff07352acdcb4865dc45e0d6426a448ec2a71def23dee711	c80ad27e66440dd0228c2a253ac43c518103ea2a003dbbe153be8ac2abc81cba
word_2962985ebcff	invoke	keep					KEEP_FORM_VARIANT	合法词形命中：invoke, invoked	262f21ab73dc5def7ce039964558e1c69530b3c2696da7df3f363311ae07ee8e	6be4c33c4ad7ed41a2166c1859468e53da840db4807d73b6fe4bec05d70ab3bd
word_94c35b3eff8c	rattle	keep					KEEP_FORM_VARIANT	合法词形命中：rattle, rattled	8b18eb62d42d94811c3e7612218763ec1c17bff21a9adfbff3d11d8054737d84	c8e32c10ff95ea97e929c7ec313b07d12434411526342db2d43189cd8ada6078
word_ab567af844cf	shatter	keep					KEEP_FORM_VARIANT	合法词形命中：shatter, shattered	0ff4a0ae9746f22b066eb54cfa3f4c0489ddf7910a90c2d5a53f74c7159efb0b	fe9e92529944fc1451f706c0bbd072fee70aa1b2c90432da6c35c387fa71a251
word_e1f18baf7f53	widen	defer					MANUAL_RELATION_REVIEW	词形归一化后仍未命中；本轮不自动重写	af389bc71474c8892178ab27735e79d8e105443eb70c90d1a3628e2c4899ba85	36cd3a6dd953dd3c566b4e44a0ec7f65db87b2f8a16b500322f98290abc854cf
word_4d94dfe751a6	rotate	keep					KEEP_FORM_VARIANT	合法词形命中：rotate, rotates	ac4508114c5632158351be71dbdb4c46b6c8ec8e1a972f23f3ab7340c032386c	fb885ba95637e361538d6dd388160c4a342b128fbea2715ddf82ee75f19a8a14
word_8d91cecfc08b	recount	keep					KEEP_FORM_VARIANT	合法词形命中：recount, recounted	1eabd5524ea9d54c3c91a70d00ade6321d05c2fdc48d1887c0d4195ae2921102	35385509ba43040e94b66f1c57fbc2522a4dd7c00449bcdf10f4f9290589c143
word_19ee2f92e061	settler	keep					KEEP_FORM_VARIANT	合法词形命中：settler, settlers	c59ff5490206c5e5fdffbdf290b19328f5db0865b5e23db62e30ef9b2a0bcef5	b7fe4afebb8f9bf65e2bccdf479c035c88dbd3e497c1fc079a3e491e834d9e54
word_cd3a8b3fefaf	scrape	keep					KEEP_FORM_VARIANT	合法词形命中：scrape, scraped	484e9c2322ffa4f154c415b8c1e5c65919a686c8881741ed856c0e2ad74c9db3	c6580fac0707d34764b556fc0883cfe5c887a46ef81b8cdc65c6050cd50eb56f
word_9b8bb16c4fd4	bump	keep					KEEP_FORM_VARIANT	合法词形命中：bump, bumped	b919d4cc4a16f1558509b2b9d87e03a6d0b790f835e5fe65855737d5ab141bd6	3cc81cf03efcac9b0d6694c4ef167bb4a00c396f8a6813e75b8b9ff7ab69eb27
word_336295ac0914	peach	keep					KEEP_FORM_VARIANT	合法词形命中：peach, peaches	e9d9f6d59119b702d8c58ba02b390da4b6acee4d55ad8b0f89b7879f3962b8b1	6ee3085f86ffe0426a53f52dc5b336873de1baed1806fc08453fe9f7051415a7
word_a240e67e575c	defy	keep					KEEP_FORM_VARIANT	合法词形命中：defied	d94cb4c65d9655834e8f9628ec8a076bab2ef988c815e48d6dc5b312437e71ca	315b974dcb7d25941bdfecf3d0875cbce9da9e565f0435d9f93a237bc31f5034
word_14dff20baab4	inject	keep					KEEP_FORM_VARIANT	合法词形命中：inject, injected	95be6f9e9b54403c921d19c9c8d5fd32fdd1da4fefa1363d32fd840febf63906	7fa60af956cc296ca78dc7e21efcb225c0aeb631409c6e8a39d7bded80d3aa0d
word_01e9ca5948d0	designate	keep					KEEP_FORM_VARIANT	合法词形命中：designate, designated	f062cbe601eb2b30b46c2cc1287185c56a61b49de16ea295434bc70728782f3e	88fc96517a794377d9695626984c73782234ef1d72e5a736f8543b1835407fc4
word_bf0aa10a24d7	con	keep					KEEP_FORM_VARIANT	合法词形命中：con, cons	5e3074a9ee6212c41d4ba1f12ca9c0bf6507395d60229c848d6f63fa1f5c5c77	f06b355340ef397a7f8287004e7b54d8761f64a50c8e0d36e11d0544fc380e2f
word_38ca81f0066b	encompass	keep					KEEP_FORM_VARIANT	合法词形命中：encompass, encompasses	409888fc927b22ad6c87e984d5bb6d789af710a5418a5403f0f05030ae0c5bee	cbdf558860d93f21841793d9020a8aba56a68363ef67da58d3f928bad8968370
word_8e8ec0d138a1	faction	keep					KEEP_FORM_VARIANT	合法词形命中：faction, factions	42083f92277d4eb8d240fd98e34f5da86ec47f3e483b3f82ade254cd996f5224	ce0e80fa1447a8c21c6ab12a5c85af212622f81b67d769ee4fb9a3a5355ce2ef
word_22cbd518a5a3	hop	keep					KEEP_FORM_VARIANT	合法词形命中：hop, hopped	cbcd65f175ff12e6d2b14284cf2d900edbae3a61c6cf40e1b73634c18434cccc	0629feddde24824de51d2e79d9a36a871d1767566c21f98f93c62ed166920f1f
word_0b19efb41351	gasp	keep					KEEP_FORM_VARIANT	合法词形命中：gasp, gasped	627ac3d3af26c19c8c1e10c2e5dc92edc68ff0e9a8d14b397bc95365b4f0ebb0	b13b90217a1d527d9068ed1a55cbbc817a3d884600bb6a59f6075fa6824d47fa
word_78cb977c2034	divert	keep					KEEP_FORM_VARIANT	合法词形命中：divert, diverted	4cbcb3ced8f75324a553ac7c87acb823a21ea84f3e00f2beebf043d456704e5a	e4f7cf8a78881d47ba1cb609f6cea289b1c1929154d53f04ba7d40dad3045e11
word_7ceb1f769f5e	awaken	defer					MANUAL_RELATION_REVIEW	词形归一化后仍未命中；本轮不自动重写	cfb4a642ad770d40cc7c8cb33df89dd83700eaad3db24c78684108f027955640	687ae644735691f29cd974542049d91d9f5ff31f89e0297884c22af2b0faaea5
word_f4270abc9db5	summon	defer					MANUAL_RELATION_REVIEW	词形归一化后仍未命中；本轮不自动重写	a634245f21a0f5ef67b725047030f4838d4d98b1f69fec4fa9af5c5ae1f142f0	1980d30715439f76a963e6fbe9e3b0e98de1eb5c5d47338722debc8cafa97182
word_0c8cfe10af80	dangle	keep					KEEP_FORM_VARIANT	合法词形命中：dangle, dangled	ebf681cd384cf5f489ed1f1995bb5bf2340fb5a21842388244811a0b0e473a42	2d678218cbf7b783541affb35a1b18f8fa89ee90ff7027157c80deb886c7827a
word_c2b02d1d230b	affirm	keep					KEEP_FORM_VARIANT	合法词形命中：affirm, affirmed	6a7130238dd58a6b25fc7a05c45440a7e8a4231be462c8d6165cb0182ba3f2b5	ba0efe80a6c0a9e364ab946e2c7c09b91c6269baea32edf22515b543fb4d5435
word_f1ed5f6580f5	weep	keep					KEEP_FORM_VARIANT	合法词形命中：wept	eb117b6ebcf446c2d980b6ddabc9dffb24cfbf4e54120fb8e9bb2fc9164525da	8ffcac85a9d6dce369efa8c786667d38fe30ce85e1dc00e78f0caf3d7f243a20
word_5ed6ab88745a	sip	keep					KEEP_FORM_VARIANT	合法词形命中：sip, sipped	e78b0d5d7737fb39b3570c5fbc9e216f69b610c65a07bc521d074e8dace45ba7	a308309df859472cda401464cdc6eb6318187f6873de1cb18c323e698c55d651
word_9710722c5fcf	linger	defer					MANUAL_RELATION_REVIEW	词形归一化后仍未命中；本轮不自动重写	cd9a685a7d36a5930087137d2da2eacddbea33e31e059354e4067c5dd513d575	61730b0feb1b1ab350f1d78011b491174c696b6a66f147cd16c01c9e60e0889b
word_06986016e22c	dim	defer					MANUAL_RELATION_REVIEW	词形归一化后仍未命中；本轮不自动重写	beba1eacf18e82f318ee2437c534f1bc59b5620c2bd396464d9c8cf19e9b6e65	56f66d63ec1e441275da564c9457884fd0f5eb054df65b83f542c3d943212755
word_326f13d28afb	constituent	keep					KEEP_FORM_VARIANT	合法词形命中：constituent, constituents	3c5825217e93d5ca97f31484e92ead436310b3b7202bebdc7e61d72320b3aa5e	93731e5a1dae41d93bbb956af214508712d8495ec44d9e830867f75703463080
word_159ed86f9931	wit	keep					REPAIR_EXAMPLE_IN_P0	已由batch-p0.tsv人工修复	36f7c31282e4eae283298ea54beb9e7a0334db18e705f36ec6533a83b03d710c	b439f64db8a0e730467fd034222a764d6ec580432e28a94dc097df55c7019495
word_a616b4fb8773	curse	keep					KEEP_FORM_VARIANT	合法词形命中：curse, cursed	bf112824d96070e86f25da034280c8397665e6aef4a1501e179a56a8c10e5efb	bb0af81d98236fd292865acd14b9c97defca4e5130bb8d9ab30c15da1c944dc6
word_28cb05d1366d	shave	keep					KEEP_FORM_VARIANT	合法词形命中：shave, shaves	44dd0d7cee0964b41776416a238c59bb4aaca479d4527f79719ac3885c080578	b406cbb658ac72025fcdb0deafe57f3036ad2fdd7763395875f7287ae7a99cf1
word_0985d517415d	wetland	keep					KEEP_FORM_VARIANT	合法词形命中：wetland, wetlands	dd58a864b40beeb73d2308738a9710eba34a3506de801880ff88bd80ff618924	9c495209382fb57cc467f96a6d777ad2d4b2560be20442da0beeacb0ba3eafdc
word_d4d48ace55a6	brow	keep					KEEP_FORM_VARIANT	合法词形命中：brow, brows	f581c950b5cdbb1b20e55abe5135c92e9d1d7564d56a2ef025a0b862807f6be4	6b4a88caf137bbb1da6d84cfd9515292971c1bc0ef0c8c15bf9c3954610547d2
word_2f2dd1a41075	stab	keep					KEEP_FORM_VARIANT	合法词形命中：stab, stabbed	9019f832d3d7c5b785c9afd3569ec3f9ed37968058dc898d415db54e5b640c1e	caf6a1d6044cfe2b36bd632b47e3010e98b35daf2ec0df04a5d222b6df0086aa
word_96575f268680	underscore	keep					KEEP_FORM_VARIANT	合法词形命中：underscore, underscores	5f0a9b6dc5769c633f5383af6ddea9f51de3eb961dd5bb33dbf3df5fb68ac2f8	23bf909ea94b02817aed41c7cab603ac6404113b75f08fde638198ea7ba8e526
word_c735817adfde	sniff	keep					KEEP_FORM_VARIANT	合法词形命中：sniff, sniffed	fcb138598c54a8d37eb34eb2c923e565f35ad39f612cbb8fc696d66c4600eaea	37bf6bf53743a96fa76198816acd121547e42d02eacfa79e9285a4cc7cff8695
word_e3d33e839bcb	intrigue	keep					KEEP_FORM_VARIANT	合法词形命中：intrigue, intrigued	bfed5cc61c81f437857f3870198b6e9ad2179f0a436f4ad0b25b8ee40768f9cb	1e8a0321b12050a61096d0a884954465f87a56c76b040d21ad1a27ebee3866cb
word_0781017ca238	sway	keep					KEEP_FORM_VARIANT	合法词形命中：sway, swayed	516d2e7730c42803d489ba41dbe94d14c6db784ee3054be02d5498c984a61ca5	b50d8828e26a4eedb99b5c63a873add22ae338f245e85c9e7d8c0b85e9ea16b4
word_da40922ebaf0	manifest	keep					KEEP_FORM_VARIANT	合法词形命中：manifest, manifested	995d17f1853212a97dc1e332db9df40decbbd5f6c28fd8cd61974459f60eba0e	19281ea27fb935cc3ef9cdef0da9cacdfb80e462ab69c2bd46a0078dabbb4ad7
word_8ac6aee83d82	lick	keep					KEEP_FORM_VARIANT	合法词形命中：lick, licked	ca64ae88e5fa08dd4b576501268f36067e85bd8b783e83684d33df2f266a26e6	68cc30b0d7e2c607d01ee4e451d36751f52f20abcf456594b0a41ca32b221315
word_d5186986124a	owl	keep					KEEP_FORM_VARIANT	合法词形命中：owl, owls	89ae58ebfe5a3ccb0573f79bf4c9ab3ad2a52aae02be55cc47e8be0786e7aa39	95a83826710efe559d133ca0c3a7a132f6e81a5b5ff084be4207ae38664c9e25
word_af43e0fcc89a	slash	keep					KEEP_FORM_VARIANT	合法词形命中：slash, slashed	adef4caa50311ff243211dd4fd3572151442bc972b5d403b0c307124ac6c3e40	65c07874c922f9586cfd76edce5ba7a5e02ae62f7476fda4822f063ecc51a07a
word_21251aa11634	grower	keep					KEEP_FORM_VARIANT	合法词形命中：grower, growers	8702b9166652e2e2c1fd8dad7dcf36d27085b508027fae91fe29dacb5e988c7d	7e103ea1f0021e260e8cb11dfa4ab24e96deb5cc0f2b828de02187a065afa7f9
word_a39074bca1e8	ponder	defer					MANUAL_RELATION_REVIEW	词形归一化后仍未命中；本轮不自动重写	912de0e455ec497fbb9db13e57a91ab9aad6ba40421e7702cd71807cb081e96c	b9512d9129a943f89a40e0ef7ad47e23668d133a8f49501110761bff960e3558
word_a8f3a831fc83	denounce	keep					KEEP_FORM_VARIANT	合法词形命中：denounce, denounced	659a8dcbf85bb5d4bdd63a918f3c0fa686fdef106e8635b8aa49de4382c85f04	edbe2d3c0911880bd1b4b8fa007a87ece7450230a1d90de9ec6ca2542a4d407c
word_43654f6f1b46	footstep	keep					KEEP_FORM_VARIANT	合法词形命中：footstep, footsteps	157308394cce603d6c32e6b523fbb6dc2f8bff9d150ad113ccbc8a07faed58f5	c5eefa591c1dbebbcac40f6b44ff7edfce32864bf58676233ebec64e5b3b4202
word_29f02fa6bd9a	menace	keep					KEEP_FORM_VARIANT	合法词形命中：menace, menaced	3e571e7b6a665568b95dc257b97705709173b24743a65730ee64653ce1e2bf1b	5a95fe914aad042ade6f1f45492d4e346b5ff7ebda3f4b82c72871a0cf2ddfdb
word_7529ed9bf767	stride	keep					KEEP_FORM_VARIANT	合法词形命中：stride, strides	0b75db54825b9ce969ceca48e2642fd15b4a1a3d326bcfec4e48e9d01b4f3341	8fb174fba1ee40c383c96b235a457b5390519b0883ac9f91ac935b58886ea4c8
word_425f7679556b	dub	keep					KEEP_FORM_VARIANT	合法词形命中：dub, dubbed	a00e9a854efdf1a2d68f77936a22262da36fd4645dd99f204230ebcf79e52a1c	bd8bb0eeea0956ff66e27924862e86c1d63c004fb3cbb88139b1ab7defa679d9
word_1400f976571e	snatch	keep					KEEP_FORM_VARIANT	合法词形命中：snatch, snatched	d62cb4fb7b8b8e73d3565f1246876972a63ea173a1034013262a199d58c04980	d5d9afafc3ec5742cad63ce7600fd0c7bb404ad58ef548f32f9a75b0b8849974
word_1f018e1c7375	berry	keep					KEEP_FORM_VARIANT	合法词形命中：berries	246df79d759a3fb27c78965a2bdc75642048c6aea10bb24eece9a86b2ede29c4	f70b5e9bda99aaaa33fa05e022a59c93e7ddb79b6bab6982e899f9756bf16ffa
word_873bbc2f08e8	mug	keep					REPAIR_EXAMPLE_IN_P0	已由batch-p0.tsv人工修复	8888f07471d792aef154788129bbd74f8092d2b7de48400d4ba9c4d0ef8a82e4	b811576f25478f9d61609bc927ab5a38f9827e57da3e99c71bd227ce0292d715
word_285948e6c4b9	villager	keep					KEEP_FORM_VARIANT	合法词形命中：villager, villagers	40d725a01c93a1c285170e4058800af7a9b28e47b8235ade58967969100b2d07	b0b1711d95c71f2252d45a7500f92f68d6691d0bd8dc30026e44004341a00813
word_3f9e6080ec75	exert	keep					KEEP_FORM_VARIANT	合法词形命中：exert, exerted	995594b3f8e540c48cb1a2dfe967e2cec4a565dd2eeb3913ac2f25fca03e7b3d	cf5a747786d2f8bac4f61de772988a1764a44d8c9f38df4a25378b6cdf57e9c1
word_48c77d3d2b75	pyramid	keep					KEEP_FORM_VARIANT	合法词形命中：pyramid, pyramids	119fb442e877888dc5e33162c2ea595531d8af82c81db90f82aff3234787f725	53882684f5c97f5e7387b90ca86578a84a8301a23555337ff0d28418c61dc9b7
word_c4e0f8f0d82a	incapacitate	keep					KEEP_FORM_VARIANT	合法词形命中：incapacitate, incapacitated	65193d5ad29902c70cd6c7d0bde315078190ca6db9ef86d39a03f51d06dbbab4	84c00835e01eb38009b53fde0b59ea2bdf76cd6a66576b6330b6589220e46420
word_f16c329de63c	mammal	keep					KEEP_FORM_VARIANT	合法词形命中：mammal, mammals	e0d408c260843ecb019a15b28519c55f1372170f19103cd0b7e2049869bfb0e6	e32d7116f774d85d3f50b0e6bcc7d0e1e3d90b5c9823a7e9af6da94bb23418d0
word_13d56984e431	clash	keep					KEEP_FORM_VARIANT	合法词形命中：clash, clashed	fa8f5fa7007bc3c31338ee63faefc9fd253ecf8e6c594341a0e1a93bbda45ebc	06858d1b27800a26453b9fd2677695b31e0e966b330acf84f304cfcd9a074903
word_311f8a3027d1	multiply	keep					KEEP_FORM_VARIANT	合法词形命中：multiplied	87c4b78043ba776b4a396fa16100f5860bef315af8c136073c3078de9ccc75be	f52187d3031151c05dbefe4aa3c7951a98f64f1ce6b632bb6280289edeca5cd2
word_cd29648da153	yank	keep					KEEP_FORM_VARIANT	合法词形命中：yank, yanked	375e8a9ffbe46e1f8681dfe854fb811a627de08ea810f07014daa5419543954d	d53ea5d62f9eee7e4e68c47a62d9e3d736280291c4103a3abe778b85ed09e043
word_70a236eaf145	entail	keep					KEEP_FORM_VARIANT	合法词形命中：entail, entails	fc03008053f4e7f210ec7776f1b7be92166366e2a2b953d9f550d9584371a94a	69472822fc56b5dbae40cf9e2c92136f4bc73db4f7ed4727a4fa96f1485eeebe
word_1d0439497fca	olive	keep					KEEP_FORM_VARIANT	合法词形命中：olive, olives	75cf64aed749479d892056bfa3a673d3ef4d0a339283dfc17c92e6e8ff780d6d	75dcb35d496ec3a343e29f986d78641f982168e3b9f909d1e6ffbfecf088eb3e
word_a6bc91ba7a18	credential	keep					KEEP_FORM_VARIANT	合法词形命中：credential, credentials	9851eaeaa0576a17a244e2af8b36f6b18366c184e472a3821d3303b97b52dc9b	4b2dc59be749d8137d28c0220f177c03f8466619d6c98c380a9417e8d66363c0
word_82b89b94c035	swirl	keep					KEEP_FORM_VARIANT	合法词形命中：swirl, swirled	90f8c975b0902dcc5e6a5eb119671472b3a7c1183584c208557a8dcf661cbb80	93a00d841b96178a1d0866454ca9f70fe1187bb63c103a0d21362b71a7544cc9
word_576ef7a38fa4	roam	keep					KEEP_FORM_VARIANT	合法词形命中：roam, roamed	9a813771573a64064fc3219fa17cd3c27838b213eecfd06e7ef6f92b2370de57	2f75aee2e2ef946c958d717dcc9940b1a18f4b70d850cb4f689191c55429bcca
word_3554d84748d9	fling	defer					MANUAL_RELATION_REVIEW	词形归一化后仍未命中；本轮不自动重写	e7428b461e09520795c58eab7a1b22393d714fb4667d6e2157c93fe9d804aa95	708da6d01c214bae8b8a11046dd0875cd191a3c6a4e34c8b07e62b2fc20f6049
word_c74eb7de04f1	viking	keep					KEEP_FORM_VARIANT	合法词形命中：viking, vikings	c204d272570fd72263e8a3fca0dd2f42f5c6d03536bfa7e6996f408391505fda	d34919335e43c00a788dda2b8f63755f8265fea8e5727884a037f08c90c28ccc
word_bc08daa35ad5	protester	keep					KEEP_FORM_VARIANT	合法词形命中：protester, protest, protesters	a89ebd335356ad9f2289aefdc206f6697b6ed5550ebc6d4831b85f18298a5b6b	3ee66711538b7e0b2146cf961520397883fb0db52f4321cfa98e102b6e2ff75c
word_9d1dcda85f2b	overturn	keep					KEEP_FORM_VARIANT	合法词形命中：overturn, overturned	eb7731d2d51f6841fbf22a5de8019993dd1e1e19105d94d5054270041ece51c3	ef6755e5f87a004e9541656105da402ee97a183802e1a016c14fab5bb89e9bb7
word_98885712bc7e	tug	keep					KEEP_FORM_VARIANT	合法词形命中：tug, tugged	ed741d68f60f1412c18617ed5d06f1228e30564ad711cb14e4bca1c56c24648e	a4dd8f59c7c4babde2e310f9ff6e7901851fe9d7fca58f5bddea6616c10a18fb
word_a49657f5a565	saddle	keep					KEEP_FORM_VARIANT	合法词形命中：saddle, saddled	f57b31ad4fd72d77a83ddbb7fc047c7f265a897744ce726ce31f0bfa550afffa	c0a1bda9455f5d59def26f3eeb027220a77cbc1cf85d0ed019ea22855c583ef9
word_f8d87ba15766	drape	keep					KEEP_FORM_VARIANT	合法词形命中：drape, draped	5289bf071edf7916c92abf4b33c746ff20f7f9729d40cc315ee54d6a6d764b05	c0cfa7e46f2d6926bc4ed148966a839c43a859579caf395dc120cbc04a18908a
word_2fb62c6c0d7c	emit	keep					KEEP_FORM_VARIANT	合法词形命中：emit, emits	4fe26f07c0ade32fee6f7b9cea64b93d54920ffc76157e9474a02981bd578c27	00f2b7eb5080f1ef22a120e693c8cd722578dee0591170e6c609c2b5e218d10b
word_016948cc39c2	den	keep					REPAIR_EXAMPLE_IN_P0	已由batch-p0.tsv人工修复	f1bc0e9f7e3ad3265ed22e418c245a7695dbff059f9c77c4dfd4864b862ac58b	9ec7e30121d5e7022df12dbf9b3b4aced8b7cf2594f380a88bc190219d417614
word_f0f762e84bb2	oyster	keep					KEEP_FORM_VARIANT	合法词形命中：oyster, oysters	db421372297c5b163966c5c77ccc96759745cde556444c882a75b328a252e518	1f65a54d611d28bf713b1578789a555aa0ceaa532bb22e62991a20db1582a659
word_a9a9a003e096	chuckle	keep					KEEP_FORM_VARIANT	合法词形命中：chuckle, chuckled	400862d074a2cedc08673a069c1c396adcc52a77780e21c7846a86dde06b2edd	c3c3e2a000c111fe97b271a7a2eba44313f5e44f089c414aaae8fc7f46b85ed9
word_b96edd6c3bb7	fairy	keep					KEEP_FORM_VARIANT	合法词形命中：fairies	051644aa8d8d8f379dc774e88b19f46e7f370371a096f40c4f7ee55faca5e000	babb24447302a44cb69f7a513fc34aecf432f0cf521df522195589a9268c31e4
word_fb730def2600	freeze	keep					KEEP_FORM_VARIANT	合法词形命中：freeze, freezes	840cb514cb36a9b6524b42063bef378f0d2c4ca7df3e24a47524eb16b97ede00	6487677d479f683d916fd821b39dbec326d44f2b0b8de563d67c84166aaf6565
word_30777cac4156	squint	keep					KEEP_FORM_VARIANT	合法词形命中：squint, squinted	17e9550cf6a1a66d3524b02441ecf4264f053c0ea4d52f4c1a474d11c691fef3	40369e9582653994aa1d25c6d8b059315774032153d84f06249f5fd59b7d0b8a
word_3f490fa2040f	recite	keep					KEEP_FORM_VARIANT	合法词形命中：recite, recited	a427fd35544a9d8df29df62112858af485e2a1d8e7d44b5936cee020a3133720	11062afb31ab630adcb5db52e9d95406557106a1a0120c7279964b734d19d966
word_801dbba55877	thinker	keep					KEEP_FORM_VARIANT	合法词形命中：thinker, think, thinkers	0a88e86c180d0aa8f7b230f319f12fa102a0652eec8df94d4881e50d7326479d	c5fe0a963f13cd6cc2bccb00bdeb4686428673874ff0000ea6364fcc44219145
word_555ebdb4d00f	blossom	keep					KEEP_FORM_VARIANT	合法词形命中：blossom, blossomed	e04022494a4fdad1694edd3030acb065ea1d199c1155b527e50611f1a9193239	bac3727a7048b9bc3e64fddc551100d890009a373dc1d9065703ca74939ef98a
word_16d2eafffa9a	smile	keep					KEEP_FORM_VARIANT	合法词形命中：smile, smiled	810da283638e0c2bdfd2f85d2ab4dcc7442a9ed136a8497f4718f010c5cd3309	7d332119686d7b0d811d6e535a929de858fedaa2f3122744be0ae1cd4a0c5c15
word_d8abce4e197b	spur	keep					KEEP_FORM_VARIANT	合法词形命中：spur, spurred	b9ba7c06976cb95df3ff5c9cf8a006ba7b6c9d8e87193477aa34dceb6f5c53bd	937b9d614859ed4b3bab66fe2c0b7aff859b67ca9992edab5d9ed3f6e65147c9
word_3111ebbb2301	trench	keep					KEEP_FORM_VARIANT	合法词形命中：trench, trenches	c308eadf114ca63496632e14ba1c7528ab8635dfcb54c82c228fb0643ff41d64	76101bf66a254cd4c8a58a33ce8075c4305e062ae2232a364c0afacb7f8a4679
word_780d55d2b5c6	whistle	keep					KEEP_FORM_VARIANT	合法词形命中：whistle, whistled	92328dd2e0096f16da3fea85c7a082256e85ef06578fad23c1d08d1f070ed3d2	1afdc26a48a04b6b6b110b3d40cf921c6b4b9c2b8387194839eb7224249cd011
word_391ec25df778	spawn	keep					KEEP_FORM_VARIANT	合法词形命中：spawn, spawned	76625211f7129cd70f2bf0929ba29e9a6a2141204e6317aeb65e99059ad3f633	bab3b8b2b1420ccda4d46584c4c4f56da080f24cf468f8232e1bbf7a15c70fbe
word_a447e7bbabe0	inflict	keep					KEEP_FORM_VARIANT	合法词形命中：inflict, inflicted	add04cbe685ef339ffc0d6c303908e650dc5609c2d49d3ad4efb3b9b769ec2da	58be37149345f0e2a4d302a6777fe505ffe32d04098544a54c2afa3c6d2ff401
word_9b1d4d009445	pillar	keep					KEEP_FORM_VARIANT	合法词形命中：pillar, pillars	dc325cbe90e085570276ecd4d3584a2f507701f5542c49057ed17bc3f4090465	0206c43ac4f32d635f0822adf8439080cf17d58f4ef681b117a73f8366d6dda9
word_c55f23d20c89	policymaker	keep					KEEP_FORM_VARIANT	合法词形命中：policymaker, policymakers	e8379fadb47c58718c2f928bca0fa0e02f88fe373700fb74c930fed105c14363	946da8bb08ef935d6e4b6835ab64f3f58c2e559ce3651d8edc3d1ba1455a45a8
word_e1bc6907255a	hub	keep					REPAIR_EXAMPLE_IN_P0	已由batch-p0.tsv人工修复	b6bd794762792984538f0046c89c946210fa7e9bbd2ae3fc0291727a6628569c	5ed1b613269955d4ce2a93cfce8e71badd0439c9f33fc0ee9ab11c0307b5cdd6
word_066a7f34c87a	symbolize	keep					KEEP_FORM_VARIANT	合法词形命中：symbolize, symbolizes	9a48588c58c143abb4bcf0806e17cdd6919c7e6e4e97569b0c0b1d726fc04e68	20833a784cad6f27dd2bd1ecdcfb7eb0011252a73f0fca1099340c9579cbc0c2
word_4b068e35657f	hurdle	keep					KEEP_FORM_VARIANT	合法词形命中：hurdle, hurdles	6c4e2b475e6bb82fb54df95f016ce94d95c31fb374361dba2e275e3d327f4453	d37f19006b6639a42e9cfaf06e69e394c71927c570fc404cec09f334a608d0a7
word_7cfa2e8c1e8d	propel	keep					KEEP_FORM_VARIANT	合法词形命中：propel, propelled	d550a3ab49f275f22d3ee76df188127dd521b0f7b07f41953c03635a2df8ab83	62973d7186dfeb01301896de130a8dc77d68d3eb6d9d5f34857372065c2f13ec
word_39846656b41c	distort	keep					KEEP_FORM_VARIANT	合法词形命中：distort, distorted	6205926d1f457e746f0235f9f0406b388b25363a5d717ee8f87a7e80a2ffe6fe	33e0a49c4436ebb2ede71f0d46dbeb69fc91c049a684a346004580dcbc6b8989
word_2323751ba855	stalk	keep					KEEP_FORM_VARIANT	合法词形命中：stalk, stalked	317c076d3bbcb626300a9b6f06c7aec364b1831549d13946288049cba8b42f1f	d3cd38f100e77dfabaf4eebfb02d6fe9cf635f6cab8b1192d3dea7498b514e01
word_fcce066c2661	plague	keep					KEEP_FORM_VARIANT	合法词形命中：plague, plagued	bad8337855b6e95851c0be31d2ac14d40eb843ac0b9e1b47b936195f4fac6190	5b6d3ac3c62b1724f0d9b17da2bc21f651b39e6773783ebdb660690a43d6804f
word_af9989342851	smoker	keep					KEEP_FORM_VARIANT	合法词形命中：smoker, smokers	967c5900b89528041922966ac9362a33db705585463e59a15df8150a832b2f7c	0211e84bcf101ecaa0329e282200ee0b7be8b0ef52586a68ae909b7310676df2
word_4c705eb63265	withhold	defer					MANUAL_RELATION_REVIEW	词形归一化后仍未命中；本轮不自动重写	3df4a8874408f1b9d132cf266a55528ca0b107ebaa5f2907ebdb5bf15d16a5e6	f0ef435b1ee37477d77b8f6129c985edca3a02f38991a4bd616a56386aac733d
word_8e14837379e0	coincide	keep					KEEP_FORM_VARIANT	合法词形命中：coincide, coincided	86f2f8c936e9b3348cdd280d345c3213e4ec0a95276085e302e1c4e5d3339270	ff3c174361cf242ed68a4a569b6dfb6d418c9d5233c1af536ce245aa08261e27
word_b4a197eb0b38	transcend	keep					KEEP_FORM_VARIANT	合法词形命中：transcend, transcends	8fd7fa5620bcde12fe320d93ef25d9a0d4d236959539c3aa480c8254ab6a4aef	110285767c1f07636f4bc26a57455043c09314a0063e15225250d65e214537fe
word_ffcd0ca5e156	elicit	defer					MANUAL_RELATION_REVIEW	词形归一化后仍未命中；本轮不自动重写	51f6c80f6091d740523e0c53f90082ade1671f3fad14caec82c4e4333fb01cfa	9c1402f28aff0156332ad79191367d87ede5b5a8443112972392dd18eaa73837
word_81b2ad273576	bolster	keep					KEEP_FORM_VARIANT	合法词形命中：bolster, bolstered	5ec48498fde596179a5cc8c248eeac63448d7120d85f9c5b269427efd74e9d84	2b674e5d5421c4bcb92d7b08fc830929e2b8efb193b9ad681f35b410747995b2
word_3485a8d5b466	splash	keep					KEEP_FORM_VARIANT	合法词形命中：splash, splashed	adca1d7f21a12899f8a010b0b32098976b06835587b877f13e95b6c23172e2ad	d4eecb6207ec342ab157ef23b7a073861a41b6627896d3e5f1a57c504b54435d
word_72c30a68cff3	prestige	add-form		[{"word":"prestigious","type":"word family","note":"形容词派生形式","source":"semantic-quality-v1"}]			KEEP_FORM_VARIANT	原例句使用prestigious；主例句已改为prestige	7c06bd79800b075e19b9cfca488dc7a7a192a6cf510ec4558452a1e181e299b1	fe54bb136227372843387334788ff19140e0985c5a32664356bd5522de2255a1
word_4e63d077c3b4	score	keep					KEEP_FORM_VARIANT	合法词形命中：score, scored	c9b031add97b21a6ad1140496c4ae403d4f55fcbda8ef1b6652129fd35f27328	27ef10d44277be68986a66e7e35293e95c164472eb26d84fb513bcdd6302cacb
word_7c6f08d7ed7f	crouch	keep					KEEP_FORM_VARIANT	合法词形命中：crouch, crouched	d84595957acaaa124178c45738ae7e96a08b4bd7eec8e3846cbae678e7664975	8e07b00f7a9956a58a8c284b55c4ffbeaaffe706ad702ca0b05c192cee038485
word_d8381a0199ee	conquer	keep					KEEP_FORM_VARIANT	合法词形命中：conquer, conquered	f0218dd7f920637b073f9305701f11f45efa838abcdf4d6b94035f56c74d4548	fb2d9d079f8680c71ff58cfef21b04085c408d437e76f153c07cc7dc801bbe88
word_b82655d70a36	endure	keep					KEEP_FORM_VARIANT	合法词形命中：endure, endured	ec725bfbb4646fa6c67bc6c44130221210d13bb5be9527b1ff4d94fea5840625	3fa706eb1e20876d82b7a4c67d238500bf4f61acc9c64ecc4bbfcb94a3090eea
word_047d88042ffb	pend	keep					KEEP_FORM_VARIANT	合法词形命中：pend, pending	a759ddcff1b22154d0be479284090ed481c057143e659692f7fa5dff5db7cb5a	ed6aa74f0a6cba15a094c32c44b5ea45b6ccb56d8785c31c2fbd89f420beb3c2
word_1c3ab5fad73f	angler	keep					KEEP_FORM_VARIANT	合法词形命中：angler, anglers	9edb88fd5eb41cf6d6f23132619e3387664d4627e0c0936613b8242b586bbde7	894ade76bed644d9c662eab2b2cbcd2d45a2e2dadbf71da1f26fd7deb5981367
word_74fba796bf57	slump	keep					KEEP_FORM_VARIANT	合法词形命中：slump, slumped	b839335ab233064be17b373a29a42bd136709b5b5977c5d7af33801b6dcd38bf	4056a4c28643acb7fcc620a6461ea0d2f2cb4ac1c3ab4d1e9bd5ae6dac10e2e9
word_5a8eb7ae9e7a	hum	keep					KEEP_FORM_VARIANT	合法词形命中：hum, humming	65c07126ac7be29d40f934bd03d028d8485a5d7f70255c58b4fb8c62e7b7a3dc	f3399da48d3dc892eb8e465cd2c0ed04a507426a03261fd95c21bbe0a5ef206f
word_173058473e49	batter	keep					KEEP_FORM_VARIANT	合法词形命中：batter, battered	49af158e6df54c85e60536df13e26b83956035804e7e9c9ad22a2b231616f8d9	ad24c28d96bdcc797c0f0130e9ca9efaf1f6346fe418e8ca256de16189e009fa
word_2fff7a84ccb4	erode	keep					KEEP_FORM_VARIANT	合法词形命中：erode, erodes	2eda88aefaf8527c32abc7379e3f42e7c2adece29de6a4ba16f3b6942101d779	6f02d6e2249ff02a5761aa50927ae7d3d596f755fb812ca355a61e42ccbee9e7
word_702dda9fa297	pest	keep					KEEP_FORM_VARIANT	合法词形命中：pest, pests	6ece597a463f1f5e8a3e49d6703ed5ca4768e19985195b5baff98dd5005a4188	28c4ebe4c11017931f0211fb82e89882335871a227b24c4e91dfb22c3b37dca8
word_c629a05c39bb	steroid	keep					KEEP_FORM_VARIANT	合法词形命中：steroid, steroids	768b3e00c26487252566f76dccfa47811eed0b143249dbd0e9aa63d489be7c19	ffc23bcf50702ff7595fc02221432f3ea4cc5f6becf7e19668b45e1023d87030
word_4fc0715099a7	boomer	keep					KEEP_FORM_VARIANT	合法词形命中：boomer, boomers	87f14e0fb4db8c3722f8fa18514b838a6fb5bea91286234a94b170287cdd6360	acf5a6d0abd7e952e9e8cd80926aea680b980588458a62ed844a1f3467cfbf32
word_8985533641a8	surpass	keep					KEEP_FORM_VARIANT	合法词形命中：surpass, surpassed	b750a12757acaa56f0b5a81bc1377774d8b8f34a13b4d35c0849c2a2c84cca63	c090a245eaab3c495168f35c3f21cfb3ab88ad024db4d34f846c6ea94c4a6c31
word_82273279ef12	pluck	keep					KEEP_FORM_VARIANT	合法词形命中：pluck, plucked	f5d261eae837601e9a040753364ebd5847d6cf4245fb8010a64db064195b6377	90e3909812f273c575b8989e4d88e7b35094b86c7d65f4bb92662a3dbb1cf495
word_4b46795f3c0b	chant	keep					KEEP_FORM_VARIANT	合法词形命中：chant, chanted	8627f6c5c724cf7cf86d1e91e235d511dde7b8cc5c54b8a76a00d034016bd1cb	23c976f02ae28f4297c60db6eeeb777741c4df7ea66b3577fc76fa08c8994e3d
word_eeb7321d9853	tout	keep					KEEP_FORM_VARIANT	合法词形命中：tout, touted	399b9fcaa01fcbbc29dca7107bcedf65a17054e28a2f4fd2e099b0f12ac2fed3	ecfbd8511e7622df2758aeeb9db827c29ecb5b40a854d3bfcfde222d758c794f
word_fad66ba0e7af	enrich	keep					KEEP_FORM_VARIANT	合法词形命中：enrich, enriches	dd97942bc723ff0d99e521ec086e81156c3178c03eda7f7fcb771008bede9407	f0882df19e5c66e2bd70ab4d1670e3d4754636af455879e4a28a64d3b7ddf7c8
word_0e75ec1c5ced	ditch	keep					KEEP_FORM_VARIANT	合法词形命中：ditch, ditched	2eaf37a8379ba046af66f13e08d39503da77fe88b999e06d192e29add545bb8e	187307ec33d9cbd11b25f7017bfd6108aa4b0f8d1faeb1fc1464a73c1dd6177b
word_ef036933ee36	unlock	keep					KEEP_FORM_VARIANT	合法词形命中：unlock, unlocked	0868f46ff6c1db2e26d76b0e994fe64ea72d4add87ea43d0a87eeb01f35db02b	72cb624e4ba3c662bd2fc38488443f7089a93408b793dcd3fc2061bc90dc3b04
word_c3e62c92da6a	destine	keep					KEEP_FORM_VARIANT	合法词形命中：destine, destined	54fc1683a3fa14f0d931593611a63dd5d2789eec75e7e0b8891e7db0f6d48fc1	b0ff474bc757b3c4925738bd8fe1c5e5071e73197594cadc16af2d34e50f1847
word_76f8dc4146a0	squash	keep					KEEP_FORM_VARIANT	合法词形命中：squash, squashed	065344643c417887e6290e0b46935353288b18df352a635032bc373f7ebee876	8e6302e42557988e90944adc3b57cf7eb6d1a58ecee6c9d4dcb2d6514eef6570
word_b76ad8c4c1e3	claw	keep					KEEP_FORM_VARIANT	合法词形命中：claw, claws	0670585fb44bfd6f15d6a79d23363a907cb9406afda2168a39c1edb9eee00a4f	bfb2a75ab643dd1687ae17fd56b0f84007dc9ed8df53807da76f8b66399e4a83
word_0ce781ae1b8f	dodge	keep					KEEP_FORM_VARIANT	合法词形命中：dodge, dodged	b20244d6ad00d99e9507b2153286792bf542fab898db858f98c305e802cdd018	27ffab149c2ca631c0e2f0f92dc5f08a0f4907d4ed4102d883c8dac7c1b8f9a6
word_7e0f269e8dc4	laborer	keep					KEEP_FORM_VARIANT	合法词形命中：laborer, laborers	65d7059fdc1b0e9a376aff3cd53d069d66f3ac1167403d633d0e1c7e26f8d283	8602cc20197289231db6be03ffb2041b617e961a4c59eafbfd4edbae12597761
word_14f5d2a99cbe	expel	keep					KEEP_FORM_VARIANT	合法词形命中：expel, expelled	a91cb9f07597d2c6a1d63749c18765a0760eae2469769796e21c12cec9627d8f	f93a746a35deffbc776cf226da6dfdf54bb57005ca1bce47a7d295304154f1f1
word_e0b3e6033df4	kidnap	keep					KEEP_FORM_VARIANT	合法词形命中：kidnap, kidnapped	51693bb877beafac26cac5bc18cec950e09fa494507f188153dac39c8d1d8e39	9d514fd8c9ac8993e18b30fc6522e1b71d786d99f9cd25c418c659e812c60e91
word_da93b81577fe	grill	keep					KEEP_FORM_VARIANT	合法词形命中：grill, grilled	6a3ee823083b0b8f63ae0467f51f8f9b90d203df02ab56ad7f63499c1983096f	3e46311ac5b5481c10819b88ab02fd494ac2a23361bdd7d3751f27e27efe6b41
word_bba57c3ae644	excel	keep					KEEP_FORM_VARIANT	合法词形命中：excel, excels	b118678595e8a4fc968fbf88df51aa88e5f540be44cbae07a056ac057bbb6abd	327a0060a28bdaee542420b24bd2cee2459c9e02769b76c21b19803172f4a209
word_269355312800	intercept	keep					KEEP_FORM_VARIANT	合法词形命中：intercept, intercepted	df1333b2e66ef4547f75294857c104bac93f3d8991980a1de3f26e86d984ac6d	bdf5293b5e11c3a839a9c979e161525f8c33de28b4291cd9014a290f4b1991bf
word_8c78c1adf1b2	cylinder	keep					KEEP_FORM_VARIANT	合法词形命中：cylinder, cylinders	0bea0912d2b54433a924da586046b6842e0381484b94841d2dddc08db10c0871	049ac6d7e24b9753152678b98868dd8074fcdb9cb7a7d0740a3c30a03d2c1567
word_b753ae2bdd94	glide	keep					KEEP_FORM_VARIANT	合法词形命中：glide, glided	337f0b44d056c6b6adbb8720f95d83340d0297386c9aa8f3ec213273e0c0bbca	d80be07f5fa8908e8af974e8d86f0dce5414d86ecc602ff9712b6c42b62bca3c
word_a04e6cf3fa2d	precaution	keep					KEEP_FORM_VARIANT	合法词形命中：precaution, precautions	96db5bc411eb17721051331eab2b2bc6ae77a540581c9cbbc3fdda7f4fbc79ea	2e3252b571b9c96948255399b935151610fc6cd4a0b5dcc8fb1715b4846c2b31
word_58bc8cea4db8	awe	keep					REPAIR_EXAMPLE_IN_P0	已由batch-p0.tsv人工修复	83c5e55ce86bfe20925f7a60f022923be847f0b45af3c799d5ea4805fb5ceaf7	af6048980b4d7c4e5eeacf90b3f0a30df72cf038a121565c6263ef857a867b2a
word_a11cf92c464f	paralyze	keep					KEEP_FORM_VARIANT	合法词形命中：paralyze, paralyzed	b3a472b438c678210282e70550696c64dd5937f319529239ba4fdce2dc94d9d2	6b7ca562de7f29e7a13001e1bf6f9859b8d0b131f673b2cc195c165f9131e656
word_bed1919e97cc	shrub	keep					KEEP_FORM_VARIANT	合法词形命中：shrub, shrubs	df7dc20813633fa7f50fce37ac875320e17502d2fba57a8e37d1c92e99e0c902	7f14ed322033e1ccf9bd8bbe36f4fef3e707471ce75fe44bed2fc4d2ec5c2e40
word_cb9cd71cd826	consolidate	keep					KEEP_FORM_VARIANT	合法词形命中：consolidate, consolidated	4d31eb2d2c182301a4a963f3b3834c461ada9e991e33c4384c143091fc84fac1	f22f50f61f3f98b6955226ce0e9d7833aa9e64ab3af0d2998d2cbcd15a7cad30
word_d57456335e10	arouse	keep					KEEP_FORM_VARIANT	合法词形命中：arouse, aroused	459a3512f57bffaca010d85ef4114563af1031d546dfc43f1bc457517223e83b	f1bbfc28958d16f59d8668eac11e512a8a1b775647523304ac4e35e4c3c2d1d4
word_0ef1820e9793	exacerbate	keep					KEEP_FORM_VARIANT	合法词形命中：exacerbate, exacerbated	baf843a0b556b2df31913772e2c645d456897e6c5a4b5e836face4d83db7837c	5094c2c2256c41faf2118a1cf0b9ca484d5c4f57b47cfbd98c08fe36de9373ac
word_d64217c5cf75	groan	keep					KEEP_FORM_VARIANT	合法词形命中：groan, groaned	2e6f9bf900a029b96a29144f6c4c847708bc08e604e9fe209e0275d0e664bccd	495d298ba563a736488ab46847a48c6896acb5ddcbf76e45d3d67333138849b8
word_d3a7950328a6	populate	keep					KEEP_FORM_VARIANT	合法词形命中：populate, populated	d082d8535ddc73cb31cad60ba2c1a5f2031caea6051459a9f3d7bd26aa930aee	c4e5433616798a31728591443817da39dc866bf7c87be54331e9f3fdf1686a17
word_839bd637fea2	huddle	keep					KEEP_FORM_VARIANT	合法词形命中：huddle, huddled	1d2cbb50ba939bdc006beb0e8ea05eeea934090ea40ee0ff4570379dae62b4d6	5fc73af9d0b644e456ebd6218b49ed54c30f80e1b3367d272ade64fe56e1943d
word_f682b23f503a	pirate	keep					KEEP_FORM_VARIANT	合法词形命中：pirate, pirates	a38d246a03a0259e43b27a4ab876313e4d8d1fbcdcccfe21c138055267ada7dc	7ed123b29a260bdec4e8358b5401d2ce3136a357840a935e1690c07f84ef04bd
word_d05481e8529a	wreck	keep					KEEP_FORM_VARIANT	合法词形命中：wreck, wrecked	5f34b2e330f6fe24e638154f8b0c0e40489f2c24297f82ab185149a8b801075a	20eefd01d8fadb6c22861d587138bd223046d25626db37078809b63fc9bdc1de
word_2022dfd974b5	smack	keep					KEEP_FORM_VARIANT	合法词形命中：smack, smacked	910fd43b63b444c5c1ccaacc5ac7559e5ee8a11ffdb155bed368c7f897f5348e	c40171aa1cd049222f14bd171f6849e9594e330419b286876d9fa78444c80523
word_2556c110e725	pearl	keep					KEEP_FORM_VARIANT	合法词形命中：pearl, pearls	78fbf202036ef34ffbc41009682e1bbf2ba20387f1d88bfcb1996a0194a6f1e0	76484386af8bfd82107ea45fad42214ac48430360b7e901d96dd4cd608b34329
word_d0463a0e4bd5	currentaccount	defer					MANUAL_RELATION_REVIEW	词形归一化后仍未命中；本轮不自动重写	dbcdb12fafa0f86d4c6297507d477ce515ec29bdbfa27464eedbde1b62b9cff7	478519af55e5960360bacee096c28c851137123fd93e221ab9f31473c49a898e
word_5d801808f9e1	retiree	keep					KEEP_FORM_VARIANT	合法词形命中：retiree, retirees	fd4f32485a903c9f35820d05dd79fd07c44fb26de0a3a69efdb3d04f222dbe44	80793d7103923e35684edd2dc8f692c298268b13cd9dec5f231d5f735e4f3b96
word_26b96c623064	dart	keep					KEEP_FORM_VARIANT	合法词形命中：dart, darted	5b256ebc45a32fde4c6bbacba0916d2d1c944ceeade0b2f459c93ca35a9aa503	ad609bc7ee70c06882e7eaaae3ec6993e5c0dda3e3b0cd49f1055d3d8e6f7d5e
word_e83755fe8649	wax	defer					MANUAL_RELATION_REVIEW	词形归一化后仍未命中；本轮不自动重写	3bff7124e86eb372ffa46c628e79a02223f01f651d38794d2ef41ab69c47b8f4	c32db6e8de7fbb769bee8585ab306188a7fab841f07901ec9fa78c9f875fe7ee
word_ff17b1a59230	sob	keep					KEEP_FORM_VARIANT	合法词形命中：sob, sobbed	c3ecacadde23486d9ed67b20ccaf9dcac34eaccf7285748adfa6eb058b0e81b9	83f9078a3baacd72e92fc5729f504b265d88703245a63c2b82c1b64d2c236bc5
word_78e0ad4844a7	adversary	keep					KEEP_FORM_VARIANT	合法词形命中：adversaries	354aa8e43287e79cb32edca5d0f1b882cebf9ba3b47d709d5acc5c0a68d1b309	e9265b63ecc44711c2b014338e41c535b67886cf0b25bef2efa096650bd9a65d
word_f12e916b8ec8	fingerprint	keep					KEEP_FORM_VARIANT	合法词形命中：fingerprint, fingerprints	be170834056c18bd1dd78ec6f355e7cca449e278a1a828e0bd0d6ba9aa99bef2	5d4ca002a98900ba137d5f271b9d26d82be6f99c0ed3bbead838c0e7d4b17bb2
word_0aa60b84b861	turbine	keep					KEEP_FORM_VARIANT	合法词形命中：turbine, turbines	5945ef21893e5b961454a45316f24fb774fcdfea0d72442c93223fb9d55c154c	a53b78272042dda92bcb7741d66020c8c714f282660371a34b32b6883c6ad9ad
word_43c3a6af0da3	showcase	keep					KEEP_FORM_VARIANT	合法词形命中：showcase, showcases	61d285c12bd23578cee759ce8a5d5a00864d1ccd1a4b471b0ecf6f013549a7e4	436aebd8175db7e5dc17ce1fbd9524b3299f5fb24daa7f7bd054e7fe3b4b2500
word_8e9966fc2692	stump	keep					KEEP_FORM_VARIANT	合法词形命中：stump, stumped	2535fa2e5454cdc4263f7ef3f4e1813806938c4626f9ba3b773b5cc17152e596	9e342cf9024112475f66109e74f1c8ede28815f169462dac88dcfecf01bafd4f
word_717f28876119	puzzle	keep					KEEP_FORM_VARIANT	合法词形命中：puzzle, puzzled	8251c32a6463d41dc4ebe600ede10728f4e29cebefd0100abacc7005f38e0d69	8076d7ad049e826840beb94d52b8b4b4c54e76af79eafa26606c4364fb1f9654
word_0e0f624846ca	hurl	keep					KEEP_FORM_VARIANT	合法词形命中：hurl, hurled	32a4b0d74b2dc0311973d4582e228d53e49fa1f703ded7073c9478a45d6a13d8	3ac8e672b1d2b938be9f9bf7604a98137f779d1723d89a91e87068d326d1b0ce
word_b2d93ad3d792	emergencycontact	defer					MANUAL_RELATION_REVIEW	词形归一化后仍未命中；本轮不自动重写	7040f22d68932bb30abddf2734200636bf593f88f6cc6110388bd92a548d810c	24e68ec1f42d8684849751b4c3660bc80dfe5757660015acaed91f924c490c15
word_18f1cd3f3c0d	giggle	keep					KEEP_FORM_VARIANT	合法词形命中：giggle, giggled	219696897287227183655efd71617e33c23e8a42141398d9eab5edc3bc87f429	d2cf48f187e191b1ba3f75d1217ba8b4a4033bc527701061aed7fcb6ccd94e6c
word_8d5562406682	disguise	keep					KEEP_FORM_VARIANT	合法词形命中：disguise, disguised	7852ea23f6a621704019c3acfabc681f61023524618c4da16324fc95a9d3e8cc	d496bdb4f7e663f4561656d1823f10ab312842132594338590d04bc5bf83352f
word_3baf04ea0df4	amend	keep					KEEP_FORM_VARIANT	合法词形命中：amend, amended	9fe1c1f2038a4a5cc64a01d2f1221cc85fc7f5d646973ca9bcde0116fbfd6d84	9f5e6400169e832dfb8271bdc39655fe3d55f241e8b0cff0a03a3c93ec02d677
word_15852edb203d	ignite	keep					KEEP_FORM_VARIANT	合法词形命中：ignite, ignited	086c9ce5638ebfa5e87794bba0e4ffbdf941c52268f53866d0cb218e128e9623	a54a03c4efa15e08c9954d86175ecc09bae25d4c3bd916e59aa3d0e4d06a801a
word_8c20c9f7e314	bully	keep					KEEP_FORM_VARIANT	合法词形命中：bully, bullying	ab8b0c8151516228fd4e54c0fd6b9c623355f183c67e8fe3ec1556cf98a209b9	ec7ebf669685832e11bf232091cf3d1515bb382e468910034bb30c24b662c213
word_d550272551ed	revolve	keep					KEEP_FORM_VARIANT	合法词形命中：revolve, revolves	513175c24f0ce31b9816ec506cc2b2da978ee39be93d20cac2c23e66f0029460	0b9fb67ea12a5a971e4c57be3238624b292be5d674ab2c86b383e72153362d6f
word_2170fb24eaeb	repeatprescription	defer					MANUAL_RELATION_REVIEW	词形归一化后仍未命中；本轮不自动重写	595445eb4a51ad6bc48354ce4f9033ccc535c7753ce1f11d8d21e4bc5eb5ddd7	7d2007a0cdac5656211a43184c9368e5f882c0f966052800c142cfe816c74803
word_f026d80ccc95	inhibit	keep					KEEP_FORM_VARIANT	合法词形命中：inhibit, inhibits	df490c029121c1de2939763cc28096f44511dc7c9c8d95f85268098702e644e4	3b75fd145fcfdad189f46e615f19a14629365370484a99b1b84bb9a929256ecc
word_b3cd756fcc4b	startle	keep					KEEP_FORM_VARIANT	合法词形命中：startle, startled	2c8b903e2c10c37e26919c7c8cffa0414dd431c7a3f3f5908e4ae5fd5ec73c4b	f50774261a2f81941ba7b7471333f2f59502240276749b35324841bbd66a6072
word_260adfd8db8f	disperse	keep					KEEP_FORM_VARIANT	合法词形命中：disperse, dispersed	e9dd9e152f6479425d8873563e83fbde00eb54afc382237321c1f6186663edda	cecdefb78dc5c811b6bb87dc3e88d488973503d48f57e1799784e68ea8063bdc
word_ab580b5df1c2	flatten	keep					KEEP_FORM_VARIANT	合法词形命中：flatten, flattened	67d7402c9bd0e5fec7c9d211b03a44cfbc48d8bc24370fa763c9ba46a08779db	2e6ebb4b4765c4b979480aa4965658798786ee4f318b87d13618d46b7aa77a36
word_5e95f4b7fff3	peek	keep					KEEP_FORM_VARIANT	合法词形命中：peek, peeked	ebe7aa5e7a00ba6dcfc6c797fa8872618d84a5eb07e1c057223c227ef83937af	b827127138bc155fd27c60d5dbf2f565a77f88c9ebdc3f249e7d56cb44e9aeaf
word_dd9832663c96	wield	keep					KEEP_FORM_VARIANT	合法词形命中：wield, wields	e645e9efa209658e1ffeec4c6642433e0647609b9f38c5e4829c5942107b5a0f	dcd105bbcef721845ecab8cb44e0255936f78f30f777af0ad1b474e1dc34a457
word_9e4d1491ed22	mumble	keep					KEEP_FORM_VARIANT	合法词形命中：mumble, mumbled	b884ae0d36f6931be51d3cbddd58d85b26e7bcc0952a96c9a7536bde685d7df2	97fee01d3848231db9f54067cd91dc49ee25bf7069e80a7d35bd20244417bcbc
word_727635274570	liberate	keep					KEEP_FORM_VARIANT	合法词形命中：liberate, liberated	7b33c574fb6d4f6099bbc3f47f90319bc60bb2ce78198cddf3be9e574801eca4	d9fda835c06fddfffa5ec005dc1c4f00ae6bed6dcb041215b092a9a4cbf1fe0e
word_6d3d1e43b143	almond	keep					KEEP_FORM_VARIANT	合法词形命中：almond, almonds	c5f3b14e07f2c0a3b183d268766b5ee2a827fcdeb9b72a62b184a399fb734022	f0942d70969d103e2448eb41d8a1e9dc1491ae93ceef7829dd1dfc6bedc58886
word_69e5a40e6a2c	topple	keep					KEEP_FORM_VARIANT	合法词形命中：topple, toppled	b11b75fe82292c5a464e59bc1467d2c810dc2f03759140bdd73d7cc2ad4c58ce	745d5322e8c4f55d62a35de4cfd4433e549747467f0d05dba26c2af312c8a249
word_b471e083a1ab	reel	keep					KEEP_FORM_VARIANT	合法词形命中：reel, reeled	9f7107032de2612178e317a9f4ac03403c9c8b03cc4674d33f4c86f22ca99788	d58fec2b459a0abdaecf707fd22b634c1d45b42ae83ba90171e051bfc34f81dd
word_202b7e683ebe	crunch	keep					KEEP_FORM_VARIANT	合法词形命中：crunch, crunched	b8d4562d2b2890241fb0bdcc5658e2adc6d5e047665c0eddbf7240a1e94b072b	602873cc9706aa801690165096b542596a79b637baaa8896d5d7ba9fddb306a3
word_6ab1d184277a	escalate	keep					KEEP_FORM_VARIANT	合法词形命中：escalate, escalated	59198ffef33622d15a91e212831dcca3f09904ca4d388732c2633813d1b5db95	07493a46e4c4f6d771aa471d4bcaf0482eef0f1626c6bd3d79dbd6451152d8f4
word_0a22abd28de2	mock	keep					KEEP_FORM_VARIANT	合法词形命中：mock, mocked	85bc6ca7754d917450c423ed8c8afbb13836fb1053aae0fe81844ff2ce1b82b8	a768b643738f4d9cb1953f15b2f5cd880f4eea22efab434fa021c26110fe69ad
word_b8d78f6faacf	scrub	keep					KEEP_FORM_VARIANT	合法词形命中：scrub, scrubbed	245d4e3f8e9ac546e5c2ccfea30414b4055f35c06788f5db208e1f201635b197	bdc1a930be2b261f3438ac91a50772da54c57ab9802ef43edbc4e22789a24ea7
word_8b60d4d93b89	sprawl	keep					KEEP_FORM_VARIANT	合法词形命中：sprawl, sprawls	01ffb10fcf69da0acc30eb225e264e3d20fc31febfee5d7eba1013f310562b75	4d266236fb24d6a61b09bfbba5052a714ad2c2cba9ff30689f619103ffca6c6b
word_aafb4ae50c01	detain	keep					KEEP_FORM_VARIANT	合法词形命中：detain, detained	ec8dd442aba302ef1458c6490f6f0d4307054d2e369e0e75928f681a3eb4be5a	a16c04450a6e13ba18f947ddcf91066503b58dd88ca83b8223408b3c7a9ea01e
word_5de15a5b5c16	redefine	keep					KEEP_FORM_VARIANT	合法词形命中：redefine, redefined	adf1a7c6ebc6e3bafa0266ed5705157cffd90e4ad491e233802f9923aaede5fe	912cbbc6161959ad4afbbb4c62179dc8c9b4c7848cc23402c4d5cb8fcdd10968
word_baa1b7817932	collide	keep					KEEP_FORM_VARIANT	合法词形命中：collide, collided	64543aa0932dcb9ba022e6b8abaf97745b1906bbecc817136f15842c4f54119a	7e511ac1447bc42bd07fdfc598c1caf1224574cd5e425657436274e29ac62ebf
word_2d795464134b	bypass	keep					KEEP_FORM_VARIANT	合法词形命中：bypass, bypasses	e3174e57cc5fddedb78ee25f1712e62082f694cb52042b127a50bfd3cb0affc3	5dd6fd1eb7a5ab24370a0db4cce3e2368021b8e5d4242a0e99ec898318ef3fd9
word_57a14a9eeb97	vent	keep					KEEP_FORM_VARIANT	合法词形命中：vent, vented	1a37f1584b07bc5c3142d400401e7172d08e42245131c8b3b81d09a8ecce685b	436939c0de2220f95f74c3d48c1882415cd95ff49349ba5466b1eb3e68b1c803
word_3f186e3dfda1	binocular	keep					KEEP_FORM_VARIANT	合法词形命中：binocular, binoculars	e82421fcbab8f562833093a034929b71654f1f239769bb58692b4201f156a02d	c6a0c00f104e79c196a5aa2dccee6a18938b00e751fcd8cb1d2eb25d8972ed5c
word_2a295fc2ae15	bra	keep					REPAIR_EXAMPLE_IN_P0	已由batch-p0.tsv人工修复	fad2258ef39e7cace25715745454b8bd002abebc692edba3e3328922ec58936e	492818594b7ce777c6135f8af1cfaa12a90c7acec8403f0a7d58cb4ee60626e6
word_5483167e0cc4	eclipse	keep					KEEP_FORM_VARIANT	合法词形命中：eclipse, eclipsed	8689ec32bb56198352bffec389c50ab2aedce879f29c15d11c56dfaedb304ccc	589c92694f9a943f303f82ee93cfd842d0d6c98e69a9952c548162e1534e0a91
word_ba535a3b7649	moan	keep					KEEP_FORM_VARIANT	合法词形命中：moan, moaned	16f28fed9281167938f6113ba4aab79b8a95c9cfd9086a37f1ab87bf2af803e6	492af014eca2650728b25fde2769022ca17f3d0e121db659faab61da61deb922
word_ebda39564691	cracker	keep					KEEP_FORM_VARIANT	合法词形命中：cracker, crack, crackers	27283374c885a6e7ec070222210d3ce9ad084451fd4042616b0e084e24ca0470	1a96a239fd9c46e4e06ff00c825b229bc0b2faae6452d65a700938b28449a80f
word_ed6e5aaaae3b	sitcom	keep					KEEP_FORM_VARIANT	合法词形命中：sitcom, sitcoms	d97eae4bcc95f181be308cafe2e54c65d8f03a2a8d62ef7e23a0eb5c9f34d792	03ee80a65adda148917cdaf92ed2f7da121ce018e16640a021a3e3026b5af51e
word_6951b2bc778b	sideeffect	defer					MANUAL_RELATION_REVIEW	词形归一化后仍未命中；本轮不自动重写	ca8dbdb6422932dea2e7c71bac1b83e1014da4f012b01f9136ffb4b81c57ca9b	36ae5e7d9b08b8e388b1ff4b20fae4f13e01a842b930b78e7da8739f07957789
word_335134271168	perpetuate	keep					KEEP_FORM_VARIANT	合法词形命中：perpetuate, perpetuates	d79203a46b501707494539d4f8cc298713ce47903a4f3280145af87d11108fa1	592162edbbb69220eb5cf8c7c26d8351dfe96d5000a21c82c63ccda8e218b4bc
word_9c145db5ced5	pollutant	keep					KEEP_FORM_VARIANT	合法词形命中：pollutant, pollutants	93d6f97f89314ba20598986a3e3ea7acd00dd83e4c208e30b18c10f9a55ed159	2e709e9fd2ac20fdf4e3d94f1cceec873c784bcaa973ef61e6d21c31d934abc3
word_d1cb32c5e02e	recede	keep					KEEP_FORM_VARIANT	合法词形命中：recede, receded	8e71225a370d429179ec3bd9dfc2cb75140c5518a9c6918c5ebc002a46cf7947	f4753574249103b7cfe4a205c18e2ba946c90eb819b64a3a24608ef6c77b1220
word_a86dafbd8528	culminate	keep					KEEP_FORM_VARIANT	合法词形命中：culminate, culminated	a66bdd2cfecda5d736e5b5ca1fd89ff8d0ba4f7795c59de9ac47ab92833f6e04	11afefd0940149e9e95101f7cde42516e47576f4ea44240c2ca8d844dad1d794
word_be3caf1dcb21	plummet	keep					KEEP_FORM_VARIANT	合法词形命中：plummet, plummeted	af50014604fbbfffc5dbaed85cfb4fe192d59caada9486cd2160dc6d282e76ae	d4af8970e39d74eced2873a2740f9257405befa86f6f6780815e4be4ceb9645f
word_fdd89a56ebf0	implicate	keep					KEEP_FORM_VARIANT	合法词形命中：implicate, implicates	0737a0619cdf87e0e8e37745a93cb002d30e2d19518c9a43496dd58525b47fab	abfdb9791493a6a51d6840bab7fcee1a2de10edee157d87d0ed56729d1f3201e
word_e2cc4f4ed4ce	solicit	keep					KEEP_FORM_VARIANT	合法词形命中：solicit, solicited	575ea9dbbc77afcff2f58a703be1209ace7904b39a8601a8b150fd0e6c870e7e	2c2ac15998db595a82905828cd1f14076695ef45e20b09c1f2fb12b51573148a
word_ef9a04cf3087	stagger	keep					KEEP_FORM_VARIANT	合法词形命中：stagger, staggered	42a7e1ccb0e542b6f89efdd9a51e6a97a6c225cec3b030bc46e6b8222f752417	0092a5a7db5466ac68a31213fed2409611011753f9deea84bce7052d116ba6b8
word_11a9c3b108ce	nudge	keep					KEEP_FORM_VARIANT	合法词形命中：nudge, nudged	c4c0863da1a7164fca9ea91e44beb1018056990ab9dbd0f2fe42a0e9086b13ff	2f0fac908e1184645ce13b12e0e53d2d697d88f72ad852927fb0d79916dd8326
word_feb9b14fd14b	pinch	keep					KEEP_FORM_VARIANT	合法词形命中：pinch, pinched	6b8da00c3b9e0c724abb084fffe41de39b3df323c3452fd18b01852b2f283fde	7dd511d8ab424541f655980ec35c1cbdf8f77c80a90bdcbbbf755655248e144d
word_b25a32e11fa4	flake	keep					KEEP_FORM_VARIANT	合法词形命中：flake, flakes	57298481182f17cf8185efaad6fae189d616fe1a17d01ba90ffbbdcd51f8a222	1728fd6e83d7731542b077277962baf7f6257527018e15b0f6a8d7b81ae2502c
word_3e347d200e21	hiss	keep					KEEP_FORM_VARIANT	合法词形命中：hiss, hissed	50221df3d28216913acb59125c795e51dc28752f2b75659367aedc652fc1275c	c7fb3239d8f840ac13954ed2ebaae79db98deaa0aa407c19334abef37b1f7ffe
word_b7627c7d1757	fingernail	keep					KEEP_FORM_VARIANT	合法词形命中：fingernail, fingernails	3a7306c2fd3783644af53d99f2e5585634b225ada901d05cff3eb91a397cb0f4	f861b5a91ff54c48cdc9faed1a75d2c7b9389506b6a52c688a4fb9542bc9e242
word_e0f12cb21a2a	bum	keep					KEEP_FORM_VARIANT	合法词形命中：bum, bums	38fc9062f5f533a9c86b672366048f7653b441781e9228c63b10c0c7a3771739	85d6dc8cfe7f24188df9f55ae795469ad089f3bec5962f06f2bbc0f36a7d3c3d
word_375312fca32e	shuffle	keep					KEEP_FORM_VARIANT	合法词形命中：shuffle, shuffled	f6e5febf286d9522f57939d0ecf8df0b45ddf2001c41423fb84dc5514226b169	46157b35a5f14b02abbbe96b8df0f39b3cca7a77d6e7e870712549a52c303798
word_60259ecff42d	crate	keep					KEEP_FORM_VARIANT	合法词形命中：crate, crates	8d3d78d84e6f8af106f91ae4508ef70793a7bd8a0b1eafe1926580cf2bc3c66b	73c995615f841b1338898a8a3409ee757e7eee80c82ebf85c9d10e847aeeb2f1
word_018ea7843dd2	brighten	keep					KEEP_FORM_VARIANT	合法词形命中：brighten, brightened	2b7a2d9b5c36cb8d9486b4d2c74fc054d48fdacdca28f9064819c253ba7dbf96	d86098da093b5c5f85374cf5a5e0be18b66bdb5d82507a8709801d4ec6cad63b
word_2f3243a179d4	gem	keep					REPAIR_EXAMPLE_IN_P0	已由batch-p0.tsv人工修复	565a4c31466b6a2f6f94a46364159389ac49f9f28967955e14288288629e14f1	83df703eda9f6fa4b0f5a37ece01c039fa3ea22535998518a2a239dc43dedcbd
word_b9bec98942dd	aspire	keep					KEEP_FORM_VARIANT	合法词形命中：aspire, aspires	3f6711e75a53763f201bedbad9d802524eb5761d9d64f7091aacf8081e5ac383	90828a84e4d58530984ee26a736020534863d8b8c709846bb5a181749fbf119f
word_d159dc4884cf	scrutinize	keep					KEEP_FORM_VARIANT	合法词形命中：scrutinize, scrutinized	86e1920e62dffc90e0c9780364466682431973c8cf5a222a4a184fac1070d77c	2b4f592059205fbac7d6c8dd1d3e79a8bf669dbe6dfdbf91f1ef1b74f693b5a6
word_d4f4eaeb36fb	walnut	keep					KEEP_FORM_VARIANT	合法词形命中：walnut, walnuts	407b853b9c3b1cfdedcd2ce7c962f249f58023b9f8b7f6f47a701ec191ae8473	408e85fbe8a93eb8641555207043bd7dfc06fe289acee74a01d0e93ad2748305
word_016f3bfb57b1	resonate	keep					KEEP_FORM_VARIANT	合法词形命中：resonate, resonated	89f13bba1bcc3b1fab0439a277ed4964036938b9bbbd3743e502cb2b831e768c	c51a1574678ed182c09f4426eae2c034140c2c0a95ad446b192afc42d5125808
word_31d59a7db59a	fumble	keep					KEEP_FORM_VARIANT	合法词形命中：fumble, fumbled	30649d0ac16c549e8db281dbc1179943b49c9a15770ac5398a8b47c4703dda9f	ab73fee196f040a1d66f80b17613f8393638bf42148665531edd0a30f4672794
word_9f1f7dc22135	succumb	keep					KEEP_FORM_VARIANT	合法词形命中：succumb, succumbed	3a69390957516aec41c600d34b55efae915c290adc58907472858637605098ab	1b3a9b0c2e4697a31191ce2ff21be7fc1ebf283f691c0222a92a2af93f258bb6
word_f2c74d89ddb0	evaporate	keep					KEEP_FORM_VARIANT	合法词形命中：evaporate, evaporates	6e117c51b9c205323f943616bd51834a1819131290f52011bead936ac9bded4a	4777c0765201ddee0196ab0707e9f0c5fb8f203c4b49989b3949bfe4ef7bb056
word_3d519231d887	wink	keep					KEEP_FORM_VARIANT	合法词形命中：wink, winked	1513c2b88598eb32a093c3779cc01727dbfb84286531112f2a1c12d3edaa0524	461bd014c0443e934ccdf271c8246d06cd5fb257a94d9dd177e88dd97ae6ee6f
word_5dd236ff3e4b	simulate	keep					KEEP_FORM_VARIANT	合法词形命中：simulate, simulates	3f634c43b4abb3dad2efeaf309f2967d5e387ce6e7a5c970938f1c39ea6ce398	8074d9ec9e23178b5d4b20e59464e8dc149aa71416e2507c4d51aa7c5479155f
word_7bb9328b1398	extremist	keep					KEEP_FORM_VARIANT	合法词形命中：extremist, extremists	0213eb071f02f3bd4362f4835867d7bbf7d7f9be70a15c2f15b89ad63ec903fc	23156b357caf3111122aee3c912f0f8c3793146ee43016556dbbbcb450496f9a
word_6d504784c897	whine	keep					KEEP_FORM_VARIANT	合法词形命中：whine, whined	3f9ff6c6d33ee093a549052feea87754b6bd08fac33add447bf2ac8b7a8bc531	00f5cb6c3b7ff665fd1d4a6c0ef2fc2f3465e4b2398b5736063a8bcb7d9d2c17
word_183f3c581d81	confide	keep					KEEP_FORM_VARIANT	合法词形命中：confide, confided	dce462e4a704c10ddd1bc67cab97f6ebf7938154cae66cc6a7b766823034d123	213ce46e472ffe1e7259642fe095aad4f643835090af0b77391d5b4b13ed7c21
word_f96c1b07da46	moonlight	keep					KEEP_FORM_VARIANT	合法词形命中：moonlight, moonlighted	d73f84178e84b03062b6fa6afe232335f5fdb771bc0beeb41c6c9689fb53dc76	93add2807e116aebe5780f9e448802c558aa8b20491e7b22f9f4bddb61979cd0
word_d0c8832715e6	pigeon	keep					KEEP_FORM_VARIANT	合法词形命中：pigeon, pigeons	0ff48dfca6ecf6532b4d3654353381619a62325bb326b36dbb2ad885740ae174	0c6276780b1040e09b23ee107477a2eacc22f9eb2d17613fddd6b040c0c8a575
word_be09f94ae485	heighten	keep					KEEP_FORM_VARIANT	合法词形命中：heighten, heightened	6d23f5714f4f6743447874a827d827c1ce6b2e8099255045b57e6eaa63a78c2e	5b94a27534a7cce01cc0dd55a04a97eed88b2a3002c0ee08218704d45e2c7e39
word_4a0f6fad2e07	eve	keep					REPAIR_EXAMPLE_IN_P0	已由batch-p0.tsv人工修复	84e77c151931241ef4c96d06ff37d899a9f8ff53537925a24c288be7575c096a	d4ce82f0ab93d09f873b306b1e9394051b0d83c67d31f01b08198e142ef3e4a6
word_c2b613d3bd96	yearn	keep					KEEP_FORM_VARIANT	合法词形命中：yearn, yearns	1ecff84816dc95dbde7f2aa40ece280747279c03bb493773d28389a4af81ad3f	3a47e22d0137f28a4b79a4916651cd98b254e3c1717af692014bdfa6884e8ea5
word_8b0cbfcf3048	adorn	keep					KEEP_FORM_VARIANT	合法词形命中：adorn, adorned	8679a713dfd2df988d7ba7ec2a7c71c269f64331aff1ef1663a42aed6792f9e4	713e28891b6f1eed9b1e2ca6a2474680e2b52c89eaa31af8234c907965e9a0c0
word_135ac4c289a7	whirl	keep					KEEP_FORM_VARIANT	合法词形命中：whirl, whirled	ae8cf6a813fe9ea8cc22a58ee9b51a92a00110344a4d024082e27a2d6166cbc2	38c6b10d7db16396dcd3b4e0595ad4bc764d38ed7293549c67a550f1d6a6d494
word_cdbe58191b3a	wavelength	keep					KEEP_FORM_VARIANT	合法词形命中：wavelength, wavelengths	c087746f2178aaf4d179c94ac4276a54c507bd44005df5d226d87fc18a262e80	9879e984fd65f6d1a1425c008ef930d5a0b624386ff47b9ce34720d0deb196e0
word_724bd4ea543d	flutter	keep					KEEP_FORM_VARIANT	合法词形命中：flutter, fluttered	502f8a0f58a9ec88bbabe8c8b4feffd9062a1d460e97d6b16be3f27e40e41041	75c109ff8b04fdf7445c0bc38915986bc01203c60d739c8b61af21dd57e9c7d9
word_41088719662b	flirt	keep					KEEP_FORM_VARIANT	合法词形命中：flirt, flirting	1fc1cb098500c6c39fe0eca01627857b0296b984f492db1c0f8df73c97fd0a7d	7bec8a55def872e8657def229a99c8e903bbc382f20685c82715fec6202c673c
word_83ef82afa1fe	atrocity	keep					KEEP_FORM_VARIANT	合法词形命中：atrocities	6145835ce97a41b1141dec0a1719e90d7b4e78baec7c9879c373d232b2a891b7	75ee55ef7e7e68b822bb402ccf8d65dccfc972d0394be5aec3de275a8ad90943
word_0083065a2889	flicker	keep					KEEP_FORM_VARIANT	合法词形命中：flicker, flick, flickered	56d34bff5fab5ae04b37dcd5c85ff45b40eed5c80a42aee4bbd58fbacd1c6dc4	7ca2e6e43dc69361428d56e22cc792b4617ad06cb05c03d3181b34e2d3c9f739
word_e04a2cc73e6f	brag	keep					KEEP_FORM_VARIANT	合法词形命中：brag, bragged	09b6978c9915330b6cda69173bfc7f5c5db34a204fb3b0c96f051767bf9ac44d	0b4ac22df7e21a94ea8208eedeb55f628f4a27cad1e7dc2ad97303d62a489b5b
word_04e7a262aa48	plank	keep					KEEP_FORM_VARIANT	合法词形命中：plank, planks	a2bdadef966c39a0f832e36702764c107eb3d1e246b727cf6553af75f5e6911f	20d6c2446ff6c0d3133c01bfbffedf30d723902d25b71d699740ff0fc8a27941
word_86bf989ca6ee	headlight	keep					KEEP_FORM_VARIANT	合法词形命中：headlight, headlights	1e649a66e027987a0610cdfdfcb4a81784e6a2941789465054fd4a639b3e2b4c	7694f291929ad5e9552a47adbefc783b11932797fc606cd2ed71cf5f6839a4ed
word_eddc212796b9	preclude	keep					KEEP_FORM_VARIANT	合法词形命中：preclude, precluded	2ee5eaafaa6d206f466fd418e9fc1ed54785cc8f36cbecb5acea1c2033ef9485	6c4f13b549cc76312bb226ad86bc76e7827e2d716723884798be16b4b887931b
word_3bcc83b75c21	automate	keep					KEEP_FORM_VARIANT	合法词形命中：automating	1488b2b294af50be160e117448c66c996364e6f8dd27b7b8603ee653ed70778e	886f5e47fee95ae71469443405889aff16b409337000b452ee0a4db7140ec68d
word_a4bc4a2d66a9	immerse	keep					KEEP_FORM_VARIANT	合法词形命中：immerse, immersed	2eb82ef4d39f26c03f728b08de6dfca1458d2e671934c7246cf93e80f58b6840	bb96c2dde097264bffafc321d3a233d3b237b1721adbb766d5dcde930537fbb1
word_0e9ba155011e	flap	keep					KEEP_FORM_VARIANT	合法词形命中：flap, flapped	d788dee97b42d45b782f891949e49413d9a201233cf53abb61279fd9242a1089	408dc12cdc38deb36ea0e132701f617471287d201ad8f948f5d89ce18c86b011
word_f73927a38b74	woe	defer					MANUAL_RELATION_REVIEW	词形归一化后仍未命中；本轮不自动重写	23b17dba1ff4e6986249bcd3c9aa308c2bf7cc8273047ce8a6f50edcc215d477	97de8dd420e6485602eba882532c8ce9923be6dd9981be21db6b1fa11e75b652
word_994ffcea74b0	ripple	keep					KEEP_FORM_VARIANT	合法词形命中：ripple, ripples	2f38e29520f5aa721ecf0b50f0a0fa76474764a03d6acb9bed6450e054b82499	48924400e8812600d2ea8af783287c7b0bb0cc43f21fdbac3c05fc450065d021
word_1cce0c8a1a1e	alienate	keep					KEEP_FORM_VARIANT	合法词形命中：alienate, alienated	fcda5a07473264716465606084c30fc5428ffad382f50009a339102f00c1099c	eb94d3a7b3fa54263c4686c65416ea1e60acfabf2e9b365e69b9d5f754597df0
word_80c18d94f2cc	sting	defer					MANUAL_RELATION_REVIEW	词形归一化后仍未命中；本轮不自动重写	095e0bf64bd8db1838165fe3eb012a24bafc32ca8f68b5de133ffca84d6babcf	3db1cb886878a126b5afb7d92de42affbb9e1fbde0c62e1fd1e9fe95cc191547
word_bf6d62e691d2	dolphin	keep					KEEP_FORM_VARIANT	合法词形命中：dolphin, dolphins	cef51bc2f6247d499aeb044b465e39af97f21a542fc1878f17221bd555bcdfcd	a30219f7afb3b5fb09f8a5f66944de91e1b155c874d4aee56542f25d91b12141
word_372843d46d42	sandal	keep					KEEP_FORM_VARIANT	合法词形命中：sandal, sandals	41f76ef5713d4e9c2e33818a2de25d4b3df7f0f3dcedc146b2c249a2fe44b346	33057f2df4d2317346cea95e01cca6eb0badf18162e0464b58159b1364b16345
word_a32d19b8c6cd	mince	keep					KEEP_FORM_VARIANT	合法词形命中：mince, minced	e51b2a5bcb473fd7393e5170d31094fd79de98b9e1ea08680fe637d94d5e2641	9827ae80148db28c3d3832935e339e8d38d63811302b876dfac89db89f2ed5bc
word_4fb9b74e4a38	hinder	defer					MANUAL_RELATION_REVIEW	词形归一化后仍未命中；本轮不自动重写	d65a32e7f471ee1b17928c80f45f5ef7187182932bc6f0db2b6e1f51c684be84	ebf08e411d380bf9887fa451794c6d40bde46a7962ca95af7c727ed7adb11884
word_fedf32ede76c	hack	keep					KEEP_FORM_VARIANT	合法词形命中：hack, hacked	68f054bade2a0ecf4e8569dd62d915061131a6469a3425658cea825cae482ace	c14965d1e1593b06a415da2a155bf3dcb0486d0642fcd9fcad3dcde9700982b9
word_22ad9383eda6	snort	keep					KEEP_FORM_VARIANT	合法词形命中：snort, snorted	18347c94fc53d92576adc020a6d8675930dc5d211d41db7cdfe6e712d91f1793	8f7cdbc45aad0a17c43e748d2bb1aa872250f9c22a73a4350d3819c064c02626
word_a3db04f8ec36	demonstrator	keep					KEEP_FORM_VARIANT	合法词形命中：demonstrator, demonstrators	44dfeb72e4946bd8c005f9c7856301ca119b8cfcce745bbc740d3c29e9346623	15162e69c3aafbe5353535142588d4c2296685af4c9b2ab514a2726a3f31c2e6
word_ae9f07aa0273	savor	defer					MANUAL_RELATION_REVIEW	词形归一化后仍未命中；本轮不自动重写	405516b428165cc606e4f964590330602f7a972a623070a3cb47c4b1447cfaaa	d39d3141f61bf4fb1f7179f0ce3fb658c7298026901960eec48f0203be4d700d
word_117348b8f0f0	superpower	keep					KEEP_FORM_VARIANT	合法词形命中：superpower, superpowers	70c3b93bfb2d912d5da695d43da0b93d85c44c55c2b592126ae72a5f452718a5	05832bd6ee084ecbd6220059a3d62953d06c6fb0c7cb019dad0ae993b7b62c3a
word_54f6af4ba0f9	impend	keep					KEEP_FORM_VARIANT	合法词形命中：impend, impends	41397ca947df3e0fecad33746fbd16d89fb66c81f9ea35899c1825c93d8641f2	4bd3ed578194df260ac96f683ab34a3c3d6f698c22001e7627a4cd7bd8654e0b
word_9b77c3616d9d	thwart	keep					KEEP_FORM_VARIANT	合法词形命中：thwart, thwarted	ad9d1cd37b1a878bf9f579fa1d9b703c2682593f87961add25c65b86c29cc6a0	60ac919099acdbd1e8bbd9a243d0a512b08d1f306ae7f242d293e9554bd38a4c
word_eb7a22a6987e	dispense	keep					KEEP_FORM_VARIANT	合法词形命中：dispense, dispensed	913211b74ea0886706bb7976e299888da0793ee048fa6df039f557a7177583b7	d200855b33a37d03095dd09ade66319c7164693860a349d695f58aea53582c8f
word_5cc23ebdefe3	slaughter	keep					KEEP_FORM_VARIANT	合法词形命中：slaughter, slaughtered	ef0489875151943861e57f924f65dad2d51abe0fa9dd0baa764e9cbdb7970fc6	f345c080f24f16e84038a74dd3d04461f899c62cd370fd7b7e98244f870696ac
word_06a3f8a09524	grapple	keep					KEEP_FORM_VARIANT	合法词形命中：grapple, grappled	38807851c6c930604072d80503be1771d372a7f2db1d010712c898828f43aaf2	33e020430a89e588c854a09337368d18f240d50f9f36d0031c6e11c2599d7ae3
word_da32c0a0760d	mingle	keep					KEEP_FORM_VARIANT	合法词形命中：mingle, mingled	17bf60744ecb40c9c953a0bf189d16d59a2ce1ba06b7d58cba54766b03b43cba	f15fda6eb8ff0d727faddf60e751fd030ce716ff95f2a75da506133299153bd7
word_9c8c5d29bd4e	trot	keep					KEEP_FORM_VARIANT	合法词形命中：trot, trotted	8e3d820efadcdeb46a577cc653e3160dbef1b0dc4b079f740bf0c8e0af05a536	6c4f6912a937b28e9daae36a176e7e1b6cacf3627fab7449613542a4b016f60d
word_97ad8c452e86	howl	keep					KEEP_FORM_VARIANT	合法词形命中：howl, howled	0a163b1f5f9d104b5e0dd303d1696c55349e643038d80e806bd6bd7710c7a3f4	a8bcaac90f94ae93d035de475b6f38df451602e9c1ebe48ad8281f6199c7f2d8
word_20b4ace9ad84	impoverish	keep					KEEP_FORM_VARIANT	合法词形命中：impoverish, impoverished	6f602d898492419d2ac0e063e20b47b5bf251e0cbdb8e6cae57da4646207f560	3aac32422fe9d674be8a92c6824aee3abb0e916bc600736bd41009c827d48d4d
word_a9cbf978f0f4	relic	keep					KEEP_FORM_VARIANT	合法词形命中：relic, relics	d829889358c106137a08503c53ef06f883d969791dd6d83c2f15ed0ddf47b5ac	9eecc087b8932d02022dfd78eee2fa9e3d51d4334673e0cf6da637a4240990bf
word_32d6e791977d	pod	keep					REPAIR_EXAMPLE_IN_P0	已由batch-p0.tsv人工修复	6059401542dbc0a4bc00f69214ddd1768af86763598529e0f1fe1c100c93fbcd	5d47b1dc748ad707c412182502362fb7bb6a8fe80c8bdac40c19ad2dc933323e
word_45e4e189fa89	vie	defer					MANUAL_RELATION_REVIEW	词形归一化后仍未命中；本轮不自动重写	29e78b115e1a72c59d4f0add441bf85611201ec9be26b517c38df19a4b198673	90dbe43c07d1dfb7ccfdc1b849728651328c11cd0c4e049ff60a1efe78d3c469
word_4dd2bc51b425	materialize	keep					KEEP_FORM_VARIANT	合法词形命中：materialize, materialized	cf798e7b737e6dc19281b6afc1833084421f61ac997ecc5d4648cbb869e1c985	a6f00d7813cec10af52fc401c71b8706a422acfc52cb5017b850cc2b6cd139b9
word_e810ed8a1459	abstraction	keep					KEEP_FORM_VARIANT	合法词形命中：abstraction, abstractions	4f2b9c3b46baf44bf484cce275d9f3b9b60805d7a7d4fc85e84a7ee1c72e1f63	4e731d41cadc8093f983fab93fdafd6c6677dad5495852b21af64af78130de7b
word_0e166e0c15fb	muster	defer					MANUAL_RELATION_REVIEW	词形归一化后仍未命中；本轮不自动重写	d161e2c4c451c7fd40117857d5a3c58c634d74d542aa63853d33ddfb16d71c06	7e7aae6d1563dc5308f6d1192e313bc9bc41afd9cfffb860bee8be52300b4151
word_a6c2ec9663d9	narcotic	keep					KEEP_FORM_VARIANT	合法词形命中：narcotic, narcotics	a7a53bb87bd310618bb0e6e1420c86894cf72ccfc55dfc3a278be868219dfe69	f662d4ca0808882f9d6f259a2df146f735505f0d094fc85239ec08ead183d1c9
word_c6d929ae25fd	degrade	keep					KEEP_FORM_VARIANT	合法词形命中：degrade, degrades	c81815ba6dcded611eebec40fafd3528188929d7de5753f061f04a1137cacf67	4384418cdc2642cbb24d3cbd0908bc53effc714251cd7f9a0f027a3ffd49ba2f
word_5ed429e84034	lag	keep					REPAIR_EXAMPLE_IN_P0	已由batch-p0.tsv人工修复	06e7ae42494814fecffadd0df2e1897b5f72e0d44790e90858f1c3267a2860d8	1af8816a6e62d0181361b0ca5fab825118c05645f93dfe078e221bd97d458b29
word_cf57b3861c8f	lash	keep					KEEP_FORM_VARIANT	合法词形命中：lash, lashed	4d5f4ea61e8162ae187bbd717d95bc2b2f6b81b51052da4c765802043e053427	fbb2942f113815cb21c2b72978e6a97ac1e6a6d649d45936f610b2a6b989cc71
word_f70935c7c02f	darken	defer					MANUAL_RELATION_REVIEW	词形归一化后仍未命中；本轮不自动重写	db8d61853d6830508398caaddbb90e489ae221e4777a4df77dd34858b5108d84	e4d192263b9e21e9800f672483f73f1366fbc9bf43c0191d9abf6f94eb95528d
word_8f8a3b6f0432	rove	keep					KEEP_FORM_VARIANT	合法词形命中：rove, roved	6ba34aa99cc17ef8478810ffb12803315fa6d37538539c8187273c7e7686d745	4cc27bc2ab7064437a5a0cf6514a77e8afddb3966be139eb81c906fe4929b555
word_a66e938cffcd	imprison	keep					KEEP_FORM_VARIANT	合法词形命中：imprison, imprisoned	079299cea8755e54d5bb7dd5962e1d7dd85b7a8594cd7cc915ee7e69c099ac41	0c9a37e2896a576c2823483a066d06e4a2672083680b3cc1a8089ed598e32aec
word_379b231ab3b6	devour	keep					KEEP_FORM_VARIANT	合法词形命中：devour, devoured	786e6b13d9c20c5e25d0c225020903009594c3be176328cc3eb7bf725072dbcf	97f5c45c1c5cb5f265ce4eb273d4eb1b81792845c32ac9c31bce7be5ae9a8950
word_7cb336f3ad8f	denomination	keep					KEEP_FORM_VARIANT	合法词形命中：denomination, denominations	b5f29b228adf632b4deaa6406dbadc38222f58912898211b04d827d4fd193a81	a4f7695479b12ff23d4e17656929437a46078eae694da78b66fadf6db3249585
word_98aceb0de22f	radiate	keep					KEEP_FORM_VARIANT	合法词形命中：radiate, radiates	959c84ac8390aa559d4fb1eb98d0604e99574d6f0e5acbf1624e45e8cee3cc16	0bcf1b15486687d25ca6c43e89306507ea56f46e9a6cb61a076e92eda2b09233
word_93791d52fff2	breakclause	defer					MANUAL_RELATION_REVIEW	词形归一化后仍未命中；本轮不自动重写	12acecbd1f7ec320690640ec3b5f9ce0357a0a7d362105c522869a026c2e98c4	8635f1a2425f8526afa427be404195438bb876cfdfb070c31d32e4b422f76dad
word_d4440d83d870	sprint	keep					KEEP_FORM_VARIANT	合法词形命中：sprint, sprinted	a86a61dad1d8fd35d97f9837491dfe80a5d94af54e5ec5379b5d29a7cc6cc117	e209604e3a36bb23794bc156948a5e4ca54f41b890da0d3cad248ac3986f0ab8
word_520b6f7b2c8d	mar	keep					KEEP_FORM_VARIANT	合法词形命中：mar, marred	b362494ac2051bb14b51f497b24c22b29a168461a14f8f71c0b13f29a3f2edb0	3a456eff8238f2a30b80fa6ff20ef062a398afe37f1c30c9e751c9be75744fca
word_e4d5be72cba4	toxin	keep					KEEP_FORM_VARIANT	合法词形命中：toxin, toxins	ebaff769de4df7db664756544a545c554ecad1d2f94585a42fd544496f5284ee	27c575fe9554f6905e58e753d12a12b29bb27708ee4e86d296d02facac10becd
word_34f45adc1d25	lighten	keep					KEEP_FORM_VARIANT	合法词形命中：lighten, lightened	42a7e8a8bd3a2f93552c5894a548c4b640552de9c164eeb6758987ae149977b2	854095e362f9310c10788f545c8028b70b4549862bb7f1096fe16e81407b6b79
word_c77a847cf849	allude	keep					KEEP_FORM_VARIANT	合法词形命中：allude, alluded	84cce95537a02435cb0d29a2a938c1466b35b16fb2e1e06b00804cfd5b2813a0	6c2fc64bba801942ab4152bc821292c86a38d368a1361077bebe4421bedd45f8
word_959af088f64b	coax	keep					KEEP_FORM_VARIANT	合法词形命中：coax, coaxed	930c5d12890e76a1df1787051345d4cab951fa84341a16e721064681074765eb	e450fb59694bbb48af9d9f72222db790f04dd836e7c606c4afaeecc8325887e8
word_cbd8d1947efe	zoom	keep					KEEP_FORM_VARIANT	合法词形命中：zoom, zoomed	98ac6999202728609f963d5705e8504c86c64d8905e771074b3d00fb8ac5d47b	3f3db07033aa52985d4d6b7eb5b44e4b9bc17746454115d95143f395f0b52d30
word_1f432ebb455f	attest	keep					KEEP_FORM_VARIANT	合法词形命中：attest, attests	af4778eccfa6b73d37dc881bd862150691c08ce00ee9426c923b5088e3016bc6	d5843934029c908c337c3a82965afc6bdb2d41df2b37b2e09cf252e1c0896708
word_9f4e0dc54820	thriller	keep					KEEP_FORM_VARIANT	合法词形命中：thriller, thrill, thrillers	750b4dbf042577027adceff11fa7032e58c1c0ff871654fdd4f6a3d3f77a0c67	6ff40fe30b32bf556cc8cb0caa47ed055d1aee87b388b2465e76ce432fe542a6
word_b35dde38400a	nostril	keep					KEEP_FORM_VARIANT	合法词形命中：nostril, nostrils	2beb9cecac9ca20212c13050407335755498098f6236c7a3a2c2f5f45be4f3b9	e04e38f9cba75fafdc4ad5b9e2793452630ce970ce6a1566bbbf4d80f05cfbf5
word_da240a9e7545	seep	keep					KEEP_FORM_VARIANT	合法词形命中：seep, seeped	969ab40a50c66773e6d9a5db295325b8152187cdbc562e2aee88026682a71437	43c7c13128849b6e248553379ebdf150190c3356208a322a4e00f6dd291fb6f2
word_f30dd1581ea8	stomp	keep					KEEP_FORM_VARIANT	合法词形命中：stomp, stomped	70dfa001bf842955ac8275294dd477bc388c7851d408f340f5d6bfb9f209d00e	25699b50feb72a8816b51f3f098e66b761955eab4ddc60c02c517ea8453adf21
word_327aad060205	cherish	keep					KEEP_FORM_VARIANT	合法词形命中：cherish, cherishes	469cbd2e34d842f2ae1ef1f270ff7c5ca8bbb55a12f16911688f4699fa8cd9b7	ec895caba6eb342d3867edca4d958d1798268c639decd049991ad2764edddfcf
word_def8ca54b167	relish	keep					KEEP_FORM_VARIANT	合法词形命中：relish, relishes	4d8daaaa36031e5a6e15deb119d8d2a5ca28f8d14b432849041d1b28400a2ae5	2b52e38912f5de77edd4db534469e6412b108e16fd9d0fd05965ec3f54de2109
word_2197d9c0a188	emanate	keep					KEEP_FORM_VARIANT	合法词形命中：emanate, emanated	f4a8ab1e54704a3c29bb121f2db43b50bf7ef591030818a8d1ee4d79bace8719	9da131b750f96dc6162977ddc210656e78b98baeeece5bcc60061fb1bf0630a5
word_f761b034bef8	commemorate	keep					KEEP_FORM_VARIANT	合法词形命中：commemorate, commemorated	9701154684ea630fed4d7a11406528d5d3094606d015eb39f8f5d7e8e8ea7398	9fe55e64f43c9506935b15d54e2e5a8a365651135a037bdedcca01e967faf8f7
word_3a7d5023fc92	nestle	keep					KEEP_FORM_VARIANT	合法词形命中：nestle, nestles	d4c4d2b380c572410b0e8a6581d2081c5bd17a0db160ecde433a815b3ea4f174	9843276a2c2f6d84b6b2294619d7e96a419d9bb3766f344fb9da5ed3af3badf6
word_f00a0b23f09d	veer	keep					KEEP_FORM_VARIANT	合法词形命中：veer, veered	6e5a658fa772759dc6a2fc18746d6192b2d618129a057365490c8b9b01af7669	eefa863d3baaca5961efa3e4b3722f4a0a47aad371c26e7dbf7197be91ed98c1
word_079309bf819b	reunite	keep					KEEP_FORM_VARIANT	合法词形命中：reunite, reunited	8dc3e922523cbe66960e1c87a78504c2a821f81b937b93d4085ba9b4a96a670c	0f1912f1773015e67d06f9bf6404c949420c976819e10509d2837cd39df6e982
word_47728af0bf1a	explosife	defer					MANUAL_RELATION_REVIEW	词形归一化后仍未命中；本轮不自动重写	da46826052a1b753c2b9579cec1361cf2fdfea7bd8fe00f2d83021121025cfeb	5279c1cd1c414ff7b91eac73780a7e9ad9e7bbd8e3310f7ac9eeaf9b51641f04
word_71eef1ac2b4f	semiconductor	keep					KEEP_FORM_VARIANT	合法词形命中：semiconductor, semiconductors	067621afbf02ec88e81c5fe6dafaf3c5f72050b26202f346d973ceb770451527	e7e7cde5749d21bd51b612d557a719762529cc3344774282e7b9823fc9da5338
word_ffb702bf4c24	subsidise	keep					KEEP_FORM_VARIANT	合法词形命中：subsidise, subsidises	567bb3dcc839bba98205e2a26f010e3373dc20c61a039ca0304cffa8f05d5340	b2f81bdfe5a95f469ee64d7cafef41f24e520901b03ad18c73c23998d568ba2c
word_7f5ee26b6db0	growl	keep					KEEP_FORM_VARIANT	合法词形命中：growl, growled	394c22c048a80c8e9581655b1d4a82b4d661c87693da6e36e357787a75b9236d	6a5eebeea9d1e1b50592ff53a3f67cff35deeb96d46f60169638b5860e9b209a
word_28ca5faa75a9	sag	keep					KEEP_FORM_VARIANT	合法词形命中：sag, sagged	581e713297a455adb5ff973775d2af92f46af05ee29cc008290f0c3677a12642	7c4a610fde189efcc39e1e408ebb161b292b0550f792b569378343eb0569ddb1
word_97d5313c0fdf	extol	keep					KEEP_FORM_VARIANT	合法词形命中：extol, extols	c023fab4f39a16ad60274dca7a78b57087955df1fde2257c14929ffa13a55468	c44861cf4676fa49db5683ed590afb27af3df30fb48438726979358e957e6181
word_ac96af603a38	beckon	defer					MANUAL_RELATION_REVIEW	词形归一化后仍未命中；本轮不自动重写	dca4025d54b4a28d9223eae8363eaea28b9ca2444398356d1b39426214fff30d	515d6ef9570523cafd15e3f29a09609a43625a6de068c8441959f9aac0eb98f9
word_668f852bccaa	slipper	keep					KEEP_FORM_VARIANT	合法词形命中：slipper, slippers	2cfb0fc7e137a20d54e0bbc14ac560345c2cb381d1c43319c555dde8ae8d8e93	d06ef61b5047ca427b00f919046a776cada0f8dea37058c3c36142687af85171
word_2336a3cf81e2	impede	keep					KEEP_FORM_VARIANT	合法词形命中：impede, impeded	dd8cdb70d6b8649175dd3ebae4690c9fa7924155c9cbd8bda95dc6ffba8438c3	519075946f35f1a48337189be12cd87741d6eca7a89c758243b92066c3af1656
word_03eff20d8b37	antibody	keep					KEEP_FORM_VARIANT	合法词形命中：antibodies	c575aa5c6f2cbae57e8065af10b9b5f9a4765b14d8b90319aab035b1d97410b7	454b91a79146e3023c99c0b2d0e4ea918400eb4e0068728756525d63aaaa4129
word_c90da9c97bae	clench	keep					KEEP_FORM_VARIANT	合法词形命中：clench, clenched	97bddcd94b2ad9c829a38326531ab6e89ecb40bc1a6be31ec3ee6f059d9f58d0	12594258ffe7e1557bc80f113de451a34ff190286162f49eb312d30824148b8c
word_35e241b0072f	hinge	keep					KEEP_FORM_VARIANT	合法词形命中：hinge, hinges	9aa7620465af035a6a94e25166a800a62b8911ea35b338be503c2302ae61931e	78616f4bc7339e996de4f105764e5456263b415196f5a4cd4a6431b2f063a690
word_55ab6efb7a15	petal	keep					KEEP_FORM_VARIANT	合法词形命中：petal, petals	e21ab9a270333bd26996ed28ff2f9974e3f4622d69847ceac2f9e4ea58326ab7	afbfa2a17a981a4b490119faac7e79f39096f107482526bbaaf88ee923b94d2b
word_b7b85982db6a	wince	keep					KEEP_FORM_VARIANT	合法词形命中：wince, winced	a1ea5c2a07b99e013251e0128c3cdd22acb01b90991f6965cefb6e6c68a07f37	9db6667138e5edd5f737106d43246c8ca96e9fa71254db546497096463f498f9
word_1d41e6bf6188	cliche	keep					KEEP_FORM_VARIANT	合法词形命中：cliche, cliches	8b9de32a80a1c55e2797de6faf809789fa3d1d91fd7cdaf8c371a7a58bfc5a5c	5d318a433b4d3179a94f0a29c014910c14b764d3a0b8abeee3b0d453f8ec532a
word_dcb4148273d3	chuck	keep					KEEP_FORM_VARIANT	合法词形命中：chuck, chucked	2383aefc8918c9a5374d3e5de461fd1af13e2db7eb8bce6a65bc8f6c1f5b670c	64303a3c0fc0d314738e6a5ae9b70367bbca4a0b16194cb84bf5567f253fb3b9
word_2e6745b8e0d0	raspberry	keep					KEEP_FORM_VARIANT	合法词形命中：raspberries	97742c3019aa32dad2867596ce62f42aada2e5052e1ad15533cc761ab6f028f8	438570caaa00d3fe3e4c101a7994890fcc8f13b77b4e0362f788d8e7115eb13a
word_42b72c606ae1	flex	keep					KEEP_FORM_VARIANT	合法词形命中：flex, flexed	c8da862911d3f682d51e1f4e95658625c395aabb7dcb4a007239e1dfae2ef071	5e94129894efcef8bde69c3e37417b1c9b3b1af8423ea7bbf9c82bcad430017f
word_abf6c2795d73	etch	keep					KEEP_FORM_VARIANT	合法词形命中：etch, etched	5a2bf932489dee594e245ef2e0757e6bee50967ac1f9200a7c8bcc5074161836	019e4dd4707c832c92737e3bdd119ce419fdb05e57ec89411ebbe6717411530c
word_060f3a8f18c5	chestnut	keep					KEEP_FORM_VARIANT	合法词形命中：chestnut, chestnuts	5f6d07656c52bd170d14e88b2096bb88d3e96940e6b941a6d298b68d167122df	4f8adaceb55cb1a67da0648e4bed27cddea72be4190acab2bba7b3731b8c7be9
word_8cee5d65471d	infuse	keep					KEEP_FORM_VARIANT	合法词形命中：infuse, infused	bf6a1f1911b32758a06769fe634de0fa8cc5ed0dd4715ffbe70fd0e29daa39e0	74c2ed1d87e0e6541461326704049ee8ace50439a4986bd453513e2326556fd7
word_7362d1ebf884	trickle	keep					KEEP_FORM_VARIANT	合法词形命中：trickle, trickled	9466e2605f98170cd9a7942eaac25e9e5850ac5c9ef2df36cfd12e92b31f019c	d349a3eb9e7fa5d93934d5e3caa354769140311b5a2391cf6916372d300b5830
word_8531c31161d3	zip	keep					KEEP_FORM_VARIANT	合法词形命中：zip, zipped	d7e77cb4af9443d996ef7cb535db8bb4c176d668c0a6b7e2cab3c4fda0aa85b9	73547f2b6b455fe101def3ecc5cbb3ff9dbe60974f880c09d7f4891b1e876e8a
word_b7423cab6b54	overtake	keep					KEEP_FORM_VARIANT	合法词形命中：overtook	6ce5821ac3415b423311e98277cb67b30ab0bfc9f263de02b9789cac951b0eb0	fcba3dafd5a0deb898471849a479a2a74a4f17f485a0d38a2220cfc83b50c6bd
word_d307afa9024e	wail	keep					KEEP_FORM_VARIANT	合法词形命中：wail, wailed	e0e3c6d9788587d77fda84499569b52dd698b40aa689f9708284189d3ee5ebbf	e9daf4a6579c17213669bbda1838b83173d1f347fcc2831cfd57b2870c8d588a
word_3d196d8945c3	scissor	keep					KEEP_FORM_VARIANT	合法词形命中：scissor, scissors	2cd8306e7d7c2bcb9eebfc69857b6b03d421bced1202456823e752e1fc161f78	a5fa8192fa18d55953b8cae007b95624c13f5b268700d1fd0d2bfc115c8f4708
word_fa983c1431fb	partaker	keep					KEEP_FORM_VARIANT	合法词形命中：partaker, partakers	455ee1fce01b867645fbd7755ded0d26ca6f8335ff7e8ecb974d3aee285512a9	89fdea793a2170942e68bde61118a577f1c4f538d08d881a8e0b03f76b3da436
word_1bdbddd8789e	reinstate	keep					KEEP_FORM_VARIANT	合法词形命中：reinstate, reinstated	1e7c37a6ea247a4a929f4483e9f65a8022f24f79b1218e202ba3b81559e75e81	524bb41cb978efb1f60711bb98399cc28ca09bbbe81c8f64a9afee80f136b113
word_44c36013f900	repeater	keep					KEEP_FORM_VARIANT	合法词形命中：repeater, repeaters	f97bde463955075f5fa58351a321d00adce7d10f38dc07278ebfb94c3e9ed576	aadbbee907f4410a35c8d3dae026cb19b31f31b74a62f3198ded5a03b2d715ed
word_1885c435585a	primrose	keep					KEEP_FORM_VARIANT	合法词形命中：primrose, primroses	115f2f7a510dabc8f685e87a21031d5ac145f6982a6984654c54f08c8a2d2b6a	c76b3fdd795569960202d1b210c7d679b1a4c86e2c5957d656274db7ab1ccf59
word_2b62c2e15f83	rescind	keep					KEEP_FORM_VARIANT	合法词形命中：rescind, rescinded	7644b6f878cd2d3013c61b1daf0435d2dbdaab8706a09343fd7efbe24b662167	6b7f80e6a5f33cd1baf4b3e56f8904e223527bef27f5e570c008c7e900c2580a
word_e41e9960179b	filling	keep					KEEP_FORM_VARIANT	合法词形命中：filling, fillings	fd3557422ddf2c30da70477152dc3533c35ed02fd41697745f6c31d79141e1e4	92169f90692c59ef6378498071ffbbf2c467b56db09d50ca3c0e752b6cd05ef2
word_5903861eeff1	restarea	defer					MANUAL_RELATION_REVIEW	词形归一化后仍未命中；本轮不自动重写	9811cff9367af9572dbf7e952b6e985981940f1ad96bc7cd1389ebbdc5f51004	49cab8b0d032b9a3e8de33da94ab57b59bcf46f7d70e0a157a97f4dc12212602
word_d8b82a02b21d	reststop	defer					MANUAL_RELATION_REVIEW	词形归一化后仍未命中；本轮不自动重写	493d456b1229e31ee839141eb0deb52cec8c053c7f5da9bcb3f9282d9cca45fd	dd553dd784e7666ce45deb2a075fcfa2930dda2659d7e269024aa4305f540e68
word_c5dd0c2d0f42	restock	keep					KEEP_FORM_VARIANT	合法词形命中：restock, restocks	aa1e4d6559d5cd2a55c79ca8a794bb009ca1ad709255ace31313712202bf7e22	9eca09db4fb581dd31243c34a2291d7a4883b93ab0540774ce8e807632f3f627
word_4b6da18b9022	retouch	keep					KEEP_FORM_VARIANT	合法词形命中：retouch, retouched	c7f0040912f720a383d0c613cd296489c03dc2970405154c5c6a66c508957e5a	e6cb4037130564d60aa621452663df0d4e3ff9cddf60a52eea0debbc457aa652
word_e94c9b1774fe	dumpling	keep					KEEP_FORM_VARIANT	合法词形命中：dumpling, dumplings	3fddd9b0a2558ef39e35b88bbd91702d6b944dea19c98ace98fcedce09630ca2	969784c20d2367fa1307a4edffebb882f0fa97a72669d6b011c4b66cbea76b56
word_efb9a17c5536	straddle	keep					KEEP_FORM_VARIANT	合法词形命中：straddle, straddled	36b9d0d050d0e2a343031fba9a35c61a868710a796feb18580bfc46a944438bf	66073bc44a4a4f4fad831d204902972fedf0fed5d6fd9b2240cb082b2fd37252
word_1f03351e7925	caster	keep					KEEP_FORM_VARIANT	合法词形命中：caster, casters	1c4b4fef904ccaaccc6cc174227f569766e4626f8e06a63e3ef808012b49e1cd	c3689078848703b2061034f941a9ab0019b6ffeffd92499838f99458127938b3
word_0a4d92f44e27	natter	defer					MANUAL_RELATION_REVIEW	词形归一化后仍未命中；本轮不自动重写	6c485d72a032cbaf6b88212dea3bd0e503819c06b211085a7233563c9acba171	4fab44b75cdfd8be6a42a6d3fdb500a87216c456858ed455e3f1e739eba52854
word_eb24291dbfd5	sweatshop	keep					KEEP_FORM_VARIANT	合法词形命中：sweatshop, sweatshops	6fbb5eb683581cc16719b63c267fcd24959ab9b35c34806f466d79a46bd76c77	92fe8713067982bcfa70b13e77a48ffab17673781a2cd1f5bc2c4bd0a9365545
word_f68ca0bce1e9	bewilder	keep					KEEP_FORM_VARIANT	合法词形命中：bewilder, bewildered	2170cfac9db3bb7c8458a47ae8954fcfa19bcfc7f40c6dce720ff9d99c47018a	c5f0ff839451f239f2984c607489941e99c38de0a6c2c514c8fd602ffeecaf2c
word_da9323f4efa6	demerit	keep					KEEP_FORM_VARIANT	合法词形命中：demerit, demerits	41f27830e3e21f765b564765bd298f4dc4af2f50c86b09300e10c821f764c9f7	4597e2ac23be038edf824249712b7c5feac9ee86ebd71934f8f0a1dcaa2f3cf7
word_2e64770a5f12	inscribe	keep					KEEP_FORM_VARIANT	合法词形命中：inscribe, inscribed	d80916125f4707815c237ed5e43ac35694828a6f55110118c421261a6ed2ad3f	d9ad79ec802fbab9a6c5baa10f615f4fae70d30de84314ef9504123927221bbc
word_234218611b9d	bulge	keep					KEEP_FORM_VARIANT	合法词形命中：bulge, bulged	f756e799c59d0ec6657e2b919f1700980f5178491322a33ec9f69b2723fbcef3	5cb181aafa59f85f0fea1eba397547c022bfd48ed088260cd595ecac2c84dcc4
word_01da4d80f4bc	deflect	keep					KEEP_FORM_VARIANT	合法词形命中：deflect, deflects	cf4842a4d9458a1043a55a3a19532b7d0251973a8e12ca4b13de1be16ed6c932	c7cca8784d4abeb90bea80a3e6083d0d77e8bd951521b73031daa8e2adfd407e
word_fc1b08fc456a	permeate	keep					KEEP_FORM_VARIANT	合法词形命中：permeate, permeated	a8783a5b6f77903b5accbf64103a70cc6b92ee00f457f4316bcf6043f0773a70	6b637af9ff397fc3860bdf46a5729b508b5073d641349a2c32e56f049dd5bb8f
word_9a87914949c3	obstruct	keep					KEEP_FORM_VARIANT	合法词形命中：obstruct, obstructed	03fed5a24e46bce8a81d06b1cb752bf20578b12c3ed8578bae075dab6e9da60a	61d75fb78c79713c3ec86f4337b2a55040bdafca7ba8a441353171668e596b7c
word_3f3b4341e51c	vibrate	keep					KEEP_FORM_VARIANT	合法词形命中：vibrate, vibrated	025ec8f42869542c973f35cf6904de6e40dcec554d659080c75e4e466fe4a583	5bcc1ddf8f8f8202a87d570f1e2bd2eedb49217ff2e249d6fd618ecda2b49255
word_4376b763ecd5	infringe	keep					KEEP_FORM_VARIANT	合法词形命中：infringe, infringes	7a9a93a57c6c14fc75f48ad4e7a1ddb931e64547b342fb4797119872c4f9ce26	375111e69388ed51dd803897001cc3a451d4da76d804cb4716e46555c78f0093
word_34a45cf9140f	stipulate	keep					KEEP_FORM_VARIANT	合法词形命中：stipulate, stipulates	bfb384881e3ec09897d468b7a9324b937956b29dde53784f273612bb264b6f32	076d08634c2771a1d83d3345da42e3770e6c637347058223ec7510fddf20a649
word_2c8f4c9c09ce	deliverable	keep					KEEP_FORM_VARIANT	合法词形命中：deliverable, deliverables	96fd0c0dea3b6be44771bc93d216a833a35c174942fced7dd30d47799acc3bc3	0a8e08b0603838834acc6874e882e428912ec197b67acc683c66579e51f16b00
word_46465807e097	advertizing	defer					MANUAL_RELATION_REVIEW	词形归一化后仍未命中；本轮不自动重写	9e920424273b702831d221d1d08557e613ba875946908c39efbbfc836195537f	1d000ebef1f745302d404d3c5315db36d33c7a8c03a625a625235d9587e951a8
word_c4a3a5b1b1f7	noisemaker	keep					KEEP_FORM_VARIANT	合法词形命中：noisemaker, noisemakers	c451c3e0e3a5906561f01cab7d6ce59cb9c1e82e991cc5a9451ca8f295f3342a	fce39ab395a6f0e981d2e99cfe630bef7f0b9f647a926cb7a77891fbd787d684
word_51c44712bd19	underquote	keep					KEEP_FORM_VARIANT	合法词形命中：underquote, underquoted	0a6f264c1e59a1287cd7a91b3fe0dd96b73f4061bccc78085fd82cc5738fa076	b3430789fa5f5de58e9d8c958ed50ef04195bdb8b90a15663c04a66a23ce97ab
word_7d3472f73343	accost	keep					KEEP_FORM_VARIANT	合法词形命中：accost, accosted	a56294285c8c15fb1648425cad540edf63ab5370a6925355778e88d79594584f	a2775bb3846cac72a55b6f6e82eefb618e714d1c169a67b4408ed7f180ab6b49
word_e02c878342e0	additive	keep					KEEP_FORM_VARIANT	合法词形命中：additive, additives	b20fd2e8759569d17caa672a8d9ba3d632e9ce4ae0b0498e8cb7d56b38195845	befacd57993128a98f4d99efb898f2b39d6ec68a56d2f8ef6c59406c6ca286f2
word_06e4cdeeecc9	aggrieve	keep					KEEP_FORM_VARIANT	合法词形命中：aggrieve, aggrieved	a86cb1eedb51e3b0dffb6f6913e7d0121b3b4f2501ce5be9302a85570fec3381	ffef5ccaa19b511f397f1a3660926e1eafd2be5cbe38e178e50d2fdd263b8a3c
word_660a877115f8	agitate	keep					KEEP_FORM_VARIANT	合法词形命中：agitate, agitated	cf8996498de3babec6cba7d7ba4236ea701f830817977440f29c8f5c7a26f95b	41116ad0026be051179b927d8eb4b24a50d07985f30b10a3e4d54f3afb63ff84
word_gt10500_09917	redundancy	keep					KEEP_FORM_VARIANT	合法词形命中：redundancies	e95aae4bcd083bbd784392cdba6492d798967fa2c61196f5da41054d090bcf78	b1fc0c390ec27b77e6a99bc49e99bfbe140e1bd1d6d7047252b29f4a1e6c040c
word_gt10500_09936	standingorder	defer					MANUAL_RELATION_REVIEW	词形归一化后仍未命中；本轮不自动重写	2e17a20cea205fde6fb56ae0e038f3d0d53f5cfa84e100f933d84af25ac06434	a7e4b740736c1696d28a6188394fae84250d94ea7023633eeb782190048b58ce
word_gt10500_09937	directdebit	defer					MANUAL_RELATION_REVIEW	词形归一化后仍未命中；本轮不自动重写	f93f20442eb28d2c549f0f33ec185d2bd43bb9407fd1bdfeeb277fe58fbbecce	167a66fde4c8e6973fcf1385cc2ba0b6863a477e97b6a4e7bb3dc31e3c0169f3
word_gt10500_09940	refundpolicy	defer					MANUAL_RELATION_REVIEW	词形归一化后仍未命中；本轮不自动重写	b12c5bb6b0413997bcd1b6435d298775338504f5ca7d120237a77250341e7c3d	d03c19788916c6b0ac9fc939344512cb8c63c270e462a78942a5f974fccb1026
word_gt10500_09950	checkin	defer					MANUAL_RELATION_REVIEW	词形归一化后仍未命中；本轮不自动重写	dc6e2f1c66e37232999eb311ab5fbfb29af2b34e480df4e985fa550d76345eb1	fc3b593e101edcacbf1ac2bc03f58cb6c8b05f5088bedff3f64d9ec7e0654de1
word_gt10500_09961	coolingperiod	defer					MANUAL_RELATION_REVIEW	词形归一化后仍未命中；本轮不自动重写	c84620bea322f6f821951301846414c8b27ec3c1720c3ea29836a8e6d6b008e8	701057d3cd3634854c146ba6deafdb4edee6d9e8ddc1e87ad35fcb2efb9604df
word_gt10500_09962	noticeperiod	defer					MANUAL_RELATION_REVIEW	词形归一化后仍未命中；本轮不自动重写	8475138bb525a72b0745925e1d229e947639277cb3d2fddf4984f1b885ece532	b2260768ea7df7b027c2b5c669c527c62e9ec5a5326049dea87b6e61e651a919
word_gt10500_09964	coolingoff	defer					MANUAL_RELATION_REVIEW	词形归一化后仍未命中；本轮不自动重写	4ac4b1197add447d670dd3231d7aa79f73d1576113ff24c6b45dce9fabf6b1f8	aa177cc9a21dbff94a0b5cc8bd58cc2a754232b49f612f74f598be340eca0beb
word_gt10500_09982	persimmon	keep					KEEP_FORM_VARIANT	合法词形命中：persimmon, persimmons	4495eda885c521115eb533df7cdc019ca2f605076508eee9e410700dfc8be80c	4d46051da9e8bba5948a162c0e14ead280871b14032674e7cff22a6603a9f3a5
word_gt10500_09995	estateagent	defer					MANUAL_RELATION_REVIEW	词形归一化后仍未命中；本轮不自动重写	51432fcf00c98409074ee918abe569009585f66a458cd58838c796340c70c70c	127b1d7f8768a74375151f89c1e309bb4b6d79611642756a9829b6fe084cfbf2
word_gt10500_10013	groundrent	defer					MANUAL_RELATION_REVIEW	词形归一化后仍未命中；本轮不自动重写	6691324a526bb3f27a48f23c21cacf73010c9e611ec9414ec30e9c7ef2de0e9b	b125b34c5d38ebc1eb12dffb26a63a123fcb73b6724c308e1d54a7789d9c3cf0
word_gt10500_10031	stiletto	keep					KEEP_FORM_VARIANT	合法词形命中：stiletto, stilettos	822779412617e45065f76112009ce2bb73c51a304e63e13f0a8409c35545985a	8d3266bb64716a9281e9041948b9cc8855c953da63bc2ee67b0e55d8ebb1757f
word_gt10500_10038	onlooker	keep					KEEP_FORM_VARIANT	合法词形命中：onlooker, onlookers	142c6fd6a4c8cefdca4d3ef64ec85a71053f693e718e17c7701834d2820cd931	9e1a12a0ded78bf766e39fb145116c89e60a03fb6c7d96b515e5840b9aeed26d
word_gt10500_10071	errand	keep					KEEP_FORM_VARIANT	合法词形命中：errand, errands	d7d2c27cd62b46cba005540f70cbf3db5bdcc061bae0f8d712e8987060e030c6	168b1a4e5f607a3fe21b38ac8a482358a4906bc2518b286fe1ca96bdcae5881e
word_gt10500_10086	hoodlum	keep					KEEP_FORM_VARIANT	合法词形命中：hoodlum, hoodlums	49d2d1fe08cfb2a90c0e167ff59319838236f781206bb5f60ef6705f972dcd0e	14759fdac75eea4bee5035817890a9f24de6b74beea06ca76e30e246cf333fa0
word_gt10500_10089	overheat	keep					KEEP_FORM_VARIANT	合法词形命中：overheat, overheats	79672e0da5126dc2ee17efea036e5b1e5985a4f3c1864eacef1cbe9b41cfcc07	bb36ba4997c1870e598a7b21900cc704133a422f9139285bcfa7c649c9a1f3a5
word_gt10500_10102	penaltyclause	defer					MANUAL_RELATION_REVIEW	词形归一化后仍未命中；本轮不自动重写	abb01703aad4ca20ce15ab0a0c73a14f84bf58497999a5d5bc283b38e060f0aa	bd79797ad14591a2ade673df5a66697a516a8f48dee10ba5bdf3437ea8f35d98
word_gt10500_10111	packer	keep					KEEP_FORM_VARIANT	合法词形命中：packer, packers	f52197fe66df9e1e91516a4d33419aaa38f29d4436e1d62222af0e178cd9f354	6b02b19f1d96978c061fa6a5aa8f9a7b90c341d55730e7db46c728fdb2937504
word_gt10500_10113	graceperiod	defer					MANUAL_RELATION_REVIEW	词形归一化后仍未命中；本轮不自动重写	d99146c1fd4bdb76d21d1d30ab752e902c0767754b197fc530d8780ec5086f43	500afca0291465f9ea304a93a457e8186e92ca90a121965dcfae44ba54da0892
word_gt10500_10116	panhandler	keep					KEEP_FORM_VARIANT	合法词形命中：panhandler, panhandlers	c29c6f8ae07cf2a9928e61779f7ad4ede87878ab8caeb7ef5ee311ed50547918	95b242036f334a1dd88a198a6b7d90614e0b330614262802fa996bb2502987b6
word_gt10500_10131	handluggage	defer					MANUAL_RELATION_REVIEW	词形归一化后仍未命中；本轮不自动重写	b3b563f4e853a43ffa2b4223188d9d3da71a2252b93c4814e721e8eb756e1495	79af6c73bc63cba44c163ff31c35060e9ac17c71e5ce38cdd19b19db6c600649
word_gt10500_10134	inventorycheck	defer					MANUAL_RELATION_REVIEW	词形归一化后仍未命中；本轮不自动重写	36ab6c68fdc4194de71c700bb6fdec329bb6828d3f3567ad71bde57c9d32f751	95fa0b618ac86658397708c8d3e91d2ee816ed9703f0aa0d5c250ed7f81490a0
word_gt10500_10142	unitprice	defer					MANUAL_RELATION_REVIEW	词形归一化后仍未命中；本轮不自动重写	4e768bbb83b63ce92b025b2cd6fea83bc4e3642c487014d3b1118a9746e6edda	deda6e4b60ba2578cff2e56a3199f0521c65a69692200df4c8af2b0fb77e915b
word_gt10500_10144	stockpile	keep					KEEP_FORM_VARIANT	合法词形命中：stockpile, stockpiled	c31e2f6565ee2d4eccb8a31415a26ac988f52a0df0ab80a68f04f1e135042d64	20d32c14adf59f691a91bc0ddc98f258f9eadfc3aa2270d78633e278d004d70d
word_gt10500_10145	depositprotection	defer					MANUAL_RELATION_REVIEW	词形归一化后仍未命中；本轮不自动重写	876d176d53fe942d15a9211a6d0d705acb3993d5fe2c20bceceee1675623a10c	363c38c358a8d8279e16aa4183fcba57a637560edfd1298cd68e6672833dd007
word_gt10500_10149	creditlimit	defer					MANUAL_RELATION_REVIEW	词形归一化后仍未命中；本轮不自动重写	26fbb17ca9e954f6a098de4f36b5d1b94474c318e8022e96500c8dfda5c8a9d8	0d8877c05ce03adc9879d0432d29e4d40dd02158a7907d1395c31e3b5fca80e4
word_gt10500_10169	glutenfree	defer					MANUAL_RELATION_REVIEW	词形归一化后仍未命中；本轮不自动重写	9c11ef9d4720e09c8ca5f8a7aede664f42b532afda7d6cd2ad0d86ffebe4dce7	471346ef936850fa44d753f256f49561c7fbdd6d4b4d326a2f72fe49bae7e404
word_gt10500_10176	segregate	keep					KEEP_FORM_VARIANT	合法词形命中：segregate, segregates	88315b8560e09484f19f3d46db0c147ea8a59a3e5d7a56d6e4ef10f571018aa8	2694bc8d36b8950efed8e194292b8783fee773f7be3250030bf1025987d21193
word_gt10500_10181	reciprocate	keep					KEEP_FORM_VARIANT	合法词形命中：reciprocate, reciprocated	c7dd77cab0e7af44c21ff3a4d809df1d00e5ec18a16a26c06e4ab3b817225440	80079a769f54bbb2818aae39e377a64bb66840cadd946e6756f316a9dfe9d3aa
word_gt10500_10196	popover	keep					KEEP_FORM_VARIANT	合法词形命中：popover, popovers	0ff810128707127df40167db13e2f20588f2787f62a953c4021345caf5229458	985b4b2f040f88b40b215ec4b8458ed6bda6d48bb4450744eb5ed25958b2651b
word_gt10500_10199	yearbook	keep					KEEP_FORM_VARIANT	合法词形命中：yearbook, yearbooks	34eafd4058fb43b3f528c612084336b9821f91c78bce850eb7d4e1059fa16002	bfe95c630024415365315168cec03366c3362567e6c0bb6b1a7cd8246c01e8ee
word_gt10500_10210	nextofkin	defer					MANUAL_RELATION_REVIEW	词形归一化后仍未命中；本轮不自动重写	0ebe03fae191c68cfca6984c5fc034021ff650feda64a8e5ab4285923efb2851	418c0616c899db7fdeb3db9d139fa14584249fbf07d914ae5866787c531c8390
word_gt10500_10220	preorder	keep					KEEP_FORM_VARIANT	合法词形命中：preorder, preordered	e997f1b47062d9c4c8e6d2db2c548c1b742c218325e96e627682d3332c1fc9d5	4def81cb73f6c65090629cc662cd568a0b23e80c4211d3c80eb23c5aee4b85a1
word_gt10500_10221	dropoff	add-form		[{"word":"drop-off","type":"standard compound form","note":"空格或连字符标准形式","source":"semantic-quality-v1"}]			NORMALIZE_COMPOUND	例句或短语层使用drop-off	8e16734f0020768b55673ae47ca33674869ac42eb31b61736af135718a38a118	d450416a9ee24babdb51d6112f4b50850e3a8490cfcfd1ec2e3a4302a990a115
word_gt10500_10249	overflow	keep					KEEP_FORM_VARIANT	合法词形命中：overflow, overflowed	5cf2a26e2c9f6680494fdbb9793e06663e4b8af59b10ca5a62772660217de559	f82f234bb6da42587cbd7d39c0853cf02f0b0346380d9d2675128b9f7d772eef
word_gt10500_10250	reappear	keep					KEEP_FORM_VARIANT	合法词形命中：reappear, reappeared	445212107b008a014ca551e9d3984ad326bcc5851707c4bd23661d8b08ec8815	d6e900f88983ab4c7f3135d55ac75eb8ce9bfa7eb86c2bae5ebfa20dfc7af90e
word_gt10500_10264	undercharge	keep					KEEP_FORM_VARIANT	合法词形命中：undercharge, undercharged	b23a03f6e71bbf7969448133054dcef3519e01810e389d54ec5dc847cc0a041d	2b1740def6ae24f62570b3c080f4c8a2fc7727fea6d5a70090cd4b2b190e8bc1
word_gt10500_10271	pickpocket	keep					KEEP_FORM_VARIANT	合法词形命中：pickpocket, pickpockets	5496a9481a516874a598254057495c295f012a9078a888230502239c014a93a3	15174cb78abd29c86449944787104276fb826dc41c8c480d878698302e08eeef
word_gt10500_10287	pointer	keep					KEEP_FORM_VARIANT	合法词形命中：pointer, pointers	3587bf3e587f21f9b38ca03000d041174147372ce22a58eacf4af4fdc0e95e4a	be54dfdf65b88311a063c76420b709d5e23e4f64b794f02808e63b173e0280ed
word_gt10500_10300	wildflower	keep					KEEP_FORM_VARIANT	合法词形命中：wildflower, wildflowers	b487800df9234b39a8d391387171abdef0366aeb5b4395ef4a9bc1ae8cf575a2	587dee23f733926f3007083635e209f7b659585f383131994d6d56a4d9a490a9
word_gt10500_10301	skateboard	keep					KEEP_FORM_VARIANT	合法词形命中：skateboard, skateboards	5384dd34d1f29c523723ae4b277faa8414cbd6b852fa2a8d0d96bec8ebaccd26	cb018ff6fad45a7797e275a9b402bf69f295d5170c2d30329d72ba6699965c12
word_gt10500_10305	highchair	keep					KEEP_FORM_VARIANT	合法词形命中：highchair, highchairs	be4e83ac2b4901c55b5e94bdeb11eedf07c6216917c4c203d6e2ededf3c35efc	b729d869976939191365654b6406c320de773a3f0113025fd53b939a26a197ff
word_gt10500_10333	preservative	keep					KEEP_FORM_VARIANT	合法词形命中：preservative, preservatives	d122c18d118a80496d1483fb3532e240a5e2416b87beea35814a81b378954888	eef5ccefc7c51d96ba669b11834d00b966499b92e1c32ae63328c9061e533f71
word_gt10500_10334	printout	keep					KEEP_FORM_VARIANT	合法词形命中：printout, printouts	5bc9c21afe9e87072b2f026fd2fa48306587c7c9ae3ad3e883dc5e436a431a81	16bdfad0cb9a58d68fbc8e23917112a8b47440d6d410fe1b16a040d74c886eb5
word_gt10500_10357	dependant	keep					KEEP_FORM_VARIANT	合法词形命中：dependant, dependants	ac20d8d6c3d90abeb67d4034d0feb2d94c0d559ddc30d153b1fb2b0ec3a4ef17	bb9b6bcaa4b05919d665e2abe502be7799878cccbe5c09be94625e6f8a03ae2f
word_gt10500_10366	meterreading	defer					MANUAL_RELATION_REVIEW	词形归一化后仍未命中；本轮不自动重写	22ba941b46c4042d6e523345a07b51b5ca78b7414798b859d1dc3ebd306cb4f7	baebdd1105e0b19ff8f5a16d1966aa6b9c5c565cd1c2cae54e3daf87a622e6b2
word_gt10500_10367	servicecharge	defer					MANUAL_RELATION_REVIEW	词形归一化后仍未命中；本轮不自动重写	b4fa3713ebd8c3d88b88a390dd515e1f577ebe5c9b7289e5e17553b6f9ff920b	696d761f59780b4e1ac107bd19ca6934ba5a4956b130c5b7050e4dd863849a67
word_gt10500_10369	lettingagent	defer					MANUAL_RELATION_REVIEW	词形归一化后仍未命中；本轮不自动重写	d87d8848169b6222c9f7c0bd8e7de9ab8087793d92f3399f22b914c59f3f3594	a28b6e84d2650e08edb6169e5956fa6321f0aabc53974b8ce31644307369b853
word_gt10500_10370	referencecheck	defer					MANUAL_RELATION_REVIEW	词形归一化后仍未命中；本轮不自动重写	cce4f617a7e26d64ecb7c31d62ff80468944ab80ed46de9eb51992a7c2486fc3	acc318f8d44f71f7a2377e1058601d399920d5c738be61c7638177a5625aa274
word_gt10500_10371	creditcheck	defer					MANUAL_RELATION_REVIEW	词形归一化后仍未命中；本轮不自动重写	ec874cde461d6007a1bf58cdbb05d94802972b3245aabfe68da6ea15117f1bbd	b18fe386ca00e76c42099ef02eb7180dd5322c8080a3f2e2bb1b0f1827f097d6
word_gt10500_10379	cockroach	keep					KEEP_FORM_VARIANT	合法词形命中：cockroach, cockroaches	b4ed750003f9a4905522d41a2a07a8553691fefaea111c18e483401d58e57b3d	c8e4e2bf806a2ce6fb6f739e9677dbf31d65f128467f2376a34c86ab65c9e618
word_gt10500_10391	cyclist	keep					KEEP_FORM_VARIANT	合法词形命中：cyclist, cyclists	4fb72067ecb8ef3aba18b7a1a49ee86e857d948b96583fe11d4fe77df8326feb	8b94c34389693426017f7261eae396624b770f511f67ec0172876c1de030c1dd
word_gt10500_10392	declutter	keep					KEEP_FORM_VARIANT	合法词形命中：declutter, decluttering	c2ff3e229e1db5b30a6130f467de168149d2f14c0b58d149e2b95e800ce44acd	ef18a39ccb9dd60d276fe5b1e053954275e80840fb548b1218017634b3f96971
word_gt10500_10450	hydration	defer					MANUAL_RELATION_REVIEW	词形归一化后仍未命中；本轮不自动重写	d526980fd80174115d6f6b390efe6e8ac769e4e4d820c127523973dfd99701a6	a5e5e46de3097bc6e973a7b18322044e5ef638f39b52b819fd2aee95a0705077
word_gt10500_10471	landmine	keep					KEEP_FORM_VARIANT	合法词形命中：landmine, landmines	ca8cba28ef137a84c4c35b2464ff6c5cba10c12e25d624a42e06ac18b5fde59d	c4d475f0e49607a0de633dceac2a5ed991e432a2c963b4d1496667ea9a359c67
word_gt10500_10485	loudspeaker	keep					KEEP_FORM_VARIANT	合法词形命中：loudspeaker, loudspeakers	5858084493eade847fc079716fb97e78918c9b6d03cbf2e962cffae292d648e1	15eb3e83c32ab79f043def7a2517c52a3704026bed63e8e62024bb57d870c3d6
word_gt10500_10494	mistreat	keep					KEEP_FORM_VARIANT	合法词形命中：mistreat, mistreating	10e68bb35e579bafe668a2c0a52587cf61787f3ddfd99e20c22fa0d53796bb96	d0448f7d1ae1b7b98bb14a98d830c6b6690d3ce3722a1658e7f583fbe25c0ab9
word_gt10500_10497	motorist	keep					KEEP_FORM_VARIANT	合法词形命中：motorist, motorists	cc69f325cdd991233776e29008d8538445bab6d9403bcce71d50901651d8355c	ab6066c4817fa3d3e5d6827fc59e74e2de2d26918aa1bb565afebe6e28c67e68
word_gt10500_10498	redouble	keep					KEEP_FORM_VARIANT	合法词形命中：redouble, redoubled	5933aa4f778eb07497c27831f546e05c4ba25c9b90971006d4132fbf75229519	47ea44b2655f36512a690beef85d407a07ce706baca45172d8b67710f1668bb1
word_listening1179_9be41eeda961	migraine	keep					KEEP_FORM_VARIANT	合法词形命中：migraine, migraines	a29ab3cc087b23f6bfd3839210b135361c8c20c9959c284a7b71bea1e5405944	c17f9eb45e880e581ef6c050afe44a3e73a0d6861c78ebfab2a18a2d5896ff11
word_listening1179_079250207301	biofuel	keep					KEEP_FORM_VARIANT	合法词形命中：biofuel, biofuels	27623cb3711c1706cf5b230faac260db71370c7551c6ef5208aa29527f267e6d	79a76fdf008f49ddab9f554c17b067d7f327ae4b8547c5c3d058ccc196ea2f47
word_listening1179_5c72b04a8399	mangrove	keep					KEEP_FORM_VARIANT	合法词形命中：mangrove, mangroves	7176a26a2184c4536715a621222c4398a75aa7d083b0a139fa1251450b9452be	0eedd7eb571eedae89c0d06e6107982b24b392622b98ce97934fdc73e8dba823
word_listening1179_b561a86aceed	carnivore	keep					KEEP_FORM_VARIANT	合法词形命中：carnivore, carnivores	c9ee538ee6df4831b08b44b7898c44f51a8a30d8c0589f3990eba7695cfe1fbc	0ef5742f9862d31fad019c7e2d5f817a658321d3af277f9b1be56f6bdd5d85dd
word_listening1179_6aafbd2b3f43	volt	keep					KEEP_FORM_VARIANT	合法词形命中：volt, volts	de0cba4679c8b33a7d54dcb8cda31df5551ad101d5f23268969c62fffd9b6d59	7f845fe15556b4b6017bdfb5ec25a0affda1f7eeb9a1e7fc596d62e4df06684d
word_listening1179_b6baead0fdf6	enlighten	keep					KEEP_FORM_VARIANT	合法词形命中：enlighten, enlightened	f7ec80e0e4032745e489ec993e1e033c59a3019e9d9fa42da726ee023dc53070	c7df915a15c1eab414382049f8bbea643bdf54dda3c50a96eef947044c73e491
word_listening1179_e954fbfdc4e2	stakeholder	keep					KEEP_FORM_VARIANT	合法词形命中：stakeholder, stakeholders	0dd0580cbd293902395ea45f1ca9e9706be89741061c51d12861d4392e06c18d	d216704c837817eb0a018cd3b7b9f574faafde90a87429397c2d962b62979aca
word_listening1179_a02c387e87f6	subtitle	keep					KEEP_FORM_VARIANT	合法词形命中：subtitle, subtitles	2a0db2ec0cb207462d7582dceabfcd32a6c3580fb7341ed77d4b64416b3929d3	e909dc90d1b6ecc9b23eee3c24f4b589f106ee446781d79bb0b6b719d98b435d
word_listening1179_62879724f20d	mobilise	keep					KEEP_FORM_VARIANT	合法词形命中：mobilise, mobilised	d875751d0b66c0f1aafb99c33e60ecfef22daeaafdecbbdb36e36f7c64cd9c0a	d598b1f71ee43972810f26f07acb9f0ec8c900c58533a0f558ca4908c8b807cb
word_listening1179_a600d6d8b019	nourish	keep					KEEP_FORM_VARIANT	合法词形命中：nourish, nourishes	9989c82460fe36368619d0c10353f4a191e74ba463f9d47ad4236d8ca0ec5901	98b6ae2ea3d605b5554bea75fc5249bdf3b62324d52e53a2a535169106c81f04
word_listening1179_875f01c5306f	kilometre	keep					KEEP_FORM_VARIANT	合法词形命中：kilometre, kilometres	2bc89b259141a03745429009fc7fa1f198c23b460d4efb2edc309484a104854d	af41652d0c40ad58f335580e21ef32c38694e11bbcc57b4bb090f264cd8c740c
word_listening1179_29e60c5e58d1	amplify	keep					KEEP_FORM_VARIANT	合法词形命中：amplifies	a139c69e55ca0169663e63977e115ac2f2f74051aa2ee11023478f3a0127195c	be6735c424f214c63205668436e6c145b5dd615bd234030a6149cb9f165c60be
word_listening1179_dc42a9dd6e5d	socialise	keep					KEEP_FORM_VARIANT	合法词形命中：socialising	145379818f64668317355d9b3e444fb1940e14d6a808c6eb13a55028c3b8de56	650f52f4e3e177ecdb9bdcc763056fcc5538d3a8470858bb68c529ae4be31061
word_listening1179_1a0f9f8fb683	authorise	keep					KEEP_FORM_VARIANT	合法词形命中：authorise, authorised	d321500add25181c8740ad23a88e349c3100003f2f647dd4f8939d03dae71e40	c07da52960daedc1ba74be81da9915ac79f8c6735d3d0ba2257d7ae77ca9d483
word_listening1179_2db5cd94dbab	manoeuvre	keep					KEEP_FORM_VARIANT	合法词形命中：manoeuvre, manoeuvred	0c47775e24c4bdcae00ecf62b07e6a48242a9dc644cd0beae102568bc2f82789	b6c75169676b73117d9d64e1ecc1e8a65d7097fb85c67ce3611d8860f4dffd0a
word_listening1179_9d1b9e1e77b5	decibel	keep					KEEP_FORM_VARIANT	合法词形命中：decibel, decibels	5635db52fd631b1dd4225b3db8f9585f508715c88f8cf85df2e6a4f572ee88d8	7e805b069899778922ed409c9531225fcdbc674b187678135047cd198629fef2
word_listening1179_76e7443e02ac	storey	keep					KEEP_FORM_VARIANT	合法词形命中：storey, storeys	61c4c30798c43e5c4d107754d21475b6034410b245694a680b0bd0663e5c1ac2	1ab9ba806d9272235175007a5f8564b8b570aa9ff3520cd40e5b9806117760e4
word_listening1179_bad62274d345	highland	keep					KEEP_FORM_VARIANT	合法词形命中：highland, highlands	7fbcd43ea86fcfa56eb8be89dc0d8f47a99225b4d80983c0325c7ba44120cce3	49c7c20389ca6cbd113b35748c95097af477fba1302465b15384cad1c366c3a4
word_listening1179_c6a3d251f821	overgraze	keep					KEEP_FORM_VARIANT	合法词形命中：overgrazing	2f8b6afce6d1295f60b3d890abe12e817fb86bd3b55c9fe250b600b2953df973	517e0709e198dfd7c8227dc910210bef6d4ddae0bdf829867c61136fb1ea3325
word_listening1179_9859c5624f09	disillusion	keep					KEEP_FORM_VARIANT	合法词形命中：disillusion, disillusioned	4e2c6a9e7148338ef4908030447828216bbbfbbd420a0e995f63383bf33d2b2f	6378f178eee9b29620d1e3f101b69a43f20c43d3fadb6776262cd799fbc35273
word_listening1179_f1a6159802a2	hiccup	keep					KEEP_FORM_VARIANT	合法词形命中：hiccup, hiccups	fa3f6d401a3eafa1a2fa52916c6650f1e3f516c73a0a7b2125272fa6b84e3fd0	443795754822559a5e64cc59a082705b8e8d198608abead8a546a6645331eb0e
word_listening1179_19ab806fe5ec	airbag	keep					KEEP_FORM_VARIANT	合法词形命中：airbag, airbags	a4e2a0a4fdf9f9b5683b9f64fc794b820951c326f8bf978b6c36c1dfd9f4259d	13aff2c29e72d19af88101e2a1bd4d2a44acc664ec57832509bc9a2363c042b3
word_listening1179_b408b2042c56	earbud	keep					KEEP_FORM_VARIANT	合法词形命中：earbud, earbuds	f65fa869a2f17a3cc69357b0c4204a7c900885a10a68353d67d43bcfcc0fdf1c	c0cea6f99d68792d4f92bd977127c026352cc946bcb37e6c6fb101b68e2c9c2e
word_listening1179_0f8fb231f5b4	floorboard	keep					KEEP_FORM_VARIANT	合法词形命中：floorboard, floorboards	fbb7d44f4ca1fb812c8bc46bd0c4b5bedb8ab5872342fd52c79382a70de37705	874f7c2afe9ea8784ce58f37bce5c5bc2ff65be2f37b007d773ee0b9e4585efb
word_listening1179_e9031f60a3ac	gutter	keep					KEEP_FORM_VARIANT	合法词形命中：gutter, gutters	2ab92253682e7ada8ab395a4b3c5343a2e6758d9f254aa7f470e03e43c0fc0a1	152eeda23f0c5b37bf204f69872be79f2b1c14dd2ded36589873be6820b8dc8b
word_listening1179_a2e4e9ac5dba	boarder	keep					KEEP_FORM_VARIANT	合法词形命中：boarder, boarders	9b1f1b2d7b4972ea2aec01c9384af4670c7f660798672d4933f0562980b80eb2	32f20fc5c8b13d855cf4163268090c9e295c5657bc0a522433b8c035f8dd89da
word_listening1179_28532912de03	allergen	keep					KEEP_FORM_VARIANT	合法词形命中：allergen, allergens	423ad7644f6684c4922d07545a34cca41108e77ff22faecc13c138d99b682e72	2587c82d861a410391ea3c552bfd8aab95e1c15b596446717b0e2036dc2f90b8
word_listening1179_ddff7c71c096	decommission	keep					KEEP_FORM_VARIANT	合法词形命中：decommission, decommissioned	a6692a84dbca7ee51bebf36e8dfbf6f4934e5f6d37391597c8d4a5f429ea6c4d	705e9e90d6be638cd7ed527db30028086c7e77d35f649dd2013d31b49046ca8c
word_listening1179_b41c448aaf22	smokealarm	defer					MANUAL_RELATION_REVIEW	词形归一化后仍未命中；本轮不自动重写	dc301806daa54f15ed4be306e14e7cc9a78cf906cc99ff63e5809bcd2c6088b7	4b71f3ff16d2164aa71a4a0ef8db3136bd779e8eb2687d540f0d6f73bc7c6b39
word_listening1179_36cf12057a9e	sparepart	defer					MANUAL_RELATION_REVIEW	词形归一化后仍未命中；本轮不自动重写	262f349bfac19d8755feb24172164921c01822103caf0d052a799eaf2dc1f00f	a8034050b929e7cdb53b38a2da3e417805ad6309c1e957328e55189f7f627f9d
word_listening1179_9f962dc9adfa	townhall	defer					MANUAL_RELATION_REVIEW	词形归一化后仍未命中；本轮不自动重写	7a520a77c626af944011e25572e87b2fd6ffc7a11b8e1bf27ce97c66e3e63b53	2b1e09c4d07cdb59074858225b2c45fcae73397ff0c0acf0f9a027a9f95c8491
word_listening1179_b8268df1da5d	utensil	keep					KEEP_FORM_VARIANT	合法词形命中：utensil, utensils	669ba9c9d7555c54f0bfe172f20505e7ce605a496471c2e6914e336fc647e7db	f167fe2698105ed678980030e7a59654dc5ce242cfe78add91bb486d9cf2a194
word_listening1179_384dde4e4b7f	watercourse	keep					KEEP_FORM_VARIANT	合法词形命中：watercourse, watercourses	7d1717926761bc988b1299cdf823828bfd23c55328141d4d0371226a9452db72	7770e5238400cf91be0f386ddf94e86eb8e150f0b5e7caf8c36b900a927ad936
word_listening1179_16de9088d71e	homophone	keep					KEEP_FORM_VARIANT	合法词形命中：homophone, homophones	f49fa8fbaeb9602920819fecd427db2507f6aa39040692e1422e9c7e3eae6ff8	440af5ab63d14d6fe57cf5f928b28415c9e910754c9d38b0414451a166798348
word_listening1179_59eee94f953c	enzyme	keep					KEEP_FORM_VARIANT	合法词形命中：enzyme, enzymes	e90ceee2a93f8fcd43f39071a7c1d6a6c280ff60f6e3ceebd8ba430904aa299e	0baf05939703ee101bfa6eba7a451fb5ffc403a6a087a8241eb7b681bb01f474
word_listening1179_907800b784a9	aqueduct	keep					KEEP_FORM_VARIANT	合法词形命中：aqueduct, aqueducts	ad2ad6c42f8c847f9f91c768701795a1891b00de82bfd2f13017d0c17ace4225	d2c034720200b7e22b356a5afeddd6a2c707e99a8150f634003437a95f3e79d2
word_listening1179_c272ef77408c	pollinator	keep					KEEP_FORM_VARIANT	合法词形命中：pollinator, pollinators	9d6a95075612f8aa05c8d7dc3b15b3916fe78b127025aaa7e916bffe57e6034d	15c662d3407029e0dec53736cdd51c92604b269cfb575b5ed4da2c79b32a8cc5
word_listening1179_02766f3002ea	crocodile	keep					KEEP_FORM_VARIANT	合法词形命中：crocodile, crocodiles	bcf8db715919baed3fdfd1943d6f5090004bab33f3b22181e98d304eff45e37d	87b5ffa1c1a195cab71e84a2e1cbbcf632bcc13508620f4fe224d1fab82a4cb5
word_listening1179_d6806158f753	ion	keep					KEEP_FORM_VARIANT	合法词形命中：ion, ions	57b6a34bdbfbbd85c18efab5b1dfefc5d21d7ecbd270dfa29a7dbd46bf2033ec	4070ce392ee95282f4d56dcfe266dde866c6b157a8c05317e1c50e398ec88eb3
word_listening1179_0693e147d853	vertebrate	keep					KEEP_FORM_VARIANT	合法词形命中：vertebrate, vertebrates	63d379c6af9e91a5592cd1db575d1862e43c1df953188a849a1786ea8be19c2b	7979b8e36ce9b2b9581d821b89f47699141de819a9be0ea114b4314df9428050
word_listening1179_44c5b73aab9d	slat	keep					KEEP_FORM_VARIANT	合法词形命中：slat, slats	51bc645d0569cc2bbe1610f54199b9e079f850835b66637163adb18b7d224e84	a82601b7163bb5ed24631cb711b94e0cea544b0606578b0bc32b3ceccb4f18ec
word_listening1179_ec804e95c30a	ensue	keep					KEEP_FORM_VARIANT	合法词形命中：ensue, ensued	9b2681d1e6eb0a539ecabbfce6883874a5035ef61de08bd09c8276cbd1c13c4c	a5aee9478fdcbf878de50bde409919a694c89df3daad2fedaa5e64bcf102abbf
word_listening1179_f921d1889072	amass	keep					KEEP_FORM_VARIANT	合法词形命中：amass, amassed	2ff58b783310c0b262692274d99a5da1e7498179975894c84f48d72141e2575e	332e78b7b2c060bab68b4457ea0b1f9f4310f8cefdcd4a800fe94d51b57e2f4f
word_listening1179_2f84fb4b7fb3	overshadow	keep					KEEP_FORM_VARIANT	合法词形命中：overshadow, overshadows	2977ee7527b9222e390295e856e195a2d70ce73ad47fbc0850d6ac2a1d39eade	2fed1d2bc6848a4f7e2a87d3dfa911768a7e1a17268c17b7abcac6e15e376907
word_listening1179_fab7fb99a766	capsize	keep					KEEP_FORM_VARIANT	合法词形命中：capsize, capsized	d5fdbd02e5805521e3942cdeadc4110eb7276fe0e2cde4afd3a8725995dd7a1c	63671175c395747e9863178b8d151a29512d1327b593008884593308e422e039
word_listening1179_de3395ba4024	intermix	keep					KEEP_FORM_VARIANT	合法词形命中：intermix, intermixed	c2f4ea637e526cb87fd842bede9fe06c64935365881bc84f8df9b69b003ddd96	cef4c1702aba3ba782532642d764d25c3447e2a4e055d1be6da23470b35b0386
word_listening1179_7becf04360b6	droplet	keep					KEEP_FORM_VARIANT	合法词形命中：droplet, droplets	58d8d74ebce357e657714ed111fb43f8895d0352a283ecc786c473b2f5bed7be	0ae7646cf80a1b06bf674b3148e5095be5e1330f52f3198bf8ff7303a3518796
word_listening1179_8d53ca6a0adb	circumscribe	keep					KEEP_FORM_VARIANT	合法词形命中：circumscribe, circumscribes	9288a62935254c607641f887f3b14abad666fd5dcb970f353544c4e9c7e4c6fc	0dd4fe4629ab6836c1f9d6dab339430167e84d32f750f8e8679276702ec692fa
word_listening1179_ce2bf1f4ddd4	glitter	keep					KEEP_FORM_VARIANT	合法词形命中：glitter, glittered	5a18588557b63c38712f6fd1e4c51c55d8e8e8e08845723031ed2fae959f4627	523d09529c7baceb269b59035fdefb5b4e5203db93bc578e40f082ece1df7f5a
word_listening1179_14804d5bd759	inaugurate	keep					KEEP_FORM_VARIANT	合法词形命中：inaugurate, inaugurated	2639282c6e722b6c83bf695ac89e42c9a2734c5014924ab3d529202d7a552456	a1b43f98478dfc5a83f5562f9a55406d2fc7a5eff48e3b15f8676f7ae4606b44
word_listening1179_38284cb9a898	disorientate	keep					KEEP_FORM_VARIANT	合法词形命中：disorientate, disorientated	84ff2938931488560fde21d037037852e0c18e782c0a6a2993358c312f64c640	078a6901b956a5d7ffdefa21e257ac6dd1c0ed7f18f9308e8ddedb687fa476e2
word_listening1179_e6ebbc47a523	prefabricate	keep					KEEP_FORM_VARIANT	合法词形命中：prefabricate, prefabricates	93c8d773dc45213fbea90e95a7e4e50f0310e82d8ba9e8ecc6d6bdc9e6b6926d	067f7ec5be5baf60cad5a0b45731ae523979c08d973fd475bde0e07a18db9aba
word_listening1179_298d0899cdc6	objectify	keep					KEEP_FORM_VARIANT	合法词形命中：objectifies	29a8c49522b8c094fcc050600d47cbf96f1f5098249ee5def230d9a9063c73e4	c5a2e89e38d53cb7b3604c497e402d1a90865e9f24fa94cbb90adab07e707a53
word_listening1179_5e39738e7122	presuppose	keep					KEEP_FORM_VARIANT	合法词形命中：presuppose, presupposes	d4bac329917cba8946f162980e66877578968f61c924183a7e8448f757c4cc19	7f220758d8b40b5884a38fb55893ac7559e319492bde2a8d6ec661c452ea16bc
word_listening1179_68c3e1f2a5ec	recapture	keep					KEEP_FORM_VARIANT	合法词形命中：recapture, recaptured	15c790f376439d4f1723de76eb92b24dc6e8c37ee59fc5d8d69ecd0fffe3eadc	0986153804b710972ab4d64cdb54a9e781432c577ba3d7f395b299d64a62bf00
word_listening1179_c275a4e7b6cb	protrude	keep					KEEP_FORM_VARIANT	合法词形命中：protrude, protrudes	76886fbd0266182218ac73072f20edccbf3e394151c32ecb244e088bd48dbb30	a1070cdc84f8179fb1aaae50131b6b7819fb965b10fac60474a76e201576abe9
word_listening1179_fa68480df10b	predispose	keep					KEEP_FORM_VARIANT	合法词形命中：predispose, predisposes	42a7bc525315f812c6cdf5ceab24def6287ffec827911764c4d17a052ba7191d	ca81d1d34e6a3b6f3f2a1772530b7ebde52644a0d45b056fae53299fde704067
word_listening1179_20f759a16252	tickle	keep					KEEP_FORM_VARIANT	合法词形命中：tickle, tickled	d531dbcfc29524c0eebcaf75f3c601d09300445a4e92118ef47cfc26c87782f6	3a0c0f23889c5149474607df100716489cee95bd16a438099af52d9247e9cc05
word_listening1179_2bd259700381	seclude	keep					KEEP_FORM_VARIANT	合法词形命中：seclude, secluded	5fc1d31493f0f21a7639083419be78d453f7035cfc6022af79c78d5ac5e81f2d	7122a7b7989e410a81ffa0ca4f90bad29e62fabdbeac768ac9e8928c177bf983
word_listening1179_7e3802be8a3d	devalue	keep					KEEP_FORM_VARIANT	合法词形命中：devalue, devalued	3bbd407c7f5f5a4d8f12290334cab2ba35d5e06b1caa91c949e9f9c5b011a26a	341f9fbb70e9bb08b96ae404cea1e80505a42a9780c07ce696f9cf87095410c4
word_listening1179_3937dfb57fff	enhancer	keep					KEEP_FORM_VARIANT	合法词形命中：enhancer, enhancers	f862c307f131a0084256d78c46f681166ec8036e18fac36359d8bab1bff24ef5	388ff4ec873268eb793c62c7cf15a98b2ed54d6aed2903a480aca8cc89f0a6eb
word_listening1179_31c74d4639ab	outlaw	keep					KEEP_FORM_VARIANT	合法词形命中：outlaw, outlawed	5579568e2b3e37835c22861f856f37c3fcd3c3016e541e22cfa66649dbeb5cd8	9b16877d0b1c75c3e404e6a849f05f04fe383038d96504e37a3e8e64e8f7984a
word_listening1179_9f74a631e52a	incinerate	keep					KEEP_FORM_VARIANT	合法词形命中：incinerate, incinerated	61d21a103a10785c6b2975772510dff75b6776400a3a6fcca5600b6aaf057d40	376dc5c8b240bb65275f80d609bb65d129f828dd5aca50ec2f7072343dac55cf
word_listening1179_298b73d4b243	bedsheet	keep					KEEP_FORM_VARIANT	合法词形命中：bedsheet, bedsheets	e35a42b2a0b76a77850d99b9c824138e98bb071578b6799b695035ce4256f6af	1d9ec329c5ba11c102e868106005496e95ccdf98f5e39fecf7be3aeb692a3999
word_listening1179_6149c1819b8d	clothespeg	keep					KEEP_FORM_VARIANT	合法词形命中：clothespeg, clothespegs	ef621fcfa1cd9dc8628ace7e55ba54dc379157b7c178236cd2ddc225782ae2aa	84171ad4c4f9cc840aa664d0ab8434891196f0af9e2aa5a54eb8e9b9d75610eb
word_listening1179_6f755336554a	coathanger	keep					KEEP_FORM_VARIANT	合法词形命中：coathanger, coathangers	71fd2e835c0a9f4ab77a032846560e2c605845ab0563c3c3b86c932c882997a5	bee7d878223b853d29b6e93a01c58150fde02ebd082a0dd6e4524b749ed37e5d
word_listening1179_c28b01e74dbf	cobblestone	keep					KEEP_FORM_VARIANT	合法词形命中：cobblestone, cobblestones	42df8a52474602163d47a6e1c3f165d19a5f04c4f233532762c529bb84851552	d30b3fa7056426eaa06f9e0f46d882f5263ff30606022869cfb0dcd37b629020
word_listening1179_238bdbf84443	delineate	keep					KEEP_FORM_VARIANT	合法词形命中：delineate, delineates	a7db84ef4b264c50aa32cd89e18e05e4347b6f87b70546ebcece20b484499d64	01eb366f0c615ed859c6f0306781de8ad3fea3e4fe5e2c53dfa9f8869ec3ed0b
word_listening1179_fff5ec69d335	electrolyte	keep					KEEP_FORM_VARIANT	合法词形命中：electrolyte, electrolytes	e33de6ded5aa91e37c91c03d10d9c7f6b98d51897b053e9f0b8a775bf1f9bf29	73cc0b5e84a807035a19a62e2070b5a8540320d64263058b827deacfe9cbfb9e
word_listening1179_b160b7c91ed5	fortification	keep					KEEP_FORM_VARIANT	合法词形命中：fortification, fortifications	54816a0c2d814a3e0dc4e729c9fd37d79722f97442f82be72235c3bc4348d6c9	0b90aba70b815fb596dd278b803d7487b648ed723ab22ed3b4066ef208bf024c
word_listening1179_5d614fe0fd17	fossilise	keep					KEEP_FORM_VARIANT	合法词形命中：fossilise, fossilised	34fb3648b5c0a64d0c36b3ee5faaed831c94c507b6df3190f914533a0e1c7287	c4c514becc1745c92b89d6a3c794b77aaef89e443c2f43fd19a4b2df49c88a06
word_listening1179_aa82c33012cb	iteration	keep					KEEP_FORM_VARIANT	合法词形命中：iteration, iterations	b877615d7c076ca6a7e93693b65e604cb23c30a63a315ca631277fd5f5b6a14f	466cdc3c82b5a05335bcb660d6dc08202af6d0166daa4a97f4d83e65f441eda2
word_listening1179_c1233198763e	polymer	keep					KEEP_FORM_VARIANT	合法词形命中：polymer, polymers	fdd8d745eebdbe14e5bf949273bd10b7000ab46c76238b7c4646fa2aeef840a4	c16c386fca5a120699456986172975d9bdf0d7e6c7fb884f78f79135fa1c46d6
word_listening1179_1ff42b9980dd	signatory	keep					KEEP_FORM_VARIANT	合法词形命中：signatories	4b6e46177a95779423417e3bf776e40574baf897e50cf3eaebef7d50b3c9fc98	f36ef58bdbc27051c3b384b50c7b1d94ceffb93207e2c2ecf69fa89e2a65ccda
word_listening1179_335af4469863	soapdish	defer					MANUAL_RELATION_REVIEW	词形归一化后仍未命中；本轮不自动重写	e5e9857ee274c07735fbf5ed1aff9eac4331041a015070f2d98a6da55404a4a0	8defacd3f704904e827e1d62515b85196c6b06a40a9a21e62f74bb7453058370
word_listening1179_8b115f5e8dcf	synthesise	keep					KEEP_FORM_VARIANT	合法词形命中：synthesise, synthesised	963a9239b4e1c22b5fd33211c80f95777c3852ed036e92bb3ce3a499e876e414	db3d69da5e984895a3333b39d1e9ac114a916194060b1d558a06ba43f15c5a24
word_listening1179_e77ea277df20	travelpass	defer					MANUAL_RELATION_REVIEW	词形归一化后仍未命中；本轮不自动重写	02bb745368cad3beaae6a497bf3e536c4f52870c0d1166bfc7e500ae0d5fa140	9c33a9528b4deccf3dca5b2b8db5d19a157ba7d55351a4d9f72d969c75924de0
word_excel_1ea50a8caf60	symbols	keep					KEEP_FORM_VARIANT	合法词形命中：symbol	707fdce1dc7c62f33c6a13d696eebf0e8be15fb21b7fa382509e25128a9a9111	e20eb1e4bf5a3e8bef3a2d8f54c637e91c3318c3be0e6749e80e2647bab9f37e
word_excel_c9b5fcdd1003	hearts	keep					KEEP_FORM_VARIANT	合法词形命中：heart	1b39cdf9e5e47bdd5bdd282f2bc016be67e2dcd16c7bba54c90a8d59d7bd2a9b	d372ab1743cea61c53a52d9615ccc6586f4a0d075dbfe2876d87397d6392f496
word_excel_9f1277d878f3	touching	keep					KEEP_FORM_VARIANT	合法词形命中：touch, touched	e532733feafa7fa2024d1e73ce6f90043864112d555702a266b6aad3bcf6c1e3	e2deee6f83a5b2a5c11a53f71eefc5c625068479493b5c5d98e4661a2b103794
word_excel_8dfebded052c	disinfect	keep					KEEP_FORM_VARIANT	合法词形命中：disinfect, disinfects	99957527328114e9492f6184c65ab8f3f9932c879082fd03577f7a79aa966ee9	184a09ff97ac10436071a936c82f702d6966e6d9a494ece5ff44a3ded8a60a5d
word_excel_040f4c812d02	biscuits	keep					KEEP_FORM_VARIANT	合法词形命中：biscuit	82ea2e6a1d1353281423921d45abf5f81806e7589081d38ec3de26df06ec5f30	74212ad63db0b2f0b35fa9ceea67559143bd2e65d14fc67fd8b4b01636beee55
word_excel_d5803722f398	beats	keep					KEEP_FORM_VARIANT	合法词形命中：beat	c7c641b20705f6b01f0b3eae3f39497f22b0eaa1d3128bfc26955c6ac461bf7f	70d7ecd33e444cc9adf3c922d8ad749c154fa861e913f12dca8941c0f561754e
word_excel_d5080414aac6	rolls	keep					KEEP_FORM_VARIANT	合法词形命中：roll	30b46c4b641c4c88577f381bf24c6c55a8a9a609220320ef33a634df29216a59	c221606367e082a9818450a64ad17beaafb1e9e17784ac3e503f331367f8f428
word_excel_db21d09d7fb2	kart	keep					KEEP_FORM_VARIANT	合法词形命中：kart, karts	c45ee8dc719e9e2a24a88ace027631c63dcd04b3f960dae467efcb44b9f2c677	d10353d90cc802601d305b01d9e4a294192b4f78cc3f3c447026e51dfddd167e
word_excel_95d4de3cfb79	undertaken	keep					KEEP_FORM_VARIANT	合法词形命中：undertook	267b0cbb8d93a53943ca83097aa8edcc38ae29da6559fc2dfd93318c5f723359	d977939a8210c9ba89dc881a31bcc4d136dd441de2d38e8f1611d35fe1c2ad89
word_excel_5982f892947e	scans	keep					KEEP_FORM_VARIANT	合法词形命中：scan	085e3d7375e59809c9de51b42381921a912727b5e8b839536eb4ca3ea6977746	a99d8c8586f56f23128317137636f05d6754b934577990680fcce3a68c6b3a5b
word_excel_07913239c9e8	revert	keep					KEEP_FORM_VARIANT	合法词形命中：revert, reverted	b4879e2e38f1560c4b142be438503a9e03862cd735241535ec2f02f609845bbf	4e57795a7358aa332f9f6197c66c4923e00bbe2a17f091f0653f256adecbdac4
word_excel_1b122c2be2d5	tortoises	keep					KEEP_FORM_VARIANT	合法词形命中：tortoise	e696f212541279ab2d4d794a2564deb2cadb7bdf6c1e218b8c5ca58f1c90eb3c	88a2a0d5e6ba6b5bc9ae04eeb1f4433e00407f7220bdb53dd873d5187e714f01
word_excel_896c6d0e51a1	organs	keep					KEEP_FORM_VARIANT	合法词形命中：organ	e9feb7d042935cc97e008963414ee4ab33f99c7d2cd71905ba6d871abc2c1b27	5b8d5426e08d27ae11eec807c0741fa9646a0dbb3bc30a724368ef1e70bf0098
word_excel_9480e2c096bd	delve	keep					KEEP_FORM_VARIANT	合法词形命中：delve, delves	8bdd099917d2a9c04eb9c3c1f6ba01048c668190a8ab8de7f5b7090dbc332567	a55ef795771abdb2c303ca7b0284d7bdc0ea70986bc56c60ccdd65d2fbcd234f
word_excel_fb1605ce9888	bombard	keep					KEEP_FORM_VARIANT	合法词形命中：bombard, bombarded	da85e6298a5b324406498b8526865156f00137f22449db2d406a14e4d63f3f8b	a1c8d155e5299f1f5aca1b7396e2da87d028d9b2015996fcb3a708f40089f0a9
word_excel_d3a75f6fff1b	squander	keep					KEEP_FORM_VARIANT	合法词形命中：squander, squandered	40d14d1ab6c9e7a84f8d9366f6e465024c57664eba798f576b1a561a64be9477	aedfb65033c4b8e3c0a319b5ae13e6f153e7cd64f9130692e3793b3b4a831d10
word_excel_9df57cd76762	misspend	defer					MANUAL_RELATION_REVIEW	词形归一化后仍未命中；本轮不自动重写	df09e66686e5cec7bc8b6c337f7dfc6928e45869cee2bc0a4963c10783a488c8	ac680b694fcbeec8c1991ccc9f9256f37e64b648eeb52d4a58de44a292b25a50
word_excel_67b957b99742	poach	keep					KEEP_FORM_VARIANT	合法词形命中：poach, poaching	2c2ddf82fa86379cdb5f792023c6672e524c8811aafd862272b91daf97378607	ab834cd391e814a3ed7c0cab3bf6bbc988abed65e29463003adab17fca066a0d
word_excel_d05aa2a15fb3	make	keep					KEEP_FORM_VARIANT	合法词形命中：made	19910b21ab344f8897b976d12090432a43c00f208156262d4cfaabdee9049e3d	0d202dce6bc289ef15fc1bd9c6e5c51569dd682969f20a7784fe90e491ee68a9
word_excel_ca9f642d37ed	bungle	keep					KEEP_FORM_VARIANT	合法词形命中：bungle, bungled	38faca03b048aaf0a4f48ff76405425ce17b0c3cf4451040f288cb834270ff89	c943b5890a5ee48a870bb357be92f6daab9b99e7c70048ffa6c8e5ac8969117d
word_excel_7925dce26c4b	overstate	keep					KEEP_FORM_VARIANT	合法词形命中：overstate, overstates	40aeeeeb287fa99a2f9451c2105693a9179c9eaeb84844c566c01e8df617e21b	2c829034c765a0cd0d56e7bc1e8a8f2cce78b700dfd216ff052b209b46e0b370
word_excel_2998b3232d29	get	keep					KEEP_FORM_VARIANT	合法词形命中：got	31e852b2ee2d7b2bad3f7e436bbf49e250f677425bbf1ae753bccf496c75738c	2d1c542a3f35b79156605b17b628b07d570d07d19c09a133a3246dbd45903d7d
word_excel_267c6a72ed12	commend	keep					KEEP_FORM_VARIANT	合法词形命中：commend, commends	f39f0d760c6eeb3d1fb0af80949a5862b09ac828619fa152553b4e866530ceee	fe8acc340472a0657c12dee7b38837178a51c944708b105d6bed5aa075b4476a
word_excel_a35178ecc646	concurrent	keep					KEEP_FORM_VARIANT	合法词形命中：concurrent, concurrently	c3478443ca07e2af0313a2ee576de84b845cd7977f546df6313a9e4d870070d2	6b0d801782dc2256a64f1d51fce555bd8cdb05d01c394912a33fe882c538cf5a
word_excel_3982f19bef16	tweak	keep					KEEP_FORM_VARIANT	合法词形命中：tweak, tweaked	884e09f807ddd902be4aa92e1499a1921d2ea21b1904e05808fc91f991d97f26	e421bbdf9312d5516fe63e51f5d7de9bfd04e3e199334a682fd19adf5901cfa8
word_excel_5decdae59ab5	glorify	keep					KEEP_FORM_VARIANT	合法词形命中：glorifies	8e35a4d423630800f64249e55e2502cda3870e2f1bcf5dcfa4cdebf18c19fa7d	68d02829cd5f7cb7a9b83c99c066471b469632bbae2f7d1dc3c78dc7fc99e733
word_excel_94baf3f98fe6	outlive	keep					KEEP_FORM_VARIANT	合法词形命中：outlive, outlives	45dd0ae93f1c1f20535161bc17ace0067b4000b27efbf49697456483d98b61ee	188f85d5a31575db2353bd02ed8080945dec2539e529def871299a9298a3bf22
word_excel_53493ffba28c	lable	defer					MANUAL_RELATION_REVIEW	词形归一化后仍未命中；本轮不自动重写	137414ba51c394f4d75ca27f5d6cbfdc1e53a196cc717ae48a41ce02eeb86969	9acc199c52a989d337529021505a9d698ac954bfd3ccd24f24181e12bc822c99
word_excel_0de3f80d7bf4	garner	keep					KEEP_FORM_VARIANT	合法词形命中：garner, garnered	ca827935e3a598306b757d8440348d38441dc431e2243ed5e2d8a0d9559d5003	3db32a13670f3f0290ef31234b65ddd6e252d69e76ad9027ad48552918b229f4
word_excel_f8bd17bea0e9	ore	defer					MANUAL_RELATION_REVIEW	词形归一化后仍未命中；本轮不自动重写	206f1f36eb1efad7529dcd67cc9b958c6ddda475edfc6b7178effc706b7bfcdf	be7248aa287c8fac6ee30e2450d4c442be9e8e178ddd9a13e03d6c5b1f6fce32
word_excel_dc6fb3156669	outperform	keep					KEEP_FORM_VARIANT	合法词形命中：outperform, outperforms	caa32caf83198099e140b4eb3a1988df728a8b312990cdeee88570ddc216c98e	a585692cee539a146fdc57cc7a6b312a26a66fdef8244a3adbe39363dc2a634b
word_excel_c39e5817b2f3	forage	keep					KEEP_FORM_VARIANT	合法词形命中：forage, forages	efec56dea480bb5d55872f6e90a07c4c42f7d799fc5b1f481a9bdd445058bfd6	f39be4362a682e598bb9fc4853b6529b211b3e5148b4df94fb72d940812a051b
word_excel_2d557c961d57	anemone	keep					KEEP_FORM_VARIANT	合法词形命中：anemone, anemones	a7f443cd252ed5595f875b8b0a5f21e8343b61b7adc608359ba7707a16aa345b	1e8d75f64645f316fdd500abe579746b82fb04f4e77e0b89d5fddbbc6b937274
word_excel_80cb9a13cbf3	characterise	keep					KEEP_FORM_VARIANT	合法词形命中：characterise, characterises	17fb807995420ad9b26247ab8d2117977d74a07b05c14b78ca4c1113a38eaaef	2d967f024bcd72ec7635771ce3454971c139ab59b9886cc424c336f0ae974b18
word_excel_dbc42d7af77f	coexistence	defer					MANUAL_RELATION_REVIEW	词形归一化后仍未命中；本轮不自动重写	f5006b65629144d64722c8b6b00673966be323ad472489486b3259f90f69670b	fcd9f99fb87ee251c840bacdb590138a6119bdec77401743ff3d966c5bf24d8d
word_excel_43ea58897c67	byproduct	add-form		[{"word":"by-product","type":"standard compound form","note":"空格或连字符标准形式","source":"semantic-quality-v1"}]			NORMALIZE_COMPOUND	例句或短语层使用by-product	930dacad823cd1c09f0f539f6a4c192631005c3423767662dd6efd08d46b9c67	27d8cb9fcd478b4b00321503c1bb388e0a31aa47fdefdc7dd2a2222fb28c7afc
word_excel_2c147b95e081	backfire	keep					KEEP_FORM_VARIANT	合法词形命中：backfire, backfired	5d7b8aa07d56c19a43d1ff9e3a342f380c0d3745ed863b28663236ce18d68559	3af07975bf57c649f09ff687a1a11818d48b9482c3864257aae6f91e06753a9b
word_excel_d76dc3b1704b	reconfigure	keep					KEEP_FORM_VARIANT	合法词形命中：reconfigure, reconfigures	af51da5fe49d0bad01a2e969cbf1bda0e0a534f7caa66da62d63fb8f14eb5ed9	556ff38b9390c749e3f5523952d04e99edae83e6c3251db35353e67468bfba5f
word_excel_0873188c4004	entrench	keep					KEEP_FORM_VARIANT	合法词形命中：entrench, entrenches	14b7da51959746955ff54abc0718e3747825dc3c25878b27dfe35adebc232b6a	b24c1a065a47bd98497298997fcc15c7f8b2a96d25f82fbf20ac57d8c6f5fcf1
word_excel_850aee9e61f2	supplant	keep					KEEP_FORM_VARIANT	合法词形命中：supplant, supplanted	cd48c060ff65df96ce9354209cf37b7ff4e0ab6111885ef7e73ce41ef74ed4d6	31456c9dcbae1180a7deaa6c9c187b2b219f9ef3ae1196fa2f2961430754bddc
word_excel_1190a77216ba	obsess	keep					KEEP_FORM_VARIANT	合法词形命中：obsess, obsesses	ddd5b0bd7925d7f27c2fc6afdd5a0a4771f3b42fb94e567aa670c018ce2a4fab	7a322923150277c40d86de6b9f32d2e15ba2973f94868228a69bdf3f59544238
word_excel_d3fd5f99fb2f	conflate	keep					KEEP_FORM_VARIANT	合法词形命中：conflate, conflates	ce4983ad1ecd246b41f09550c1a3b06244d63c38bb4d514f6bf0dc5cd41010d3	f807e4c8360f4fff3cbf4fc8e4d47bd2452b1248600e132d000561b39a7bf5ae
word_excel_412a60008588	delude	keep					KEEP_FORM_VARIANT	合法词形命中：delude, deluded	361e6ac3383d5a97780e27c62f1c43b3c43e7873ebacdcdabc905583f1af059b	23eff39c4a4bd7d303cd84fe8edb871c1f9e680677b5558c54bd394bb3ef6471
word_excel_14a597b3268c	imposing	keep					KEEP_FORM_VARIANT	合法词形命中：impose, imposed	92e9d30d5d91c8f96fab4aa9a2b8c70d79b6b4a1436c30ddad3b02b3f7bed50d	401fe99d8a375810ce48d0052ecf8eba476848ef5a8bcbabef6916cd17099981
word_excel_6cf72ea56905	appal	keep					KEEP_FORM_VARIANT	合法词形命中：appal, appalled, appall	5293501e4f4ad9e324beede5b35c248d01e478fa12ae1957403ec9aa67fcc9c6	e0a859894b42906ea3bfe0de74cd2be52b2eeca877132279e75b4e7cdf1d6c9b
word_excel_f212a77678af	misrepresent	keep					KEEP_FORM_VARIANT	合法词形命中：misrepresent, misrepresents	6648af837bc4cc6599b754af35f46aece36293ad2997991f34dbf07a72fa724c	f5005b0480a4a1aa290e02f1c0339dc95d1b43624ed2177871ddb0335237afc0
word_excel_1244cb7b43a3	postulate	keep					KEEP_FORM_VARIANT	合法词形命中：postulate, postulates	5c711549dd127cec9a3cdb07f5a6f6606aa9ae3db5b516f156a91391cfb8505c	ecf494567e302b954a4c9be21c96f90db7d2550f0231d5c3c5cd6ea203289435
word_excel_9ba8bec5d58f	glean	keep					KEEP_FORM_VARIANT	合法词形命中：glean, gleaned	9bbbaee0418ba72c6830f1a3d39f1c0420175a98369ab7bcdbd54a2cf0e638a0	0365b7311ba2c1d0ffd06fa667a3076b02e079c04b2853dda9f113535f31e3d2
word_excel_87c3abf1fbee	outrun	keep					KEEP_FORM_VARIANT	合法词形命中：outran	d88b61965861a7cf89cb82115aaa6e6eeda1689ef7c5e4aeb3f360010dba3727	65f73b6f6485bb715572014dec33ec8a7f8b39074c2761c7bd19ffa8f4480dc0
word_excel_3875faf071b2	affix	keep					KEEP_FORM_VARIANT	合法词形命中：affix, affixed	0deb173b4bbb79bfd0278b43e0b9f85f4fa35171006c0cbe10d658d3bc0f9034	d5935909eb07a1bc68f1e7fff6e6c92ab2a5c56dad58eef20982ee3158f018dd
word_excel_043a718774c5	s	defer					MANUAL_RELATION_REVIEW	词形归一化后仍未命中；本轮不自动重写	3f3c994c3b977a85c630990eea3373dcc1859962c2b46df12e796b0a28c59f3d	771867845fb7631beceb113e83e11e5c5f09a2f2410439a5c9552759075cfa36
word_excel_ead906edc10f	ation	defer					MANUAL_RELATION_REVIEW	词形归一化后仍未命中；本轮不自动重写	a80883a634ce7af661f4c14d1fa780afbb2eee5fd11a71aa331b443099c0c40d	052ac29f1a136656dfc992a173b2fc4c31358198d0a0828c19cc5e998fad91e8
word_excel_1b16b1df538b	n	defer					MANUAL_RELATION_REVIEW	词形归一化后仍未命中；本轮不自动重写	8e0acbeed82f8fc040af1559f75a0777c2ffc88e447bcaaabcc5fa9cc878940b	27f801f4a3685bbcc0720d999213fccecb8a7cec6fdbd91538eb9dbbf1886c1a
word_excel_4bacc832c05a	plagiarize	keep					KEEP_FORM_VARIANT	合法词形命中：plagiarize, plagiarized	aad5fd6ad22b27534d31aa352cd1a7afdfc15a1b77306e21f61f795941e611cb	bd58f4c176c927c20b87199c8382adddbc634b3f06e61d0181021fd773fb8c42
word_excel_ad418e525189	earworms	keep					KEEP_FORM_VARIANT	合法词形命中：earworm	960864cfc50618042b58a088c32710c84ba87d514d70ea0d96b1536374e44edd	0600404f137cd754883fa8b39e130005e3cfd757bbbe76ed2de1423ba7886c06
word_excel_b47265af9cd8	mahy	defer					MANUAL_RELATION_REVIEW	词形归一化后仍未命中；本轮不自动重写	68d530fc1f468010e1b16f92098ec84b52b9386e7d5ea0752b131105f5679b33	44f1a38dbb2da6287e265617100abaa84132a915415ecf21d7bab98b7b145808
word_excel_f46e884385dc	preen	keep					KEEP_FORM_VARIANT	合法词形命中：preen, preens	07edf4f3f36450402ee64d55b29c085aba7fffbe1989b20f7468edc7aa0c5373	369addea392a2f91fabdc83f9c05e92d2a8c9ba2560d84020331411c64f0f2d3
word_excel_bde33c9beead	misdate	keep					KEEP_FORM_VARIANT	合法词形命中：misdate, misdated	acae2039462abbc2cbfa0e62580b93feb378d6bd41b36950080c06f4abd175d0	7a74aca7715ed9e7040ef4300cd986b8d0c68a8da5893fc0d733086f6bd15fef
word_excel_3eca33ba9df7	glaze	keep					KEEP_FORM_VARIANT	合法词形命中：glaze, glazes	8ab068fc70e4017e94dcdf341a07ca7481086f2f4faa4656275ee540b670ef3b	b0c82a12169eff2f0c48150fa3f9dcdf2a4158cb03e117e9777f6f6079d694e1
word_excel_3d2f838b74b0	ravage	keep					KEEP_FORM_VARIANT	合法词形命中：ravage, ravaged	0062bf017b710aed99d537e18c3a094c9438b3922187a0b4086346bbda37f2f1	e760af0648d5c0c6b183372db6fa0094a213f4f1c196fb8750732cfb3c5e33f0
word_excel_da0c0b8ad161	captivate	keep					KEEP_FORM_VARIANT	合法词形命中：captivate, captivates	fb9e99f4bd687bdbb554b3ee9d5cedecc1ec7d5ae310cbed665c32b36a99b959	c05cb02a630d3dd33d63737934060aadcb1a2ea12fd234bb8251c3bd357c1634
word_excel_15d90c2f864c	undervalue	keep					KEEP_FORM_VARIANT	合法词形命中：undervalue, undervalues	b70bb18a374875facfcfe766a2a71ac24634a88a6b647f329b8ac9e2f2c0c209	fd3442efd5fa00e2f76a28090e07939d3615bd222905ceddb780feff0c039b25
word_excel_5cc47001f7c1	forty-two	defer					MANUAL_RELATION_REVIEW	词形归一化后仍未命中；本轮不自动重写	4e7a10cdfb83b58f61bc15584c127ff94096c872845df012f8dfcde6b86991fa	6a389403ef587cac55a6ef5cb40b8c5d451048002c12e0ac36dbafac6cb36d56
word_excel_0688daa8853c	verylittle	defer					MANUAL_RELATION_REVIEW	词形归一化后仍未命中；本轮不自动重写	e96ad63fe2c04d757a151f9d3fcf32f5ed9bcd007d92e49aff01021a6fd7e47a	273b833fd87f4ebbcea12dccc4bd117eda951882f7e7570a549b7deb61de071f
word_excel_e9ee482d048d	tint	keep					KEEP_FORM_VARIANT	合法词形命中：tint, tinted	f216de64bc74b1ea8519a3801568b8b2ec97ea42c40152bb94c38702c0c302bc	880bffaa07867274976b2c7e0234a66ac4c6322ba5afb0d2e9160c9da42959a7
word_excel_4cd0e21a9a07	go	keep					KEEP_FORM_VARIANT	合法词形命中：go, goes	e5680e40c15b8eec239b188bb2ffcbf32dc0bc73cf6994b4d11f33dec53b1f55	044da5eb964d59f3bcf81261a391d038e71a92565a1d19720cedef033d96fece
word_enrich_13901	reboot	keep					KEEP_FORM_VARIANT	合法词形命中：reboot, rebooting	7e46f1ccba55763dc0cb6083dc02a8cd8bd1c7ca623f484cba6df1291155c7c8	0d3b524d6cca763d4011ef7dc79be700d22148eec9cfd01d7d97ef6c7915462d
word_enrich_13903	encrypt	keep					KEEP_FORM_VARIANT	合法词形命中：encrypt, encrypts	da5f9af49b5e4291af9172656f4bbf111877d80b6a529b083192ef909353c2d8	2da5edef0f2f8eb75c82875ce62bce0f1e91c78710e4bf254914d3967b6fccb7
word_66d18dee050e	poacher	keep					KEEP_FORM_VARIANT	合法词形命中：poacher, poachers	bfe3f11729312043d9ad731686a077af8145fcfe10ffb647af5750a317672f7b	8d5b527b2edca65bef277e6bd70d9a28c8c79df3f52485c7e61b2155976bd3f1
word_bd6992b16bd7	swan	keep					KEEP_FORM_VARIANT	合法词形命中：swan, swans	c5e162833c80c80a732ea1321dd52c274c42dafb3948a19ef18961ff58474429	642ef032177feb14a2373d3afa925415e16b3d1b211517da0d2254b40f9bcfb9
word_18e917512da0	sandpiper	keep					KEEP_FORM_VARIANT	合法词形命中：sandpiper, sandpipers	1c631531f416c3e22f1a4934cc71f24618afd8f01d75ef46428338bf9d2bc834	6226fafe1baa3fe1397a97ed5ea4698483d734ae0511d7706e47be6f03e0f1c7
word_4b872cfe1a34	aphid	keep					KEEP_FORM_VARIANT	合法词形命中：aphid, aphids	8bc7bbdead4616f2b5ed74d5ab7c764fdf468a10ea4c8e437dfc978c7b2701ac	65af579e88aff21f87c2a1a5d0b275bc1d9eb24d5c816107bd3d457eb4353df2
word_0e41d2fade0b	sedge	keep					KEEP_FORM_VARIANT	合法词形命中：sedge, sedges	92b5e140bcfc7c371bac3f17d8a41da04f3fcec65eab37a3128aa22055719680	8c045c052036ad7018ce538db5e63bb1bf6df471e12815783b48a778694a4651
word_80c4638532aa	melanosome	keep					KEEP_FORM_VARIANT	合法词形命中：melanosome, melanosomes	e5cfe766c3d0ad7ff57cea476c5d44de27294b74adc1bb4a87290cc5fcfd7886	751de2ddca30369918a6d2dbfbaf54b7ff10bc14620c6455db481e9e641131ac
word_95ff701028d9	epidemiologist	keep					KEEP_FORM_VARIANT	合法词形命中：epidemiologist, epidemiologists	0c7fd72d5ca115c88316e01f1f66c3dc89cba8081bd0a3eedc8a710722fd16de	a84b3778386f51bb2de1bfacb280f97494b141c70177f5a03e365831dc8f290f
word_194a19b68795	immunologist	keep					KEEP_FORM_VARIANT	合法词形命中：immunologist, immunologists	64bdaf801a5e1a9776ae0d947c34b8efc6ac2d44ac7e84916c75512097072d2d	c4d2c55f68f2b0d048c85d288c195ffe99ba018778832b7acede70ba9da7d44d
word_7eebb705b6be	swathe	keep					KEEP_FORM_VARIANT	合法词形命中：swathe, swathes	0345ff70632b762bed3e55be96be75b979c55a1d91701e08420d33fe4fc9de56	847973d87fe60abb10c8c5aff79fd88dd8b33781b184b66b8f3d235da8081f3f
word_774134774762	nematode	keep					KEEP_FORM_VARIANT	合法词形命中：nematode, nematodes	91ebd479e4823a4485ce11b63f373dc4329ec8b7ddc08c745b3f7b28174aa8bf	c5109d7cb2c4f94f8232631a29ded31d76a00111896f74374cee141fc8232b46
