id	word	action	setJson	addFormsJson	addMeaningsJson	addQuizSensesJson	reason	evidence	expectedMeaningHash	expectedExampleHash
word_a3a4c8d5a70c	suitable	repair	{"example":"This job is suitable.","exampleCn":"这份工作适合你。"}				space_before_punctuation	现有中文例句、本地词条字段及人工语义复核	494bbc89eb46f39eec50f8e41e6e7584fe190fd248d0c3eef5c4060dc464d56d	d6c59851beea76210285e46d5fa6b077edb2ecaaab410f0537615303ee0990f2
word_ee696da34197	intend	repair	{"example":"I intend to apply for the job.","exampleCn":"我打算申请这份工作。"}				unfinished_example,space_before_punctuation	现有中文例句、本地词条字段及人工语义复核	0b2a1e7efb4efda54eb666e5d8412e63776e88fcff8690f329030bb3eedf64bc	19422407bd3b8694c1881a170eb3431f5b5366996ce6a8456f3b3c5ef26bca68
word_1eedd7809799	find	repair	{"example":"I need to find.","exampleCn":"我需要找份工作。"}				space_before_punctuation	现有中文例句、本地词条字段及人工语义复核	1569b5f7b7ae8efcc13150fd3c35831badbf6d5b037791babc876bc259121ae1	c874d11e0cd0922f4ddf806c403c623ddcc65d28867992e72759c8a345ec179a
word_70f7f080c3d5	opinion	repair	{"example":"In my opinion, education is.","exampleCn":"在我看来，教育是关键。"}				space_before_punctuation	现有中文例句、本地词条字段及人工语义复核	4b14395d9ca8c72add9e4a31b6d975f1e25bfc78bcfe0af104854f7f9b13bd72	3b14aeccffd194d0f25f7cbba8aae46a7504baacee751a05872ff137ebd08f73
word_9b7a699135f1	psychological	repair	{"example":"The accident had a psychological impact.","exampleCn":"那次事故对他产生了心理影响。"}				space_before_punctuation	现有中文例句、本地词条字段及人工语义复核	ab097e3dc32749b2b886dcac33f5e66571e5f8cc4c5d1a7c78f5e38c8ee8684e	f407a86c33774d89bb87e2075d48589010e1c597c1858d034f7065ca74b8de69
word_0c16baf0eded	japanese	repair	{"example":"She is learning Japanese for the job.","exampleCn":"她为了工作在学习日语。"}				unfinished_example,space_before_punctuation	现有中文例句、本地词条字段及人工语义复核	e6d6eb8c298b13d9b0206a747ec7da4a20d2357362cbfbf8755b9a88e2843234	022f6ec12376afcdf6f52336572734bafee04d622b9e55b98e83e95a6dedad09
word_c9f9e86d9398	recover	repair	{"example":"She is recovering from the flu.","exampleCn":"她正在从流感中恢复。"}				unfinished_example,space_before_punctuation	现有中文例句、本地词条字段及人工语义复核	30a40bccac6e772b5dcab3feb6998fc71f6f65da24ce3e789ca7e586f32bc8ad	45b2ecdfadd1fdb9e8226d295daedd4213e5987fb9e7669fa037c39827ed6fda
word_afa04fa71fc4	parliament	repair	{"example":"The parliament passed a new law.","exampleCn":"议会通过了一项新法律。"}				unfinished_example,space_before_punctuation	现有中文例句、本地词条字段及人工语义复核	c49e72deb7672c6018539bc074260d5f0c9f50ae4631b36398138b4b5fa29405	6be49a3e81d8787484edf0b60570a844c0cbdfa079bab11b51a78b7b9d64f135
word_2b0eded425ff	lose	repair	{"example":"I don't want to lose.","exampleCn":"我不想失去工作。"}				space_before_punctuation	现有中文例句、本地词条字段及人工语义复核	f268868a4c1ed97af00bc85e3e78d927f2f802d70114271ba427c6bffe836381	253d15bc26bdb35f991aed62e635753fa1be2e7b3e15fcefe8b3cd4763a8dafa
word_248b535efa3e	german	repair	{"example":"She is learning German for the job.","exampleCn":"她为了工作正在学德语。"}				unfinished_example,space_before_punctuation	现有中文例句、本地词条字段及人工语义复核	e3f5f42f8148ad5ea0ee1e12ad877f30dfa89bf0d6f40c3b5fb3db7f2b819dbf	a6507c0bf241963a2a0e19143ef7fbc115aad9ba4cbe0e93604425ce81520577
word_30dda5937628	maternity	repair	{"exampleCn":"员工手册说明了产假政策。"}				generic_example_cn	现有中文例句、本地词条字段及人工语义复核	70c7d6b8599c85884f6480234308257057e6a50d82653d30e2e9df063541b8e5	c081275f084ce6e9007f7e2459d7d55d77d5cf1103af66d5b9535c050e1ba123
word_77bd22316378	villa	repair	{"example":"They rented a villa by the sea.","exampleCn":"他们在海边租了一栋别墅。"}				unfinished_example,space_before_punctuation	现有中文例句、本地词条字段及人工语义复核	0e919bfb41b6a9d660620034a3d4ad9610b5b76725f5cf9636ab9dfd3088af3b	7d9b63e7858d3e087b9451226c414fec5b5c3731ee9393011f2937095829731c
word_e7ee86196210	scar	repair	{"example":"The accident left a scar on the leg.","exampleCn":"事故在他腿上留下了伤疤。"}				unfinished_example,space_before_punctuation	现有中文例句、本地词条字段及人工语义复核	959cf76b8a693e610cda8ffc44c5a8b73d3d0b22edcc0e8fc028fb9651088ec7	aec05686cb25ff3991610d6e3c65cf54b6184547b784a214622546fb85ce5a0f
word_aac474b6b560	wound	repair	{"example":"He has a deep wound on the leg.","exampleCn":"他腿上有一个很深的伤口。"}				unfinished_example,space_before_punctuation	现有中文例句、本地词条字段及人工语义复核	ef29e4673089583935838a6f60d7dad56321f8cca02bafbea2c00eb955533dd4	d3d9019eb85f81514cda60bbf7c95acab541bc3fa727d3305bb62e873e6526e9
word_63cb1205e171	box	repair	{"example":"He put the gift in a small box.","exampleCn":"他把礼物放进一个小盒子里。"}				manual-priority-review	现有中文例句、本地词条字段及人工语义复核	d46f61318084222005009dc000269231d63d91ac3669692ca301cf9d2806cdaf	c00d08fdced2fedd337e721d7f36c7b91453bf68443d58a7441bcd940ebacc61
word_20c4b2d5df80	occasionally	repair	{"example":"I occasionally go to the gym.","exampleCn":"我偶尔去健身房。"}				unfinished_example,space_before_punctuation	现有中文例句、本地词条字段及人工语义复核	f510949c4f2bfed4865fd8f37d39e96da9a608401ff8aa467a42f7e591d1017b	a111c396132a8c294b183d4c1ba28e43a016801b8ae29d1594050b0a8df882e8
word_eb799ac33250	enemy	repair	{"example":"They faced many enemies during.","exampleCn":"他们在战争中面对许多敌人。"}				space_before_punctuation	现有中文例句、本地词条字段及人工语义复核	bb9d1f2e8e8c2fdd07c148b4a786c3ac9c3b2145521c2d6efdee7c36c2f6f2eb	adc11a3d0535e51eb9056dd9529e71e174030cce90fdc676bd34bb100f74d2dd
word_9d3f8cd703ce	warmth	repair	{"example":"I felt the warmth of the sun.","exampleCn":"我感受到了太阳的温暖。"}				unfinished_example,space_before_punctuation	现有中文例句、本地词条字段及人工语义复核	65b03e7477f3016192e46408fc880a52aff0da6acaae0297a51c6a5e39565657	b1e332f6a86e65aecaa82c189440a7fc92e70619f192995c1b6d5ebfbb6f9668
word_bf3d936ea1fe	progression	repair	{"example":"Career progression is important.","exampleCn":"职业发展对我很重要。"}				space_before_punctuation	现有中文例句、本地词条字段及人工语义复核	f1d6125c6f9414d875531a8872f4c0674e25dfbeaa5a44615de0981a02d18a3f	c203e555966382518c7989bf9799509f7bb653fbacfdcaedee7b0b9409f6e40a
word_ecf2038bd70e	qualify	repair	{"example":"You need to qualify for the job.","exampleCn":"你需要有资格做这份工作。"}				unfinished_example,space_before_punctuation	现有中文例句、本地词条字段及人工语义复核	ed763b2bee2988fd576070b27e412923ec477fe3dfdd276877b6e9f169a710ce	f7a4f367c16092aa73c320de8745bbccedc038f764cc560dd202220199d40daf
word_7c9d5a8396ff	abscess	repair	{"example":"The dentist treated the abscess in the gums.","exampleCn":"牙医治疗了牙龈脓肿。"}				unfinished_example,space_before_punctuation	现有中文例句、本地词条字段及人工语义复核	e49bb81b6ce673df062007a62a3642f1274136c7f139090251916f861c324d0b	b5473974c33cda0b8909710dbb1496dcce0931638c0e4d7d8cc2920b03203873
word_66b4e0b0a14c	slip	repair	{"example":"Be careful not to slip on the ice.","exampleCn":"小心不要在冰上滑倒。"}				unfinished_example,space_before_punctuation	现有中文例句、本地词条字段及人工语义复核	0209f62ac1d7d89e00f41a1227e1005da8d5d5a35db6cdb50cfd902fc676d9a5	35004482f5fa730f45b8b9fe048ba2ec97747e8b3fea1c676f221c973366f1fc
word_a845c009f27f	lot	repair	{"example":"I have a lot of work.","exampleCn":"我有很多工作要做。"}				space_before_punctuation	现有中文例句、本地词条字段及人工语义复核	baef6d7897a32d82309ed1a0c4adc492d03792db9a10030b4709f168d9522f47	69d2ff90bd89bfc97f9adde1f05e30a3cd448beb38cecff4e32f99814e15790f
word_b56bb4c6842e	protest	repair	{"example":"They held a protest against the new law.","exampleCn":"他们举行抗议反对新法律。"}				unfinished_example,space_before_punctuation	现有中文例句、本地词条字段及人工语义复核	bcda61e04c1f10e14fa00ac37da6b84ef27e20808f1ec8bcf738134e2f26f486	4d2d5144249f77f4e01efc27241b7aacca3630df08be3f1d23937bb303ae8b81
word_296690b206c6	app	repair	{"example":"I downloaded a fitness app.","exampleCn":"我下载了一个健身应用。"}				manual-priority-review	现有中文例句、本地词条字段及人工语义复核	7cdad8ac1fde249f53b4f47d43f3ea8fc4b7784c9df5c39acbc78a02e6645ff5	868fad7f0bf4f395d4532edb1500a41648e622aac47995498aaa4155b50c668e
word_65219f9f6260	historian	repair	{"example":"The historian wrote a book about.","exampleCn":"历史学家写了一本关于战争的书。"}				space_before_punctuation	现有中文例句、本地词条字段及人工语义复核	8220728c08e796213fde66b1e4d01d28fb87158508eb38353659563fce381357	feab1cdb5347ad685f8a115ba8b70436b827d1fdc30d88042dfba23321a5d455
word_43907d268d0f	too	repair	{"example":"This bag is too heavy.","exampleCn":"这个包对我来说太重了。"}				space_before_punctuation	现有中文例句、本地词条字段及人工语义复核	94e75b49c143ffcbe727be838e904d104298ff6873802eec3dfc36ab342cb145	e1bd58b27ef3f577dcf4aa66588f6177538c69aa482bd3af31c3586bd228fbfa
word_b6d6cb8e81bb	fade	repair	{"example":"The colors fade in the sun.","exampleCn":"颜色在阳光下褪色。"}				unfinished_example,space_before_punctuation	现有中文例句、本地词条字段及人工语义复核	e4dd80239e5398f3d104ec597d92b1d868c52065cb3bc953c08ea54e73c409f5	53f3aa2a1c9fdacc1aa98826b5049e677abb57ef428bdb843e56d5a3f7a8c1a7
word_e17520117e0f	tough	repair	{"example":"It's a tough job, but someone has to the job.","exampleCn":"这是一份艰苦的工作，但总得有人做。"}				unfinished_example,space_before_punctuation	现有中文例句、本地词条字段及人工语义复核	a0ec192d5ecf8f39e2631facaf52ba0e529b8da0b368977bec668dc5e03a4592	543b87f06e39bbe9f900031ed3bb02144595e8ad2f8c041ee5ff98917520dbf6
word_aeaeb0ac7854	thirsty	repair	{"example":"I am thirsty after.","exampleCn":"跑步后我口渴了。"}				space_before_punctuation	现有中文例句、本地词条字段及人工语义复核	c3ce2354581ecdf1b11f267cb5e34417933f74cbb0c6ebd8978838bebe01f270	37b64119a386f6fc2570173c36de55db7babf9df247a7b91d476a40acd320cef
word_34e749e55cc0	bottom	repair	{"example":"The key fell to the bottom of the bag.","exampleCn":"钥匙掉到了包底。"}				unfinished_example,space_before_punctuation	现有中文例句、本地词条字段及人工语义复核	d41b6f6560a74683477b8665b11e8b71c5525628e0cf398597929ee272c28ccf	0978ecb789b583910f98195da899e60aade5a8b4c56089e65d415df238e83f99
word_afb557ded940	preference	repair	{"example":"I have a preference.","exampleCn":"我偏好茶。"}				space_before_punctuation	现有中文例句、本地词条字段及人工语义复核	39c2db03dc4ff743d5f26bcc54a3d862bb864380a6eb5f4d04e0c05c8d5d8ce5	3956289242131bf70d512607d8ed3734c67385798534730b4d75b636185dc4f8
word_05b120a1b4dd	diagnosis	repair	{"example":"The doctor gave a diagnosis.","exampleCn":"医生诊断为流感。"}				space_before_punctuation	现有中文例句、本地词条字段及人工语义复核	4fdbedd6b17c2b16d0c8206cd299e87d67a9643f966974c4b8c0ce5083103fc0	ba1cb734de5b9162f1229e23f24f59ce075b01774a60fcf07d1dd030d1660b71
word_4d62d9b563bf	darkness	repair	{"example":"The darkness made it hard.","exampleCn":"黑暗使得很难看清。"}				space_before_punctuation	现有中文例句、本地词条字段及人工语义复核	2f56775c499b68d8b7ec748a6c93d1468cbc594a0b03c92f3afb2a92b5dcbfa5	eb147693f3e340e5c6eca7f41947d71cae3081dc6f8ccf30536cc432d4771b7d
word_847ab2db6228	equal	repair	{"example":"All people are equal before.","exampleCn":"法律面前人人平等。"}				space_before_punctuation	现有中文例句、本地词条字段及人工语义复核	1ed1d109ab3e48cc61a24e588af5a4583f2e725cce0d83ee3669c9b155b16feb	ba0d74b8e0855090a410f40f24fc841cd0eac022fcab30a3619b9b8fbed316b1
word_da92431e9c01	ahead	repair	{"example":"The deadline is ahead.","exampleCn":"截止日期在前方。"}				space_before_punctuation	现有中文例句、本地词条字段及人工语义复核	93d1767f727e26a745ec75c315f9515dffab7dcbe2c42b97e76a6bc1c58e7a12	7f751238e1f08f6ab5b8d4a3cf5227fb4ff66ae3841e9b7a87a3e685cb96c37b
word_97334cf02355	rubbish	repair	{"example":"Please put the rubbish in the bin.","exampleCn":"请把垃圾扔进垃圾桶。"}				unfinished_example,space_before_punctuation	现有中文例句、本地词条字段及人工语义复核	26fc181003e6f7f68395f8b082b857e1dbfa00a3b214f2ac458c66e1932bc907	e3d389257fa9792dc79631925e223c4c53f6e07bbe7fba9575d385c56561c458
word_117ce5e6e685	era	repair	{"example":"We live in a digital era.","exampleCn":"我们生活在数字时代。"}				manual-priority-review	现有中文例句、本地词条字段及人工语义复核	c5cf34d0bc69c0d6295d5a4aa90855be38beff4d97fea2be54174de93da70cfc	2f012625a9f915c903f0beac754d957464cccd56b4e30ae8c1f55028dcab8120
word_523a7dc095fc	angel	repair	{"example":"She is like an angel.","exampleCn":"她对我来说像个天使。"}				space_before_punctuation	现有中文例句、本地词条字段及人工语义复核	69d705aeba103210d88b034a7c683572a4e280b1963cbd39a3bbe099a3a1d486	1609b62e5100c26d7481080830211fb6f50b0f97a20b46cabd1f7aebea73374d
word_f881949ee7c8	federal	repair	{"example":"The federal government passed a new law.","exampleCn":"联邦政府通过了一项新法律。"}				unfinished_example,space_before_punctuation	现有中文例句、本地词条字段及人工语义复核	5f05aa74b69affadc105637382f2e5da769a539ce5b8c0bb740921f19fa9b4fe	7459d94c80ba5be215b4f3609c1eefa0c6f9a46eb74a61066472f12e7051f4c5
word_9d353ebda1d1	offer	repair	{"example":"The company offered me.","exampleCn":"公司给了我一份工作。"}				space_before_punctuation	现有中文例句、本地词条字段及人工语义复核	6eb23fd8b4abd6f8ea809726b129fda93fb95daa8730f97928492b6c37043c50	aaa0a3042d3044faab0ea1c21b51324e9fc478a81d33982d18186e299797e9b5
word_b740b7045b53	tangibly	repair	{"example":"The benefits are tangibly felt.","exampleCn":"所有人都切实感受到了好处。"}				space_before_punctuation	现有中文例句、本地词条字段及人工语义复核	7f6ad44eed34eb07539ab83e4eeaf386688bcc2d6d0e45586c7a48445ab01cb7	3b614a7e5b6bec6384aa906956b5fc25e681896d80ee18e03ce3271f22b6f8a4
word_9d30397b2119	bay	repair	{"example":"The ship anchored in the bay.","exampleCn":"船停泊在海湾里。"}				unfinished_example,space_before_punctuation,manual-priority-review	现有中文例句、本地词条字段及人工语义复核	4e9bfee1d7edb6baebba4f19317c6bcc58a6d0ae776db06ad9af1bcc0edc5d7a	c32a04d71177e20b9deb8c26c23b8495a3cd80837408a5b5ce44702186217e63
word_5179937a5934	urge	repair	{"example":"I urge you to apply for the job.","exampleCn":"我敦促你申请这份工作。"}				unfinished_example,space_before_punctuation	现有中文例句、本地词条字段及人工语义复核	28dbe079443d53abec98b57456a0563a0dc77ee4dfa2282590f104d52e09f875	559a4815c9bb6886b3f93fae8cba53bdeea5b0f5f3756533dc0972ee2f5233d7
word_0b73ca905a3b	distinct	repair	{"example":"There is a distinct difference between.","exampleCn":"两者有明显的区别。"}				space_before_punctuation	现有中文例句、本地词条字段及人工语义复核	a48ca0088b4f6905ed8f8c7c591fc4d989a5bd41eceaa72011ea087dda01a057	05fc0e032d04f53854045180ebfb24234a8797478737c7ff9835cf13e4d4b165
word_7e6607a4aef7	apply	repair	{"example":"She will apply for the job.","exampleCn":"她将申请这份工作。"}				unfinished_example,space_before_punctuation	现有中文例句、本地词条字段及人工语义复核	baee21a0d94b8cb5216a56de0a336a6a19c48cd7f4e2d28b13682d358136780c	fab119301c3f2e1c8cc7a749d1e1463ed53e5ce11ce65aa9db47393dd5afd77d
word_75b20a77ffe5	by	repair	{"example":"I go to school by bus.","exampleCn":"我乘公交车去学校。"}				space_before_punctuation,manual-priority-review	现有中文例句、本地词条字段及人工语义复核	72534f30d27ac1edf3907928368357ef929df407e7de733bf99369bd30c41c23	71e1d49b1da579ba96074224da851154a703374ddeacb8522cf8480681237d4e
word_c7fb01f3d845	ice	repair	{"example":"The roads are covered with ice.","exampleCn":"道路被冰覆盖了。"}				unfinished_example,manual-priority-review	现有中文例句、本地词条字段及人工语义复核	ef015f91e7a5149a1acaa945415dfdb8013c4bb8c929dacafafb1f29528181c8	bb0d00a5f0abb7fdaf98899968410d5a6cc3d5eddbb44ad68bc9d2c89f2c2097
word_9fd134367f8e	answer	repair	{"example":"Please answer the phone.","exampleCn":"请帮我接电话。"}				space_before_punctuation	现有中文例句、本地词条字段及人工语义复核	a1fb486ce982c4f8e7479b7dc594993eafa9971135df536e37090b00d76776fb	d3194dc6da921f431465d07973fb7e55600a0496504fa0f45e7e2c8b09a7ffb5
word_e7d1cda631ec	biscuit	repair	{"example":"I like to have a biscuit with the tea.","exampleCn":"我喜欢喝茶时吃一块饼干。"}				unfinished_example,space_before_punctuation	现有中文例句、本地词条字段及人工语义复核	45885a7068bf8656a9fb4c736ff26ca8ba609a5fd0d26a30418a1e317f68da53	dac941f0d557b0306f43f6fca3963e69869ac4f7168acb04e014381babc86705
word_f0d93c8279b2	sick	repair	{"example":"I feel sick; I need a the matter.","exampleCn":"我感觉不舒服，需要请一天假。"}				unfinished_example,space_before_punctuation	现有中文例句、本地词条字段及人工语义复核	9fa5844d067cf6fb33d6b65668a392c1aca78e0cf4c2bd231b6d958c2edb9bcc	f24355ce1fe1160b5a1d1a838d25cc1b52674281eabca79c99457058966ccf8a
word_28a34c937f1e	aug	repair	{"example":"The event is on 10 August.","exampleCn":"活动在8月10日举行。"}				manual-priority-review	现有中文例句、本地词条字段及人工语义复核	119ed606a4a9318aa22268738e2884e6d1fe4f2bb703c6060b1c5f1c7d5618fc	a58476678f71eb28994628b6e8445ccae0c7f12f8dc6b19649d846939fdf1f65
word_1e4e14aaeb5c	about	repair	{"example":"Tell me about your application.","exampleCn":"告诉我你的工作。"}				unfinished_example	现有中文例句、本地词条字段及人工语义复核	2f6a87c30be4f228b89a46000de70ee8c7b24942bff68079aee509c7f1e19515	09f93b488eac8411bd63c970ec0bdd99aeacc8e969f9cdf6de4f9a2ced9f7e6c
word_44205da7a33f	oak	repair	{"example":"The table is made of oak.","exampleCn":"这张桌子由橡木制成。"}				space_before_punctuation,manual-priority-review	现有中文例句、本地词条字段及人工语义复核	e38fb411fa351257a969e842bfa2be85f97ecbc9bba75780b7c8e038df8821a7	f04ecc63d5bccc27081d7c6a733c901534e10a1d48884082c69a006e014e362d
word_1141f211da8d	stuffy	repair	{"example":"This room feels stuffy.","exampleCn":"这个房间感觉闷热。"}				space_before_punctuation	现有中文例句、本地词条字段及人工语义复核	0c0d5c0f29d19bace826d489f41429dd12af3fda59b7901477d580c64686bc52	6e1310ae40316c45214f0c7eba8a71ca9d8f5e0c5bd5e78ff49333f130fb303c
word_33b6e434ca5c	hurry	repair	{"example":"I have to hurry to catch.","exampleCn":"我得赶紧去赶公交车。"}				space_before_punctuation	现有中文例句、本地词条字段及人工语义复核	d4d960592c1ffe9da8b465642523a6b2c62742c77b5caafe3e7e73120ed2eb50	75ddbf620cacfc1ef7a2ac7cbcc51652082b03d012ae3bb2702ab88e71c56a50
word_f564867d6c13	capsule	repair	{"example":"Take one capsule twice.","exampleCn":"每日两次，每次一粒胶囊。"}				space_before_punctuation	现有中文例句、本地词条字段及人工语义复核	e9baa58f657e42939c19ec13659ca14060b9722243523bcee1aee35cdcddf341	f395e0e061f9d7a879bd7e6d0c56d16236e1f46da2dd3f1a806f4b6b1fb0943f
word_65fde9224838	york	repair	{"example":"I visited York during my trip to the England.","exampleCn":"我在英国旅行时参观了约克。"}				unfinished_example,space_before_punctuation	现有中文例句、本地词条字段及人工语义复核	6e6228cd813664f5a9ce0a134ac924ecd80e4663b3aeb0e6017d34a8afb494f6	3b784711177d51d2a5c86971c8af6681509640eec4263a3d4b81a2e34c96ff5a
word_1fc6fee2cbd6	whisper	repair	{"example":"She whispered something in the her ear.","exampleCn":"她在他耳边低语了什么。"}				unfinished_example,space_before_punctuation	现有中文例句、本地词条字段及人工语义复核	0c9ebd516af3f187061fe47d8d8fa69e0703d13bafd3863717b25a42613fe6cc	fc46e0f28edd4d73b883059e136b31060f7008064a27196ff22d9939ee521b34
word_f8f727a46941	consider	repair	{"example":"Please consider my application for the job.","exampleCn":"请考虑我的工作申请。"}				unfinished_example,space_before_punctuation	现有中文例句、本地词条字段及人工语义复核	228d50e3d6bce50b7ec540d5aac02b873496c460d0654d6f82bbdd18d73a9e4e	c67d71235d475f92d8c5d171615ed152394660a52f6786ccbfbe3ebb9d4fb63e
word_145be25d4c0c	entirely	repair	{"example":"I entirely agree with the matter.","exampleCn":"我完全同意你。"}				unfinished_example	现有中文例句、本地词条字段及人工语义复核	d8a7d50fc03879178c59912600f5304fa33ed32400e26c0e4bb830a80b63bf56	57c53944b6faf5fa7f36660369c79cf61c6b363c7cd5bf1b9cfbb08551f6ca27
word_7b26f77e6ef8	washington	repair	{"example":"He works in Washington,.","exampleCn":"他在华盛顿特区工作。"}				space_before_punctuation	现有中文例句、本地词条字段及人工语义复核	9ba760a7a64c8779f8f7e67d03a4bc46a4c4dc281fd9705b4223672e93601e9e	8bcb3777bb79c2828c92c86cc760652b9403138cf92ab1950f330c40ec357bb5
word_7057b8f6ef7f	hat	repair	{"example":"Wear a hat to protect from the matter.","exampleCn":"戴上帽子防晒。"}				unfinished_example,space_before_punctuation	现有中文例句、本地词条字段及人工语义复核	3a7e94479a4ae60e9657195278bbc539565c72bc8af129a32534f6343e736067	8fd7a09e07bc9d2a0cc7efc260e8e95107c1932aebb9d23bee8c5fa387310c8a
word_5a7853bd5e37	redundant	repair	{"example":"He was made redundant from the matter.","exampleCn":"他被解雇了。"}				unfinished_example,space_before_punctuation	现有中文例句、本地词条字段及人工语义复核	cee5bab3d8e143459a8d45cc067dcdef3dbef16300102b25ab443b81729d33ce	b5082e3fb9bbeb4b87e16482fd759acd88ffe958a6c2dcecaf3de579b522bf60
word_ab2102d3bb83	applicant	repair	{"example":"All applicants must submit.","exampleCn":"所有申请人都必须提交简历。"}				space_before_punctuation	现有中文例句、本地词条字段及人工语义复核	86ba813f165895e65dd6252553606812cd5439647fd0819317aef62365ba232c	6e5af931cf0d656f41002a265469dd89a56fffb3f5be63951083e3ac31773e6e
word_0963b2bfbf77	sheet	repair	{"example":"Please change the sheets on the bed.","exampleCn":"请换一下床单。"}				unfinished_example,space_before_punctuation	现有中文例句、本地词条字段及人工语义复核	28174c2edcc13b6762e218119fa1862cd59c52d02fbc0190b71d3cb62b2ac178	0e9456e555354cfe3788448afca4079bff156776c9bb73f6fee34e63bcfe96f7
word_b027b4afe61b	neutral	repair	{"example":"Switzerland remained neutral during.","exampleCn":"瑞士在战争中保持中立。"}				space_before_punctuation	现有中文例句、本地词条字段及人工语义复核	22cc685399b4801ad218940fee9b826eca3247743a68bb5822b395cb549962e3	1cbc223c8d971f6cfbe42495f1a0ffb39e7c2cf793aee9e2d6bcbf2047c0346c
word_ba5e5afabc1a	kit	repair	{"example":"I bought a first-aid kit.","exampleCn":"我买了一个急救包。"}				space_before_punctuation,manual-priority-review	现有中文例句、本地词条字段及人工语义复核	87ea215cce11cb7cc59d9ed1f4eea8034442eee0ff8a834cea54a17eeddb3a0c	c6e583834859fae816cd9d6afd8e39661f7e92801b9e1e11131c2de89feaa159
word_be26f8eaa267	realise	repair	{"example":"I didn't realise how late.","exampleCn":"我没意识到已经这么晚了。"}				space_before_punctuation	现有中文例句、本地词条字段及人工语义复核	1a0ba59ab57a282bb68eb762c629b0b1b8a94addd0f7ebf1897e1648ae57b9ac	576d8c91abc9fab7e4a3fc12ce2ae6dd7dde1980c198da63f8a524f12e17c621
word_7870e8927a38	after	repair	{"example":"After work, I usually go to the gym.","exampleCn":"下班后，我通常去健身房。"}				unfinished_example,space_before_punctuation	现有中文例句、本地词条字段及人工语义复核	748adbf463a29f2c560503da394d8d3b4bd8ce8fbd8487559ef2a634cdc6b62e	4ab02248ef3277f88fa7b2f3a672f5fc9a3b84f61b339d1ee6950c537bed2b51
word_186e9ff804f0	poolroom	repair	{"example":"The community centre has a poolroom with two tables for residents.","exampleCn":"社区中心有一个台球室，里面有两张桌子供居民使用。"}				space_before_punctuation	现有中文例句、本地词条字段及人工语义复核	94af1fc972f45c561611963a16cdf5b571d2876f6021480c56881602b1ef299c	b1d653cbbc3c1795086e8e1c78f44ba387b7ddc67d7871b2aa9132f5b634b32c
word_b24b306ed435	various	repair	{"example":"There are various options to choose from the matter.","exampleCn":"有多种选择。"}				unfinished_example	现有中文例句、本地词条字段及人工语义复核	3c3aebd1415877d56dc395775665aa38aa443f5280b55d0e2a29393e92d41156	04ae376a965bec9bc21f1585bf012e29e5060a3b1cdfae8804d31c5172641f33
word_2a3c5c5fcd06	slogan	repair	{"example":"The company's slogan is 'Just do it'.","exampleCn":"公司的口号是“只管去做”。"}				unfinished_example	现有中文例句、本地词条字段及人工语义复核	32386e15bd6582f08219c1a040d93dadf4cb68dcfec306972284c9bda70d6451	119c655b6cbf7e73d1dc927f124c55731fa7ecba3fbd497a170dd61703a53e0f
word_f28299ccc743	refresher	repair	{"example":"I took a refresher course in accounting before the job.","exampleCn":"我在新工作前参加了一个会计进修课程。"}				unfinished_example,space_before_punctuation	现有中文例句、本地词条字段及人工语义复核	33e3b346c4ceeb23350d16c3abb5fe3cb0f10cf5d23a8ad754949ab1544e37d9	06521000fcff2caf5e80c2893a20d3e16ae7942129ea424863426804c7fa2646
word_977a200d8323	fat	repair	{"example":"This meat has too much fat.","exampleCn":"这块肉含有太多脂肪。"}				manual-priority-review	现有中文例句、本地词条字段及人工语义复核	2692c8d966357265da45044808b86aea8c061e605f920a5913dbc288a5dce93a	6dfdf771b26541e35190ba5b27c79e3f008c791a6c2c2ef1ab0bfd5a42f04331
word_607f6be103c8	description	repair	{"example":"Please give a description of your application.","exampleCn":"请描述你的工作。"}				unfinished_example	现有中文例句、本地词条字段及人工语义复核	69c4fa12c5812f58b4f6991cccbd474ac47012969abeeb7cf4bc4798bc22a828	17ac89b2d6408a64c24855b61ad26c1c737dfd77aa9ade2602e7bb1a7e71e7be
word_20361e21aab1	careless	repair	{"example":"A careless mistake cost him.","exampleCn":"一个粗心的错误让他丢了工作。"}				space_before_punctuation	现有中文例句、本地词条字段及人工语义复核	e2158e2a0f176c62ac08c69185f5a9901ce6e21a0a601570ca69fa931b799af6	c0c9d7601b0272b99a3dc43f4e853fac5bdbc41e5c586de5903b53066976ac50
word_2184a471b58b	civil	repair	{"example":"Civil rights are protected.","exampleCn":"公民权利受法律保护。"}				space_before_punctuation	现有中文例句、本地词条字段及人工语义复核	3a92a466bcd1db4c8288416c7694a14c80b1b8ed08deb2e386dd9fad93fcc1a4	dd8b2dc57048a73a20a69a5e6f8ec6c267168549e3470e1a32fb45e83e52c8c0
word_c2d1189db13a	boot	repair	{"example":"Put the luggage in the boot of the car.","exampleCn":"把行李放在汽车后备箱里。"}				unfinished_example,space_before_punctuation	现有中文例句、本地词条字段及人工语义复核	5638abd74683e2cb66a0cf0f04bb5940f458dad9428b071c904e013ad9ee006f	73278813ccef3d5c290a7e8f5b0648f1258d7e4617c39f02382a0e1a7c7ddb67
word_468ef9f7f3a0	rhubarb	repair	{"example":"I picked some rhubarb from the garden to make.","exampleCn":"我从花园里摘了一些大黄来做派。"}				space_before_punctuation	现有中文例句、本地词条字段及人工语义复核	4bba23b164011c8ba9399700f22eb890c6778b56f3c851bf6417576f43feeff7	0ac08172647106fc4f07dbc51ee5f2a9eb4d73715359ac8b9f4fa3b61e7cd3ce
word_6d10a83e4016	skin	repair	{"example":"Protect your skin from the sun.","exampleCn":"保护皮肤免受阳光伤害。"}				unfinished_example,space_before_punctuation	现有中文例句、本地词条字段及人工语义复核	3faa2c59eb16f64f34e0b12ac19f30378970446a4da5125dde7444b555a059be	b9230230d7dc19d0ff883a9d48efab3a90e3486f10071a5e684c09b295ba6cd4
word_3019189ceee8	orient	repair	{"example":"She oriented herself to the job.","exampleCn":"她让自己适应了新工作。"}				unfinished_example,space_before_punctuation	现有中文例句、本地词条字段及人工语义复核	93d53059c82073fe64d53b06e8788183775ed9a5d7128d2388c4051d7cde5c54	2e9ef7fb67d64da194791dae37636621c9c430d6a0feefca21ff8b0b91089196
word_24647d89a27b	formally	repair	{"example":"You should formally apply for the job.","exampleCn":"你应该正式申请这份工作。"}				unfinished_example,space_before_punctuation	现有中文例句、本地词条字段及人工语义复核	8fa0942bab22a253d263c769a0c9662afd67b0ddc01741bf9515d8d434fac841	c8f7cb81b77104f5bc96fd1f0edea825bec1a88b94028c09ed523384f534ec9a
word_2cca72c9f448	joy	repair	{"example":"The good news brought us great joy.","exampleCn":"这个好消息给我们带来了极大的喜悦。"}				manual-priority-review	现有中文例句、本地词条字段及人工语义复核	2d5e5398be5996b2ed3fe48b3bc21a0af490c0f4485a9307d6279792964da97b	776b6ab2ea185a407584d0e3dcbda86b110eca468d2b898e23a786897d8c2939
word_c11012dcd962	fracture	repair	{"example":"He suffered a fracture in the matter.","exampleCn":"他的手臂骨折了。"}				unfinished_example,space_before_punctuation	现有中文例句、本地词条字段及人工语义复核	37908792702f2318bd9bf9910cd599a8aa0106231f21dc1adca204b3310976bf	937f1ca0cc957a43b64dbd420298a6cf42e095c6434dec70b8f4e70b83b498d8
word_5496d4359d11	correspondent	repair	{"example":"The foreign correspondent reported on the war.","exampleCn":"外国记者报道了战争。"}				unfinished_example,space_before_punctuation	现有中文例句、本地词条字段及人工语义复核	5e44ab210a1f02884d0000ed777b7cc0ae5a503157d30adc4e9d1f0e1983b533	1f20b9b66cac14a5a57a4844a9424b6b34f18d6d710d32cfb59319292857b572
word_6882696da11a	mud	repair	{"example":"The car got stuck in the mud.","exampleCn":"汽车陷在泥里。"}				unfinished_example,space_before_punctuation,manual-priority-review	现有中文例句、本地词条字段及人工语义复核	0d5e03a832c0ea100b691ecb5dda05afc0d049a9dd0fdc034e0a177937bc921c	fa09f9be90cd708d079e141499dab995234c314de1dca4ed7738821fd7fae4e5
word_3bbc9ad96500	ago	repair	{"example":"I moved here two years ago.","exampleCn":"我两年前搬到这里。"}				manual-priority-review	现有中文例句、本地词条字段及人工语义复核	c0dd8d45c8b609cbfb033a9ffa5fdf970245d4bae3334fa5d39a706d88cdb0d3	50e42ccac08dce01db68ed84a1bf89741fe6905237f32b7a9c11b69152165a7c
word_29949eb53ec5	experiment	repair	{"example":"We conducted an experiment in the laboratory.","exampleCn":"我们在实验室做了一项实验。"}				unfinished_example,space_before_punctuation	现有中文例句、本地词条字段及人工语义复核	bc6566c677b64651bc0e894eacf0d6292857e1fb5215175e2d6273c1b18a3593	b2f8b63fa6d96d36fe548209c6febdb6c92a9c678d25b672c1c74a2555748c3c
word_5c13258af64d	medicine	repair	{"example":"Take this medicine three times.","exampleCn":"这药一天吃三次。"}				space_before_punctuation	现有中文例句、本地词条字段及人工语义复核	6efe9755359a6a00345d2fa4251717a71a228bebdc0267d92ea8a5cd1eba4dfc	0dd4f8d773a9f03e1e3bf86ffa56ebf0e146d37987106bdfabbf6c37df80b301
word_ab24ba93b493	unlike	repair	{"example":"Unlike his brother, he.","exampleCn":"和他哥哥不同，他害羞。"}				space_before_punctuation	现有中文例句、本地词条字段及人工语义复核	71b86644ba257c4614d3886d3e03b4e15af35d384eb4fe3b61705b282e9cb33c	6019cd4d0e2cbd9cb27ce38aab87fc44feb9b29ef1bf2cf7288cc255622d9913
word_fd0aa733efbd	gun	repair	{"example":"Hunting with a gun is regulated.","exampleCn":"用枪打猎受法律管制。"}				space_before_punctuation	现有中文例句、本地词条字段及人工语义复核	ade28c6b139c5514bcc09b6615a4b6d980435ab8ed908c9c056ba0167ab87586	e6ab86cd16960db9188051a69b3c29448d009c5f083602821828a42644c703ad
word_49bb2b667323	printer	repair	{"example":"The printer is out.","exampleCn":"打印机没墨了。"}				space_before_punctuation	现有中文例句、本地词条字段及人工语义复核	d2504fc8a592ece75fbc50f9ba98c9a6a785e32c9dd104d4825b87c161792110	4028869362bdd474ab116905da9dd590e0b36782d0ce51b6f0dee05ee260c3e5
word_59891f491673	whole	repair	{"example":"I read the whole book in the matter.","exampleCn":"我一天读完了整本书。"}				unfinished_example,space_before_punctuation	现有中文例句、本地词条字段及人工语义复核	8339d3b00350b361fbe3f1d76a3c57d1613a7b5c003a91896f8f41047f86babe	bf4ac6874a28013bb5152efb30f1981283616df6b0d09b44617e8e1428210c47
word_21a87d71c09b	irish	repair	{"example":"I met an Irish friend at the matter.","exampleCn":"我在酒吧遇到一位爱尔兰朋友。"}				unfinished_example,space_before_punctuation	现有中文例句、本地词条字段及人工语义复核	1579624c2d613fddc499bc00cab5a2a9f5d738c83848209d201881216de4ce52	1dbd3d2d510ebe73d7d50d7e6dd3aec340e98d65f8de909e76f686c1f6fab96f
word_8d5a60eb8aab	wake	repair	{"example":"I usually wake up at 7.","exampleCn":"我通常早上七点醒来。"}				space_before_punctuation	现有中文例句、本地词条字段及人工语义复核	a019609e9878b19d2d60c5a0f763c32df44ff1e4614ceb211992316d38ee0a11	91ee8417ac64d32eb3287baa33e729ef7ff430d536296c2d77b8c063cfaa7acf
word_c7504c1df799	money	repair	{"example":"I need to withdraw some money from the cash machine.","exampleCn":"我需要从自动取款机取些钱。"}				unfinished_example,space_before_punctuation	现有中文例句、本地词条字段及人工语义复核	d4a9253ae53363257403d175ac7d5d94bbe3476859f858d0bb0e4e08c0f1178d	3d0f701353c22fc9e915f1735ecaa004c41f1a2bbcdba7588280666eddfeb76d
word_ff2d8bbf7d0b	eighteenth	repair	{"example":"His eighteenth birthday party.","exampleCn":"他的十八岁生日派对很有趣。"}				space_before_punctuation	现有中文例句、本地词条字段及人工语义复核	6aeb9cdb689c7a4e12b627ea48697e3427f8e46d8c77c16ee0dc3b7c46d2afdd	2cd3b5d584a6debb8335f28f295fdd889f7052337a7e6ce683de079a65fd3301
word_8eedcf521870	law	repair	{"example":"Driving without a licence is against the law.","exampleCn":"无证驾驶是违法的。"}				space_before_punctuation,manual-priority-review	现有中文例句、本地词条字段及人工语义复核	b8f48cbb3d88cd9e9bc43690924abfb668ec835a6d9e7d9c93a6fc29e9517edd	a9aa6f3392f971188c9f90b61d1d64ae519e837ae7f2b78024153506a423a75f
word_0912b82569a6	radio	repair	{"example":"I listen to the radio in the car.","exampleCn":"我在车里听收音机。"}				unfinished_example,space_before_punctuation	现有中文例句、本地词条字段及人工语义复核	b6a93589c07f966c3c820347c8207b6ba9f88dff00e3c0ff0d770ec926398dd7	f4c52b9ad2129690d648de8beb63165c8854e2f20423231f3f8eb60f1585b83e
word_1ad374e62df0	subsequently	repair	{"example":"He graduated and subsequently found.","exampleCn":"他毕业后随后找到了工作。"}				space_before_punctuation	现有中文例句、本地词条字段及人工语义复核	eb3b338eb6d0b35b0978e4b8ac57bc30a7ea90a12f1c74037059aa410cf419b2	f14f48741fe807a035838b390668d33a73f884fc5765199b7f28d28d66212c3c
word_86276aa9a372	proud	repair	{"example":"I am proud of the son.","exampleCn":"我为我的儿子感到自豪。"}				unfinished_example,space_before_punctuation	现有中文例句、本地词条字段及人工语义复核	2f811f74d7ed7dfb9fcee29a2c1964b75c1a9e960fa1b18857c23b2c4567c41b	a3be16bca3b8cb16c7046aa1a4dbee5541b4a6ed2e7dc507050842dc5089c810
word_06704b114b8e	devil	repair	{"example":"The devil is often depicted.","exampleCn":"魔鬼常被描绘成红色。"}				space_before_punctuation	现有中文例句、本地词条字段及人工语义复核	44dbd2c5660743b61bc38c56cfa5b6945749b4cb8c86b20d3492fa6da3bb4279	41ddb5adec9a4604fc3d97206e17079b91b708e930af58925d3b66f756259785
word_559d05ac9c79	sea	repair	{"example":"We went swimming in the sea.","exampleCn":"我们去海里游泳了。"}				unfinished_example,space_before_punctuation,manual-priority-review	现有中文例句、本地词条字段及人工语义复核	50f7c038c41829754c80f0fd11793616770af1b5825a836fedae0c011b4bab06	da7223e9d14cdb209ae0034653515ab3497200b5f996b4ed677c8d44d22e6d82
word_e7baf2991455	gratitude	repair	{"example":"I expressed my gratitude.","exampleCn":"我向他表达了感激。"}				space_before_punctuation	现有中文例句、本地词条字段及人工语义复核	29b9c51ec22b4cee331eda0c6df535d08bcabeaf0859a5fc7267d23e55777cbb	86aabf0cba60d801907522fb61e7f4912b2eab15b091d4d19242a4f1dd88a66e
word_fdd53b6f84ed	grandmother	repair	{"example":"My grandmother taught me how.","exampleCn":"我的祖母教我如何缝纫。"}				space_before_punctuation	现有中文例句、本地词条字段及人工语义复核	f5ef622c3690182a5a51f5caee951db1a7385e2e0d631a27bf2718dd1610633c	b9e41d1e17a5217ef37040eb5ae5a0298bb07af8e75eb42349bbaa277d57059c
word_775201958993	london	repair	{"example":"I visited London last summer and saw the Big Ben.","exampleCn":"我去年夏天去了伦敦，看到了大本钟。"}				unfinished_example,space_before_punctuation	现有中文例句、本地词条字段及人工语义复核	33712cb0b50f050596f2422973fdadb08f9169216d205c5d2bd87bf5fe23233b	663bd6177a787e1393325a2acea02041b8efedacdb7e1aa3a79b235a6bd20476
word_dec51a75c226	rainy	repair	{"example":"The weather is rainy today, so I took.","exampleCn":"今天下雨，所以我搭了公交车。"}				space_before_punctuation	现有中文例句、本地词条字段及人工语义复核	2baa21f897b7209ac19d4b80e44dae8862bbcb5d2ed0e193bff655ece8d02558	02f7ebce8c24b6c8dc1bb21e324c359980ff90ab76164e878ac1565c75a704b7
word_40f42559899b	gain	repair	{"example":"She gained experience from the job.","exampleCn":"她从这份工作中获得了经验。"}				unfinished_example,space_before_punctuation	现有中文例句、本地词条字段及人工语义复核	845be4c82f600addb7f15af5f62cb17fe5c1cf42bec9c0a04d26160724b0804d	13a5b62d8466cb071c4a9d6515e9398e3de9c4a09b30a632c3181c14f9bac5fa
word_25ebb7a4846b	password	repair	{"example":"Enter your password to the log in.","exampleCn":"输入密码登录。"}				unfinished_example,space_before_punctuation	现有中文例句、本地词条字段及人工语义复核	8212f7315b776778f26cc7a7769ee13f4f2aa924c4cc72efebe2de642f7ed8cc	7db175a501ac88881ae0f1666c3e1fa4b9a9955b539479db1939c3a8d58cb2c9
word_d1d3706eb805	particle	repair	{"example":"Dust particles float in the air.","exampleCn":"灰尘微粒漂浮在空气中。"}				unfinished_example,space_before_punctuation	现有中文例句、本地词条字段及人工语义复核	a319cc2a5d47c7f323e9f6e976002d64f8e07aa73395fc1dfb0341ee9991c8d8	c4916cefc76044668911f9603ee4b6adac7693fcafea504fba3e73f64b0f72ed
word_b0d79ba7f2de	savings	repair	{"example":"She used her savings to buy.","exampleCn":"她用她的储蓄买了一辆车。"}				space_before_punctuation	现有中文例句、本地词条字段及人工语义复核	95f9443c44fd66c1421a5eadefde9306b12167d2c70f0e49d0d59cdea0a35769	17dae7081c6d9591bbb21563d27f094bf8da070b7901c9ddb11857ae7d261c63
word_81ca8a0d58a8	motto	repair	{"example":"My motto is 'never give up'.","exampleCn":"我的座右铭是“永不放弃”。"}				unfinished_example	现有中文例句、本地词条字段及人工语义复核	2edf561a06d016b19f154f3125efcab0ac8be18a9f21e952f74f84c37e3750ec	3725ec6b5cab8e1f07c6db48edc6332cab35660dae0434ed8f9dbab482bf4cd3
word_b02dd0ddfb02	bone	repair	{"example":"He broke a bone in the leg.","exampleCn":"他腿骨折了。"}				unfinished_example,space_before_punctuation	现有中文例句、本地词条字段及人工语义复核	0d405a43fe01991a0c72e138ddf18bec52312204168ea512cde9b85507887fde	cfb2cd1bc26222164c2e9f1fdcb5daa50096e9f8fb80bbe26c789e851ffc804d
word_d85898555958	literally	repair	{"example":"He literally ran all.","exampleCn":"他 literally 一路跑着。"}				space_before_punctuation	现有中文例句、本地词条字段及人工语义复核	5f9a6a2d5159688f0e69bf8744d16722fa0007d2f095f5513bcb8b7dd5c70a2e	2cb1f9bd9e1c86a8c4d1300b3ade4ed6c70dc4228ecc94eb3710a5956fef206b
word_3a8b4f11d461	baseball	repair	{"example":"Baseball is a popular sport in the United States.","exampleCn":"棒球在美国是一项受欢迎的运动。"}				unfinished_example,space_before_punctuation	现有中文例句、本地词条字段及人工语义复核	fe17d831af786022ad354ac5593cbffae3487d4e196b0e0994cbcbb937f6bd49	6fbc656c188b0b9397191533ffe7d790778748fc022724b72d05e7813e593b28
word_843ef7f7f1c5	demonstration	repair	{"example":"There was a demonstration against the new law.","exampleCn":"有一场反对新法律的示威。"}				unfinished_example,space_before_punctuation	现有中文例句、本地词条字段及人工语义复核	89ba9282ca18faa489978774c14f67eab153b3062da9cac58c160b8761aef42f	671dac1ffa0ee9fac5f7ce14bf8dcd6331b1662dc756248b3422db4f6d86e6c1
word_0941e5ee5d44	compare	repair	{"example":"Compare the prices before.","exampleCn":"购买前比较一下价格。"}				space_before_punctuation	现有中文例句、本地词条字段及人工语义复核	71ad3166d3f825c162b3f0cc7a0b7b03d51fe0564f0005c6f2aaf6e8a02ed755	564b5e0f5576f60a8cb9a4df2c8d83a7b116e5e3a97d107d86e816e402d7e9dd
word_c091ae22538c	accept	repair	{"example":"I accept your offer for the job.","exampleCn":"我接受你的工作邀请。"}				unfinished_example,space_before_punctuation	现有中文例句、本地词条字段及人工语义复核	22468275a8f9e77aff3d71c9b4aaf5b1bd1e65325591fc8ba64a47cb8a5aa147	95d1659d73c2a059cf993660daefc34da90a70668158ecac3fac08ac6a2cfc48
word_9fce2172ca92	loose	repair	{"example":"This shirt is loose.","exampleCn":"这件衬衫我穿着宽松。"}				space_before_punctuation	现有中文例句、本地词条字段及人工语义复核	cbf1c4a50fa0d2b9cea68f62e3f531ee114da484a7739a803964559dba34d02a	faa9610795f9118c1d78c8dda9e879ac769441e5dd56f3237359d1308d9145a7
word_e4a5dff37f69	rush	repair	{"example":"I had to rush to catch.","exampleCn":"我不得不匆忙赶公交车。"}				space_before_punctuation	现有中文例句、本地词条字段及人工语义复核	1f8d19f54811581a2f03c3d0b8c54771dcc1d19e1f58999eb9c1ce3195773918	adcae6f97baee679a750b01779c5d6cc90532037743ee8f26aa0af2f2629f0c3
word_cc469b9bbc47	parade	repair	{"example":"We watched the parade on New Year's Day.","exampleCn":"我们在元旦观看了游行。"}				unfinished_example	现有中文例句、本地词条字段及人工语义复核	de82102da052cc45983e779868dc48ced8ef4e77e4a8711b0ca8a14ab9e75c7d	e30497b41e80387cab1753e7c4a2c9681aa2e97a5e70f94a0fdfc8850ef1e748
word_9a92180d3f67	bitter	repair	{"example":"The coffee was too bitter.","exampleCn":"这咖啡对我来说太苦了。"}				space_before_punctuation	现有中文例句、本地词条字段及人工语义复核	3762873bc6d769d146361694e5378776c5ab9bdd97c8f3af19d99d728ca11783	1e139df8907c07f704a9eb0f51525bbd8640a80eddbbb23305a65dcb119337f8
word_7070e7e06d4b	feed	repair	{"example":"I need to feed my cat twice.","exampleCn":"我需要每天喂猫两次。"}				space_before_punctuation	现有中文例句、本地词条字段及人工语义复核	f577935a17f3bcd0e2ad8186fa368afcbd5e6e1ae943c5ade5f42b5a4d1f9a03	c406b280f131c5844f3724e6566887ca1d4a5d910a54c24af4a5e066efe2c5fd
word_0498fcc46825	friend	repair	{"example":"I made a new friend at the gym.","exampleCn":"我在健身房交了一个新朋友。"}				unfinished_example,space_before_punctuation	现有中文例句、本地词条字段及人工语义复核	fcdc87e4d5f8b7da854f7f37eb3f019ac9db2f4cedbd138fa7c3219ab987bd35	1259b69fdb2efa47635b6c0326b502b082713e9ea3b8960193a57e977febeb05
word_44f0a0a36528	opportunity	repair	{"example":"This job is a great opportunity.","exampleCn":"这份工作对我来说是个好机会。"}				space_before_punctuation	现有中文例句、本地词条字段及人工语义复核	421f22b5a466330b19fba7f9c1b6d1451441a6b4c610f8fd7427e839a22cb30d	7c4649e68bb5861f3b7a3254f88c231e5f79a16eeed7313f0a1c87cf9c7c6904
word_63f5565721a3	license	repair	{"example":"You need a license to drive.","exampleCn":"你需要驾照才能开车。"}				space_before_punctuation	现有中文例句、本地词条字段及人工语义复核	4931d9e426743a84c55d1a06036a21fb1202735a00e4a495e81c6ad415e87cf2	b853004d8f88fd6dfaa14f4655dd95b0a63981975f59399c6aea31683618b15e
word_876399a2e139	toy	repair	{"example":"The child played with a toy car.","exampleCn":"孩子玩了一辆玩具车。"}				unfinished_example,space_before_punctuation,manual-priority-review	现有中文例句、本地词条字段及人工语义复核	9342b800d2fddcaab745a6a3ac32a63f76491211a4812cba20380cceac87ced5	0e890a812e2c5a895fac23349b8da112e8439ed3313ec605f06a56085d2c9525
word_ae8c1409702a	hold	repair	{"example":"Please hold the door open.","exampleCn":"请帮我扶着门。"}				space_before_punctuation	现有中文例句、本地词条字段及人工语义复核	4297fe3312f10c556f9c749ac65e4dc96fcd6dbf99a6b8f84d10ebc1a1081ff8	44047f367c7f508115acc92109de0fc07896c04051cbe8fa2e2d9a67aee5aa80
word_4c27ae7c0ea9	sex	repair	{"example":"The form asks for your name, age, and sex.","exampleCn":"表格要求填写姓名、年龄和性别。"}				space_before_punctuation,manual-priority-review	现有中文例句、本地词条字段及人工语义复核	1ff7cf487c16945fb3f309310c346aaa2cd78d01e1180d00d8fee7a017bb2094	163db1f5f8d1e26df70b31938ec538b4caca6cf9178a2b95b9afeb35fc240cbf
word_6ca83a24fb9b	difficulty	repair	{"example":"He had difficulty finding.","exampleCn":"他找工作有困难。"}				space_before_punctuation	现有中文例句、本地词条字段及人工语义复核	648edaff6c655d5d72d190c41f248b891bafce3246b26760ceed8881ca267476	69d83666dcddec6948419d0aa6be348a206bc8c9343b9ba29803b2e58424a1af
word_82ca0b6a73ad	subscription	repair	{"example":"I have a monthly subscription to the gym.","exampleCn":"我每月订阅健身房会员。"}				unfinished_example,space_before_punctuation	现有中文例句、本地词条字段及人工语义复核	8547bede91a39ea32d96195c484f09520336362e95a7437508d1039824d5b054	679f23f9152dedec732d04db32f05ee18339f0e2ee3b73b6cdae0d11e2700de2
word_dda0e60b5665	guard	repair	{"example":"The security guard checks everyone's attention.","exampleCn":"保安检查每个人的身份证。"}				unfinished_example	现有中文例句、本地词条字段及人工语义复核	b6c4cd260d8b2ebb63f6d2f981956878f6f7ea72aae925798760297bc89e434b	3486ac297d6c3466d3baab6e3e4899cae24e9aa99e9b22d7a9a6e11214426760
word_635bf3103516	massachusetts	repair	{"example":"He moved to Massachusetts for a job.","exampleCn":"他为了新工作搬到了马萨诸塞州。"}				unfinished_example,space_before_punctuation	现有中文例句、本地词条字段及人工语义复核	27bf7a153fccea2adee53f4ebdc6c1b6bb924bb1902b681c13c3bae5d8e25198	fa02b9446f75cc09ac99663462d51525581384898193b10fff619421826caec3
word_a972953c1fce	day	repair	{"example":"I work eight hours a day.","exampleCn":"我每天工作八小时。"}				space_before_punctuation,manual-priority-review	现有中文例句、本地词条字段及人工语义复核	4407fe677c54aa91ec54e78087ad6e69c7b467e0800e3dcaf087b15f82f169e4	106b177551aedbd0b8c1121f0818e775ecc3f02dc0aa0173d261426d8bd121f1
word_0bb14bc8c7bc	inquire	repair	{"example":"I called to inquire about.","exampleCn":"我打电话询问工作。"}				space_before_punctuation	现有中文例句、本地词条字段及人工语义复核	63e8179d59da70886cc923441b89b003a9f210541dcf537c702362a7ec0cb022	046ce18f645382d815d4732b6b47ea80d93d91608bf007f35f9dc3bc13d42abe
word_2c98bbff8842	rubdown	repair	{"example":"After the long run, she treated herself to a relaxing rubdown at the matter.","exampleCn":"长跑后，她去水疗中心享受了一次放松按摩。"}				unfinished_example,space_before_punctuation	现有中文例句、本地词条字段及人工语义复核	76947933ff1160bc91467fdf61ab8840047b9a730c6407708e14555ab347bd69	6e9e7cb6bae57e87ad2dc88a6adbf5170d81cf744f312d9a675ce8e35e21853b
word_2b077c3a1467	circumstance	repair	{"example":"Under no circumstance should.","exampleCn":"在任何情况下你都不应该撒谎。"}				space_before_punctuation	现有中文例句、本地词条字段及人工语义复核	c5602fcbd92b670ba63076529c5fc9a61d54af698736cd3fdf3f50d6808d9e98	a22ed5b9d2ce8734751cb1748c37061353de54579c5c7b41608d5132dba00f21
word_aafcc8ac88fa	distinction	repair	{"example":"There is a clear distinction between.","exampleCn":"两者之间有明显的区别。"}				space_before_punctuation	现有中文例句、本地词条字段及人工语义复核	42857541def4abc13e347bd4e719a59f3b6a630b442a49638409906e64955606	346c3bf7cff129b976d839da3ab55bdcb80090cac3c7e5d936b57ca863536ba4
word_4a80f63cd9c8	amenity	repair	{"example":"The apartment has great amenities like a pool.","exampleCn":"公寓有很好的便利设施，比如游泳池和健身房。"}				space_before_punctuation	现有中文例句、本地词条字段及人工语义复核	6ce275cbc5f9479ab12bcc5846db1fc52241c4f3ae44c7930f0dd85bb1fdb4aa	cfadfd338525077d74fd09effb3917d5b52cf35180daacffab685b6f79998751
word_13c6380c599c	banker	repair	{"example":"The banker explained the loan terms.","exampleCn":"银行家向我们解释了贷款条款。"}				space_before_punctuation	现有中文例句、本地词条字段及人工语义复核	6613a61421f7cd64b43fed80c5d2af0863c455677bdb4c837cde8f475288f5cb	a326134b14e620f1ec9974153f953eaad3bb5cd9c8547809a48e7f509601f9dd
word_4a2fc953f5b7	bin	repair	{"example":"Please put the paper in the blue bin.","exampleCn":"请把纸放进蓝色垃圾桶。"}				manual-priority-review	现有中文例句、本地词条字段及人工语义复核	b4a8cfcce0cd85324ef203c58b92e1767bd402b12cdcbc6b65140a6f86e31fa9	90d114c804ddc66a4ca5923b29887a0d935ee5d046e4ef14db12e533e71f4669
word_63cccf49391e	click	repair	{"example":"Click the link to apply for the job.","exampleCn":"点击链接申请这份工作。"}				unfinished_example,space_before_punctuation	现有中文例句、本地词条字段及人工语义复核	3ff7e23a0bdb1a33dfbcdc59d83bde180b4565917a5ad28d373702d47f49d03c	f91862c705b9afc3ffff632b5b4ebd76a7cef217ee4ede7bb56864d78c0f2959
word_540e3fedb216	concierge	repair	{"example":"The concierge booked a taxi.","exampleCn":"礼宾员为我们叫了出租车。"}				space_before_punctuation	现有中文例句、本地词条字段及人工语义复核	df9f2027de19b8fe004473da1b02c42ce2dcaac019c24290a5f24ccef6037f30	5ead176d845e0c71b2a5a3af56ca2caffa56e52688d387e837e0bb7107f6fbfb
word_49b5e153d186	correspondence	repair	{"example":"I have a long correspondence with my the matter.","exampleCn":"我和笔友有长期的通信。"}				unfinished_example,space_before_punctuation	现有中文例句、本地词条字段及人工语义复核	54eab5524e50e2c199d30f4d92713d1fdb9b91be057edf78a9211a00fbaa3f79	3d0f8072235adc1abec48da45624c3cf03ae4d22661d0d20709de93995ec22d6
word_49dc3eba14f5	diagnostic	repair	{"example":"They ran a diagnostic test on the car.","exampleCn":"他们对汽车进行了诊断测试。"}				unfinished_example,space_before_punctuation	现有中文例句、本地词条字段及人工语义复核	9207b0ab47252fbbd85f03e16d5c9ce430a4b20b86f1a8cc14382c7fbd53bac9	b0fa46bf74ace3e94d2709a157d9f7665a5991d120643cda1aab34ecd5638c4e
word_ad73de84ea43	exhaust	repair	{"example":"The car exhaust pollutes.","exampleCn":"汽车尾气污染空气。"}				space_before_punctuation	现有中文例句、本地词条字段及人工语义复核	c9b08ad57ad9b0d4bfec0f566e8dd751d8ae3cf763ef150b81c154440f871f2e	60cbf9641cda3801132b0843434357a778ac93942360472a49d8cc05620afc0f
word_c985547f308d	farewell	repair	{"example":"We held a farewell party.","exampleCn":"我们为他举办了告别派对。"}				space_before_punctuation	现有中文例句、本地词条字段及人工语义复核	e929035229d843370ab38cbfd752bd5a1144b865c30655d264360e13765b531d	beb4b614290da8f888e3d89749dfc0c1e11b1798ea1b1bc61241ff5e8c6e6100
word_c985ff8f2a43	fax	repair	{"example":"Please send the contract by fax.","exampleCn":"请用传真发送合同。"}				space_before_punctuation,manual-priority-review	现有中文例句、本地词条字段及人工语义复核	363e4d16723bdeda3e4c7f11ff94a9e1087d25eebf41b7054fbff4a61f935451	3d923825fafe43c6535d12701db4cf635a703bbd973434f42c55270f8f51ec53
word_c9aed4792b79	firework	repair	{"example":"We watched the fireworks display on New Year's Day.","exampleCn":"我们在除夕夜看了烟花表演。"}				unfinished_example	现有中文例句、本地词条字段及人工语义复核	16b4e5976275c8cbf10f44667db5812bb7c7385f4b19b28329f9942e52f4351a	70260487d832ca514527246ce2550cc19245732163dcea61fa61d1c851e4d3bf
word_b3e046773ad5	hotline	repair	{"example":"Call the customer hotline if you need urgent help.","exampleCn":"如需紧急帮助，请拨打客户热线。"}				manual-priority-review	现有中文例句、本地词条字段及人工语义复核	baaceb3c4567df3b5698147757a2400e083e2be19d13975c5a9103e4f4d2f0f3	2c51f75581f4eae6959020d786ebd5e8989b066785bfda727d5c6d11ab477efb
word_ee88600844aa	hourly	repair	{"example":"The bus runs hourly from 6 a.m. to 10.","exampleCn":"公交车从早上6点到晚上10点每小时一班。"}				space_before_punctuation	现有中文例句、本地词条字段及人工语义复核	4e2fb2bf32f963151aa9a7b6c250e7bfb9c4f9ce0f6ea0683b4ef8e5644f2112	fb281ee2e72308771337b2dcc07e4d43f04c5366c6847cf2c05bc1d91d4acafc
word_c08e53adc1a3	impatient	repair	{"example":"He became impatient waiting for the bus.","exampleCn":"他等公交车时变得不耐烦。"}				unfinished_example,space_before_punctuation	现有中文例句、本地词条字段及人工语义复核	6a9721ddd5f9e813566f4c90a51985b529b8ccef06c25d188179eaa876fd72c7	bbb83cf0b7d637ff58a2c277ef0d17f3e87209f29f69ea2398002c414c324dab
word_66c869cfdefd	ink	repair	{"example":"Please sign the form with black ink.","exampleCn":"请用黑色墨水签署表格。"}				manual-priority-review	现有中文例句、本地词条字段及人工语义复核	f01c27cdf3a3416554b167ef14fb35a9946bf0e1bb095e53ae33914565144d58	e08650ce95bf698635c607ed8fae22fed4997f0123de965efc9907013406c2af
word_debc7ee5e8dd	nap	repair	{"example":"I took a short nap after lunch.","exampleCn":"午饭后我小睡了一会儿。"}				manual-priority-review	现有中文例句、本地词条字段及人工语义复核	6ea7396e2d85c7994eef004e66eb4c8680b8adc1965ae31a621e89b33aca04be	db6b9693055adbe77945bc5cf19975b96c70f9dfd32414e59d8484214020665f
word_5cab48ac6b30	paperwork	repair	{"example":"I have a lot of paperwork.","exampleCn":"我有很多文书工作要做。"}				space_before_punctuation	现有中文例句、本地词条字段及人工语义复核	766515989d5119bfc3b840568e7371a1ef70551ef510bbf569ad6d9098aebcd9	d7dd6e1dd51504ec380171e7940aaef96f1be79466092c6c7e630966369cdbcf
word_bcb2ea95b444	pie	repair	{"example":"She ate a slice of apple pie.","exampleCn":"她吃了一片苹果派。"}				manual-priority-review	现有中文例句、本地词条字段及人工语义复核	37d5c24d39fdd2c4ea9c2cad01bb1838ffd3511dd4ed4ba6c229877fcb6d6927	55a213ad567fb52f9bdb23009d2a9bacff1a0acbe433d64019d279c180ca53c3
word_c9a61696cc29	pillow	repair	{"example":"I need an extra pillow for the bed.","exampleCn":"我床上需要一个额外的枕头。"}				unfinished_example,space_before_punctuation	现有中文例句、本地词条字段及人工语义复核	e00bf5adb79c75d28cf0212983e0a5f1146e6341ce77abc83a8972ec3940def9	5ccbc2e1e811a63415a7e27065b30939a9a5936dd0da6b69c19aa9922f5bdf0b
word_2ec968e51f85	placement	repair	{"example":"The agency found a job placement.","exampleCn":"中介为他找到了工作安置。"}				space_before_punctuation	现有中文例句、本地词条字段及人工语义复核	ef3c47a1d1e654596d1b5dfa9e26d7e3ab51ea6cabe325de71731bf1f53af018	fbf3c5ad00f09d13c36d10fae2ac0b9201cb4685c60ead11509abbe8c32c35d8
word_d1d4d8e296ac	purse	repair	{"example":"I left my purse on the bus.","exampleCn":"我把钱包落在公交车上了。"}				unfinished_example,space_before_punctuation	现有中文例句、本地词条字段及人工语义复核	3edffcf531843fcd43d61806dff71acc3ab0fcf3f3f6ccd9485435ead5eb146c	c729c0ee5f7203b0d13c2a1dfb46299b34889161bf10cb5768bfdb46f21911e6
word_411df96bc196	salesman	repair	{"example":"The salesman helped me choose.","exampleCn":"男推销员帮我选了一辆车。"}				space_before_punctuation	现有中文例句、本地词条字段及人工语义复核	f1425525c63cb8b7bdd49fabbc7490b3a0d0267499587eaf157c82c7727157f5	3bafa03011dcc275b34a31ee0dab37524672449f809e7905020a1d69fd369bce
word_719c8b6b9b91	sew	repair	{"example":"My grandmother taught me how.","exampleCn":"我祖母教我如何缝纫。"}				space_before_punctuation	现有中文例句、本地词条字段及人工语义复核	34f916291b54ae77463e76ba4fe732ecf8841b42d473599166d63d34b12c2c4f	342c74ec66491ef15f1e83e29f0367109c2d9a7e07c8bedc4931fdae38cbc7ee
word_adca1042e456	subsidize	repair	{"example":"The government subsidizes public transportation to encourage people to the matter.","exampleCn":"政府补贴公共交通，以鼓励人们使用。"}				unfinished_example,space_before_punctuation	现有中文例句、本地词条字段及人工语义复核	0b751c0fe92bea94a4165f55385f154c407c6e3aee47e75583fd8070724b2a33	dea310f9d8ad2d4a643606d5479e2d0484b036afb1cd494c86662a9aae0bc9e0
word_8c44030e6722	tag	repair	{"example":"Check the price tag before.","exampleCn":"购买前请查看价格标签。"}				space_before_punctuation	现有中文例句、本地词条字段及人工语义复核	1970bcfb94caa5edc5980f25caebafb42f3da743565adf5a61a3a644bfbe1228	0452505b73dcbf537df3dd2f8de71c9850d171182a636c2cc281e50ad97c18ab
word_104db0d3d57a	teller	repair	{"example":"The teller asked for the matter.","exampleCn":"出纳员要求看我的身份证。"}				unfinished_example,space_before_punctuation	现有中文例句、本地词条字段及人工语义复核	654072be4abfbf43a771d6532c38beb2d0e0f4a2b2c2e700131b85826af4747d	7f4182295a148913fabbb0f21ef005dc8b76b56f287cac59c628733b2edc9924
word_a531d181f0ea	tempt	repair	{"example":"The offer tempted him to quit.","exampleCn":"那个提议诱惑他辞职。"}				space_before_punctuation	现有中文例句、本地词条字段及人工语义复核	c06539474ee0bfbfc8a28c0ea3a59bf5bc09cc7f7db753f71a455bee9d1b5b53	0f4780a7851dd67d0f7f066598f06dda7e0fc98fd6490d2d1239fdb67fdbf39d
word_81427d2a9282	toll	repair	{"example":"The accident death toll rose.","exampleCn":"事故死亡人数上升到十人。"}				space_before_punctuation	现有中文例句、本地词条字段及人工语义复核	050a5fdce916fc4ce4f979752256dad1ee67f76685bce62f14291630c026c942	8a2cc88743193faf61a679bb655fd1f5cda635df97c7b57c8b8d98c5b88fd907
word_1d92dae504a7	insecure	repair	{"example":"She feels insecure about.","exampleCn":"她对工作感到不安。"}				space_before_punctuation	现有中文例句、本地词条字段及人工语义复核	fc771a170f6d4e5b20777ad012da0ea09f4861b2619abc3d1586667ce510f89e	dda96c129b0762bdf26988b1126387e4ec730d910130089a6a2cc19b2ea89388
word_fe4a6ca32aaf	honey	repair	{"example":"I like honey in the tea.","exampleCn":"我喜欢在茶里加蜂蜜。"}				unfinished_example,space_before_punctuation	现有中文例句、本地词条字段及人工语义复核	52e609d68be89c071f0da6db76bb80d3215357a4b739da9e399fe23583a663ca	a2afb7ad464c93d71cd922a680a2e85dbf97a1cc9c90d86d5a4404ee56759d83
word_bdc87ed01c4f	barrel	repair	{"example":"The barrel is full.","exampleCn":"桶里装满了油。"}				space_before_punctuation	现有中文例句、本地词条字段及人工语义复核	addc1543e03a5e36e65e2c20388544e381e7e1fb5cd3f0be3567894d0b802211	2cdc123aa2b0fa0459456958eedf6440be626ee797e4d5e7ef321f4ac8634b23
word_687a1c21a322	girlfriend	repair	{"example":"He introduced his girlfriend.","exampleCn":"他把他的女朋友介绍给我们。"}				space_before_punctuation	现有中文例句、本地词条字段及人工语义复核	4c3aa6cbd01c60cc94a5408ef8f8ce885e274cf7efb859febf4063451e2f0690	d3c8d8ab6ff84fab36fd7cecf4f94778203ab2c3bff3017beb69ace72f1c3f0c
word_4bd6d3066bf7	headline	repair	{"example":"The headline says 'Economy improves'.","exampleCn":"标题写着“经济改善”。"}				unfinished_example	现有中文例句、本地词条字段及人工语义复核	487bc68e6036b5f1b1dbd2b852ab000ad373ee8422f9c585e535c3e3846e4f3a	7441dc134c5931e8604e59426bc0790130470253e49faac44378a99e5eb8e0a1
word_d91416977303	ritual	repair	{"example":"Morning coffee is a daily ritual.","exampleCn":"早上的咖啡是他的日常仪式。"}				space_before_punctuation	现有中文例句、本地词条字段及人工语义复核	0a4f7333fc1b4526abb60a20bb829a00b58589d5d33dcbdb22504052c6be4174	afff85ee080457dcea54b12afa16321a210dd8145130aee32c87f6f4d1de633e
word_81bf8cff3287	subtle	repair	{"example":"There is a subtle difference between.","exampleCn":"两者之间有一个细微的差别。"}				space_before_punctuation	现有中文例句、本地词条字段及人工语义复核	7c847ccb3d5624e048829e95c8e42685f775fe33f05035ab0913fb77bc19dd05	cbbded3e80a60d70cac03bc779f9194a00ae3fcf9ae91d7e2efdac6ebe91f658
word_a3a675d5db82	melt	repair	{"example":"The ice cream melted in the sun.","exampleCn":"冰淇淋在阳光下融化了。"}				unfinished_example,space_before_punctuation	现有中文例句、本地词条字段及人工语义复核	abeee7da0a86838741bb72d9ec7c0e034635f807d9c68b4142176e2367781336	0250e5fb3c52631e369d8750b4426082b263ca5fdf9a52626741162784c61846
word_8f87ec9c4a0b	monster	repair	{"example":"My son is afraid of monsters under.","exampleCn":"我儿子害怕床下的怪物。"}				space_before_punctuation	现有中文例句、本地词条字段及人工语义复核	f3462cd51d98d4d0d8d7588a3af8d110adb5c7fb0ccba82cb31db9f92407fb9e	89b72eebb93149da11a76efa6abf5c105a235d91fab21aea5cfce9fae15db5fd
word_72eeab728ea5	bat	repair	{"example":"He hit the ball with a bat.","exampleCn":"他用球棒击球。"}				unfinished_example,space_before_punctuation,manual-priority-review	现有中文例句、本地词条字段及人工语义复核	0e38c69d7a20aec84303245f90afa6bb61e91816d90789fa7aa854cbf7230fcc	f6776f0f7ae0eb7bbe5dde98016ac0b66619a1e51910e0d5dd97e870dfcf4375
word_6f4395bcd8f8	sweat	repair	{"example":"I was sweating after.","exampleCn":"跑步后我出汗了。"}				space_before_punctuation	现有中文例句、本地词条字段及人工语义复核	3cc19abd49f47e3069900bea0911723a8f1eb0bb922f7e2af68d7dc024a2eae2	f72874cef7c16c811b7c47e4d0dee2681e4445c894f244337fe481b81614a8a4
word_919e11cc0f60	profound	repair	{"example":"The experience had a profound effect.","exampleCn":"那次经历对我产生了深远影响。"}				space_before_punctuation	现有中文例句、本地词条字段及人工语义复核	8819ff8941ae7d04a1e9aa938e81bcac8e1e09daff79b041487d5ff7a268c34d	f3f3de89e107ae76931d24ee7366541af898961e0922a0f926d2fbe6ec0f0c6e
word_6a9c3dc2f918	hug	repair	{"example":"She gave her friend a warm hug.","exampleCn":"她热情地拥抱了朋友。"}				manual-priority-review	现有中文例句、本地词条字段及人工语义复核	7c184423c288704329e07260d2a9f861513491a6631bed909211de5bcc381a90	b666e66436c713e35e8136276b6421c56898262cf8803211c46332cdce82070c
word_73d7a1d2aef1	grief	repair	{"example":"She felt great grief after losing.","exampleCn":"失业后她感到极大的悲痛。"}				space_before_punctuation	现有中文例句、本地词条字段及人工语义复核	2110ed163fc978f14168de0b18684ec10da98aa416a6818c3ea8bc2d22b8f8d3	66c3fd5ff76c27ebaf04a53d7fc513252f94730c95e8e516cda02cf35cffa423
word_2930d7e4b3de	wagon	repair	{"example":"They loaded the wagon with the matter.","exampleCn":"他们把干草装上马车。"}				unfinished_example	现有中文例句、本地词条字段及人工语义复核	46cda0e789dd97a69a8c4a19f2f056f444174c6c3bcbc864dc85a8a4ff2e4394	8c431a7a09ab092578566d31ed421f5deb1f44243d1729e5326c094bdd7461a8
word_3dffc494661d	jar	repair	{"example":"She stored the biscuits in a jar.","exampleCn":"她把饼干放在罐子里。"}				unfinished_example,space_before_punctuation,manual-priority-review	现有中文例句、本地词条字段及人工语义复核	347fdf30ee6a467796163e238275a0560e40e0f879aac1680e58986bd54dbea1	1f6819059b52140f0a2115f4769c35c9b1d2c561982f0f6e084133dcfe04c95d
word_37660b61d944	breeze	repair	{"example":"A gentle breeze was blowing from the matter.","exampleCn":"一阵轻柔的微风从海上吹来。"}				unfinished_example,space_before_punctuation	现有中文例句、本地词条字段及人工语义复核	f514c1b0a5fead1aa0dbcffac72471cc720bee28980341572f31805502303c12	2e40773c2e222b81f7592a2725105b73100d17c32b6d7795ba7356e2cad6987c
word_7537e5c3acc7	icon	repair	{"example":"Click the icon to open.","exampleCn":"点击图标打开应用。"}				space_before_punctuation	现有中文例句、本地词条字段及人工语义复核	037613deaa1b1060646715490db85de4a901f6f302835ffd99728e6b4854b1f2	34f10cb3ae37f048dfd499ffc863442462b4643b81de37da17911d595238935b
word_fe32eb601c54	fierce	repair	{"example":"There was fierce competition for the job.","exampleCn":"这份工作竞争激烈。"}				unfinished_example,space_before_punctuation	现有中文例句、本地词条字段及人工语义复核	fda88b650a36b4753ef65f989baa547d7e3eb5661528f699146b0dc332a262ef	bb0f9c95ca8fe596b45a4bb127c793c0b576526ecb2a8c9e2ed40cfe9f09fc59
word_18e601d32167	lid	repair	{"example":"I can't get the lid off.","exampleCn":"我打不开罐子的盖子。"}				space_before_punctuation	现有中文例句、本地词条字段及人工语义复核	204ab7b02f6f42d18ac68592466c82872d1b25e7ca93d0cf7c8d5609372d3893	7c7dda704a18bc83e9313f9845bb075cf162ef5976b2c6812261386589e172c6
word_cee461e43589	fur	repair	{"example":"She wore a coat made of fake fur.","exampleCn":"她穿了一件人造毛皮大衣。"}				space_before_punctuation,manual-priority-review	现有中文例句、本地词条字段及人工语义复核	cd664bad9c61d4f594db832431e769a36a62f6ea5d67772e5c591d8def9fbbfe	b0c771770db7a648c03f70f9ccc159ae598ce5b26e5dce79618197a1b4394e4e
word_1aa56631a463	enact	repair	{"example":"The government enacted a new law.","exampleCn":"政府颁布了一项新法律。"}				unfinished_example,space_before_punctuation	现有中文例句、本地词条字段及人工语义复核	c65f7fb2565ee942055a923b370aefc500a8c5927b486d26b6e97ea393983676	b77f3d18dfe4028a8599586adbe67b0eee14af4d22a984e7a503cb8cb0cc0752
word_5769534f3d22	prevail	repair	{"example":"Justice will prevail in the matter.","exampleCn":"正义最终会占上风。"}				unfinished_example,space_before_punctuation	现有中文例句、本地词条字段及人工语义复核	b831ae8281de4ed52c6b53daeffb8efe6b917fbd4c874866f709a7657c2ef579	23fa61f0ff23bedd73ebf4414bc2a16c4c261464a02c0d62eb034c6901c14baa
word_a986a2178234	spy	repair	{"example":"He was accused of being a spy.","exampleCn":"他被指控是一名间谍。"}				space_before_punctuation,manual-priority-review	现有中文例句、本地词条字段及人工语义复核	f4f3a01f21811c3bf3d3429703b9b69af675a3d9d8733777be0aec0b92474b9c	5d64436d08bebb409e44cf9cf47cf1ffcf81e18e24f5ac35d16f5ddf9f805e2c
word_5c0692fe8305	cue	repair	{"example":"The cue for the next speaker is.","exampleCn":"下一个发言者的提示是点头。"}				space_before_punctuation	现有中文例句、本地词条字段及人工语义复核	b584746a95fc86b9ecf9cdb102183b26ed92f22b58bb8046285eaf6a00df8b0b	008b9486e3b01861bcae1d17a43764b7a8b032bcea25c0c166a26aa573f1b104
word_413260ea154e	thief	repair	{"example":"A thief stole my wallet on the bus.","exampleCn":"一个小偷在公交车上偷了我的钱包。"}				unfinished_example,space_before_punctuation	现有中文例句、本地词条字段及人工语义复核	6a051a9f03c70483006ccb5711b801f36c59f8bb211c312ad8f8a081900a6fbc	cf850d1f04234d6aa48954533b34bef477ea96d4a4bbb8e0dcde75c85343b3b2
word_4da89d5f4943	dome	repair	{"example":"The building has a large dome.","exampleCn":"这座建筑顶部有一个大圆顶。"}				space_before_punctuation	现有中文例句、本地词条字段及人工语义复核	a3c5241d477d3ea6be8fb4119a019adc2b53c0fbdf56c80543c6ba341efc5bb1	595039e4ca8d0e0f1e368646848397011fc00f66ad058348bb391ff214225539
word_dc006e2ae26e	clutch	repair	{"example":"She clutched her bag nervously on the bus.","exampleCn":"她在公交车上紧张地紧握着手提包。"}				unfinished_example,space_before_punctuation	现有中文例句、本地词条字段及人工语义复核	c9a8df58b9b0fdea3f9940350108b2722f5fd48a18cc86d073aff853ea0b0bf7	d9031953b43a75033d82b69b93dbd08a54b51cee352ed4acd5eaa4c5ad62589c
word_711a119c7c2c	comet	repair	{"example":"We saw a comet in the matter.","exampleCn":"我们在天空中看到了一颗彗星。"}				unfinished_example,space_before_punctuation	现有中文例句、本地词条字段及人工语义复核	c92c092bd97580cd6db6a49683d90623889b85c3904508354b154365ecfb952b	e31542aba5e6a2d029d7126f3c8c3eaf9347b8f75bfe49832d249dbaf74dcdd0
word_31fb90bbc557	cocktail	repair	{"example":"We ordered cocktails at the matter.","exampleCn":"我们在酒吧点了鸡尾酒。"}				unfinished_example,space_before_punctuation	现有中文例句、本地词条字段及人工语义复核	e5118abce06f15574a60678be863c5d7a9d9a375bb3451a13ab46587da17e821	79fe4e69599428760a47e9d158995ceabf6204998d41fd1afb4c8fc0bd2bf06f
word_f8ec71a108b2	explosive	repair	{"example":"The police found explosives in the car.","exampleCn":"警察在车里发现了爆炸物。"}				unfinished_example,space_before_punctuation	现有中文例句、本地词条字段及人工语义复核	e9d306419db9cf67401c956d8eb323f1cdbc7cc395509d868303f5a7a51d5660	a5f6138819f53df6e24eaa295d0a20d0b50ca127086bd77379788959f14c2d4c
word_f9ba1c84b2d1	mosquito	repair	{"example":"A mosquito bit me on the matter.","exampleCn":"一只蚊子咬了我的胳膊。"}				unfinished_example,space_before_punctuation	现有中文例句、本地词条字段及人工语义复核	1595bad7f553836eb2d3403933319fa6fbea0491b12136427613d98fc743369f	e0931c20d6a655fddee2408a9ca7b11dfa3dd2c1a47425fe61dd3df95c7b2c73
word_854b3112e33f	underneath	repair	{"example":"The keys are underneath.","exampleCn":"钥匙在垫子下面。"}				space_before_punctuation	现有中文例句、本地词条字段及人工语义复核	84db4720fa3d814488fd566afd77302c37c2ae0d124bf5a635805b69b8f26b40	c29339a00f904c2e13881d477d298b001c77a9ca1ac15ec08696d1824b3c91b1
word_159ed86f9931	wit	repair	{"example":"Her quick wit made everyone laugh.","exampleCn":"她的机智逗得大家发笑。"}				manual-priority-review	现有中文例句、本地词条字段及人工语义复核	36f7c31282e4eae283298ea54beb9e7a0334db18e705f36ec6533a83b03d710c	b439f64db8a0e730467fd034222a764d6ec580432e28a94dc097df55c7019495
word_689eb23de111	bout	repair	{"example":"He had a bout.","exampleCn":"他得了一阵流感。"}				space_before_punctuation	现有中文例句、本地词条字段及人工语义复核	a2581ba675059c547f15da2319e2f48ffad5c910754b1e07c236c7448016fe45	f5ca2f45d22c1e046cbb35fd71e2c8f1b43e347f8b378b21603601889643df13
word_f39fcc604a94	temptation	repair	{"example":"I resisted the temptation to the matter.","exampleCn":"我抵制住了购买的诱惑。"}				unfinished_example,space_before_punctuation	现有中文例句、本地词条字段及人工语义复核	3474ebb560a9a08275d071e7dc8d218e11cd34bef629c4197523a4bce0536add	4f481527d6e551c7c474328be6aa1646f2cff19c1fe86b2dba5a4636b32b0c1c
word_67ae877d35f7	arc	repair	{"example":"The rainbow formed a perfect arc in the matter.","exampleCn":"彩虹在天空中形成了完美的弧形。"}				unfinished_example,space_before_punctuation	现有中文例句、本地词条字段及人工语义复核	647fbf3d5ddabd8be7d17ee98dcd04ef8cd9a8646deb1d761b457152b9935461	c81c9f364fa5c3b0c86e39463e14c052d56699e2c9f42356e8a20d1c7e03ac08
word_107379ca1133	tattoo	repair	{"example":"He got a tattoo on the matter.","exampleCn":"他在胳膊上纹了身。"}				unfinished_example,space_before_punctuation	现有中文例句、本地词条字段及人工语义复核	8d7bf94f29b5d3087b35ba75156f3065aefd93143d163dbaab37f4d174f77c68	7873096cf7150d830cc6b34874d5cb8051d89cc0815dbd645ccc532912c5c451
word_ab9f8f957fa6	ripe	repair	{"example":"The fruit is ripe enough.","exampleCn":"水果已经成熟可以吃了。"}				space_before_punctuation	现有中文例句、本地词条字段及人工语义复核	8cd99ee92beacab3b6352e45c45735c152df32511178f81dbb76f00c0f86ce5b	ef67d80116e4603bb0fcd79aacaf0c43a13de0f804b2dd82aa16fa7311d5d938
word_977a47f280d5	mold	repair	{"example":"The bread has mold.","exampleCn":"面包上长霉了。"}				space_before_punctuation	现有中文例句、本地词条字段及人工语义复核	7ca722284e71536b826e796f6209219bba824d529a498b225cfe24bd59654a61	b71973bbdac7b2e579e12f96621c0af131edbf287940d59d2530acd44e261431
word_873bbc2f08e8	mug	repair	{"example":"He poured coffee into a mug.","exampleCn":"他把咖啡倒进马克杯。"}				space_before_punctuation,manual-priority-review	现有中文例句、本地词条字段及人工语义复核	8888f07471d792aef154788129bbd74f8092d2b7de48400d4ba9c4d0ef8a82e4	b811576f25478f9d61609bc927ab5a38f9827e57da3e99c71bd227ce0292d715
word_df4f18b2185b	mustard	repair	{"example":"I want mustard on my the matter.","exampleCn":"我的热狗要加芥末。"}				unfinished_example,space_before_punctuation	现有中文例句、本地词条字段及人工语义复核	6b7c0bcebf6b8880ae9e6de8f12ea25d1a0c8a24832bc645ef08575d0dce74c0	0d3ba2d462ba86e51b5b2de46245cb28a49815288b1e9c24c1e5dc59e48eafc3
word_39e7af709d62	nickname	repair	{"example":"Her nickname is 'Sunny'.","exampleCn":"她的绰号是‘阳光’."}				unfinished_example	现有中文例句、本地词条字段及人工语义复核	1ecabd70bfff2f8fee252cdb3dbe57039618377cb71d35674df899d8b30aab32	44a745749eed68325996664ab424e417d7fc8afa3b55e884d3c00fb03e26af21
word_75acf512113c	quilt	repair	{"example":"She put a quilt on the bed.","exampleCn":"她在床上放了一条被子。"}				unfinished_example,space_before_punctuation	现有中文例句、本地词条字段及人工语义复核	1164a11dc11f7c7a35aadea7fd0c97f1fb343a4c48fc5896cc1ab551a2014719	b21ab6b6443db3eeb4193d06d57a2e974db25f01a14ee0c65585835a41396c4b
word_cd06d1637ad6	asteroid	repair	{"example":"An asteroid could hit Earth.","exampleCn":"小行星有一天可能撞击地球。"}				space_before_punctuation	现有中文例句、本地词条字段及人工语义复核	9d945ea254ab2f341e92be6a2c5dceec8d62ef1a887acd72e11a1094e5c09038	dcf111a323cd997e19a7143f1fa17245d237229d656c31be640a91d0c3a0cef5
word_11edd92ef755	fearful	repair	{"example":"She was fearful of losing.","exampleCn":"她害怕失去工作。"}				space_before_punctuation	现有中文例句、本地词条字段及人工语义复核	6b806218a77d5249391ef3213b49f52c13096c77cd7aa15e4e3ea3bdfd0b2a77	28485f9c39fb51e43c3149254a57d94685a963fd5de89d2516a42acbd7bbe968
word_1d8cca246edf	prototype	repair	{"example":"They tested the prototype of the the matter.","exampleCn":"他们测试了新车的原型。"}				unfinished_example,space_before_punctuation	现有中文例句、本地词条字段及人工语义复核	ba2011e0478a33eb6d2b0810f5ecc9bf66628dec293dd7d41e7be7983ab99146	57e1344e6603c2f9f18638e1fb28cd7c037cdaccc7ec28a6cb9a768917c56e94
word_016948cc39c2	den	repair	{"example":"The fox hid in its den.","exampleCn":"狐狸躲进了洞穴。"}				unfinished_example,space_before_punctuation,manual-priority-review	现有中文例句、本地词条字段及人工语义复核	f1bc0e9f7e3ad3265ed22e418c245a7695dbff059f9c77c4dfd4864b862ac58b	9ec7e30121d5e7022df12dbf9b3b4aced8b7cf2594f380a88bc190219d417614
word_721f12dcac68	jealous	repair	{"example":"She was jealous of her friend's.","exampleCn":"她嫉妒朋友的新工作。"}				space_before_punctuation	现有中文例句、本地词条字段及人工语义复核	bca7e133b06e21c6b819399f698c08c336e10c4cc98ae0cc52a252da59e129fa	16322061566c6b408bdf1dd4274397be4eeb5002de90256a297fa7eb1bb0af8d
word_506b592267be	dash	repair	{"example":"He made a dash for the bus.","exampleCn":"他冲向公交车。"}				unfinished_example,space_before_punctuation	现有中文例句、本地词条字段及人工语义复核	6ec8f317132332e4974fabbb4fc9b1e2a9439781bd7f602d1a4718531775ef40	cb702e344c2387e58c647ff281bb9ba6ea4de1c3cf0ec19bc178f3f525db0619
word_c55f23d20c89	policymaker	repair	{"example":"Policymakers debated the new.","exampleCn":"政策制定者就新税法进行了辩论。"}				space_before_punctuation	现有中文例句、本地词条字段及人工语义复核	e8379fadb47c58718c2f928bca0fa0e02f88fe373700fb74c930fed105c14363	946da8bb08ef935d6e4b6835ab64f3f58c2e559ce3651d8edc3d1ba1455a45a8
word_e1bc6907255a	hub	repair	{"example":"The city is a major transport hub.","exampleCn":"这座城市是一个重要的交通枢纽。"}				manual-priority-review	现有中文例句、本地词条字段及人工语义复核	b6bd794762792984538f0046c89c946210fa7e9bbd2ae3fc0291727a6628569c	5ed1b613269955d4ce2a93cfce8e71badd0439c9f33fc0ee9ab11c0307b5cdd6
word_ea77e48ee401	contender	repair	{"example":"He is a strong contender for the job.","exampleCn":"他是这份工作的有力竞争者。"}				unfinished_example,space_before_punctuation	现有中文例句、本地词条字段及人工语义复核	a39aee240f93401fa193b87f9e8daf9a84e64ae332896e5466a043bd04d41019	97edaa6ff1ccc9e20244e0120f821d2c9814b27839502a7620a319b2ae3ff33b
word_72c30a68cff3	prestige	repair	{"example":"The award brought prestige to the university.","exampleCn":"这个奖项为该大学带来了声望。"}				manual-priority-review	现有中文例句、本地词条字段及人工语义复核	7c06bd79800b075e19b9cfca488dc7a7a192a6cf510ec4558452a1e181e299b1	fe54bb136227372843387334788ff19140e0985c5a32664356bd5522de2255a1
word_80a34bc91c0b	siren	repair	{"example":"The ambulance siren woke.","exampleCn":"救护车的警报声把我吵醒了。"}				space_before_punctuation	现有中文例句、本地词条字段及人工语义复核	76ddfebcc9543de8550c81d046f46b010e491d2e29bf35dda05e0058bd89e9ed	85f8bdf65c44580798d5e3b12bc0ebeb94942d280da00a8b20f5f1dcda93addd
word_b94060c424a7	referendum	repair	{"example":"The government held a referendum on the new law.","exampleCn":"政府就该新法律举行了全民公投。"}				unfinished_example,space_before_punctuation	现有中文例句、本地词条字段及人工语义复核	6132ea1a3a74a47f93f3427daeec78219f1f26707b56910146ccb33190192bf4	46ff80413762fa879da44570016cca4dd904605ab86204437a13859a0d0faece
word_b02369315b85	discriminate	repair	{"example":"Employers should not discriminate against applicants based.","exampleCn":"雇主不应基于年龄歧视求职者。"}				space_before_punctuation	现有中文例句、本地词条字段及人工语义复核	7d0aa6e5ae62b243f0b251605b7b06a2208fe5450405971602f72c5aa00cfe24	2efab5ad69d6fd5dab90e0f1230d40477a63a5ace277fdb0abd77b26f533f327
word_182c7dd578fe	brightly	repair	{"example":"The sun shone brightly.","exampleCn":"太阳整天明亮地照耀。"}				space_before_punctuation	现有中文例句、本地词条字段及人工语义复核	e12fd75ebd8fabff0a3b5f82400c34359b5f20beeecdeee4755e8ae9536c2518	8cd52c71cb1f3594bbaaa08483cba7bc07d074a3c07770c81cdf27f2a8ec1d25
word_365be54203ec	sleek	repair	{"example":"The sleek new car caught everyone's attention.","exampleCn":"这辆光滑的新车吸引了所有人的目光。"}				unfinished_example	现有中文例句、本地词条字段及人工语义复核	fa2f2120a72c26fc7aba6dabc3645465c7288c65c39f6ef8af11414639ceeb5c	497838a5dc5b9e04d011b6c7e15c2e16dc393a88969a93eecb6d353122d9003a
word_58bc8cea4db8	awe	repair	{"example":"The Grand Canyon filled me with awe.","exampleCn":"大峡谷令我心生敬畏。"}				unfinished_example,manual-priority-review	现有中文例句、本地词条字段及人工语义复核	83c5e55ce86bfe20925f7a60f022923be847f0b45af3c799d5ea4805fb5ceaf7	af6048980b4d7c4e5eeacf90b3f0a30df72cf038a121565c6263ef857a867b2a
word_75abdf4e2b8c	informant	repair	{"example":"The police relied on an informant for the matter.","exampleCn":"警方依靠线人提供线索。"}				unfinished_example,space_before_punctuation	现有中文例句、本地词条字段及人工语义复核	e2a049adbe8ff2f2b08449e6ee4229b6d5475ff84ba8ff66d9ff6112ecdd8e39	f8cf7558c2436ff0daaf8f7ac7f528a04420fd800825aac53f5257a33d12ba87
word_ff17b1a59230	sob	repair	{"example":"The child sobbed after losing.","exampleCn":"孩子丢了玩具后啜泣起来。"}				space_before_punctuation	现有中文例句、本地词条字段及人工语义复核	c3ecacadde23486d9ed67b20ccaf9dcac34eaccf7285748adfa6eb058b0e81b9	83f9078a3baacd72e92fc5729f504b265d88703245a63c2b82c1b64d2c236bc5
word_66d134bedd7b	visibility	repair	{"example":"Visibility is poor due.","exampleCn":"由于大雾，能见度很差。"}				space_before_punctuation	现有中文例句、本地词条字段及人工语义复核	d54b25c4c27d14318014ed42de20de12a379a12cbdc390e45352ad4c6489805b	bade1b88cf7354205bc84a92113f15e26895f1ded836e60449d053201d4f2ca8
word_e8ab83444ab1	veto	repair	{"example":"The president used his veto to block.","exampleCn":"总统动用否决权阻止了该法律。"}				space_before_punctuation	现有中文例句、本地词条字段及人工语义复核	c7c3afc774178747868210a131b3a56ab5ca5e1f3d4f43d02f6a30955375938a	7f4b1ef85ab7c74f277849685cd0a90a2ece0524bbb6d8f85e450d5f6239030b
word_b10a7103aab0	ignorant	repair	{"example":"Many people are ignorant of the new law.","exampleCn":"许多人对法律无知。"}				unfinished_example,space_before_punctuation	现有中文例句、本地词条字段及人工语义复核	3308d0b631682081c6baca956057c9340152e330dd0a01019a214c940c9f38d1	63cda56ff14d57019d6ebdd8b9f5d5a83ae0fcb7df7a03232fc22549b5443b1e
word_1cb4dfb54cf6	sideways	repair	{"example":"The car skidded sideways on the ice.","exampleCn":"汽车在冰上侧滑。"}				unfinished_example,space_before_punctuation	现有中文例句、本地词条字段及人工语义复核	972e1c9254a036092f59759826cf63056498a36e9b5c87e2e2353395f394dc31	271ce39d069e0ae1e97819e70099c19625a1f4be162618b281da89dbb3adf748
word_d550272551ed	revolve	repair	{"example":"The Earth revolves around.","exampleCn":"地球围绕太阳旋转。"}				space_before_punctuation	现有中文例句、本地词条字段及人工语义复核	513175c24f0ce31b9816ec506cc2b2da978ee39be93d20cac2c23e66f0029460	0b9fb67ea12a5a971e4c57be3238624b292be5d674ab2c86b383e72153362d6f
word_fe22c4db4a43	persistence	repair	{"example":"Her persistence paid off in the matter.","exampleCn":"她的坚持最终得到了回报。"}				unfinished_example,space_before_punctuation	现有中文例句、本地词条字段及人工语义复核	ce61e9efb5f024c7b56c491400ce7a481bc707db59a69014c43fb44a61a279e1	b2a9f7bac9cc11f05cc50e3169fc8b27f041ad58ae3d3ca5bd07cdb201399d55
word_727635274570	liberate	repair	{"example":"The soldiers liberated the prisoners.","exampleCn":"士兵们解放了战俘。"}				space_before_punctuation	现有中文例句、本地词条字段及人工语义复核	7b33c574fb6d4f6099bbc3f47f90319bc60bb2ce78198cddf3be9e574801eca4	d9fda835c06fddfffa5ec005dc1c4f00ae6bed6dcb041215b092a9a4cbf1fe0e
word_8030229bacf2	vastly	repair	{"example":"The new system is vastly superior to the the matter.","exampleCn":"新系统比旧系统好得多。"}				unfinished_example,space_before_punctuation	现有中文例句、本地词条字段及人工语义复核	32bf16912a02262824b7ec4eeb291ff93d21d44a18b3deafa04c45a911af870b	fb55e9e0bb816baacce6e14d1373b6fb7dd66e5c09bd15d1920bf9f55cfc0e2d
word_6ab1d184277a	escalate	repair	{"example":"The conflict escalated into.","exampleCn":"冲突升级为战争。"}				space_before_punctuation	现有中文例句、本地词条字段及人工语义复核	59198ffef33622d15a91e212831dcca3f09904ca4d388732c2633813d1b5db95	07493a46e4c4f6d771aa471d4bcaf0482eef0f1626c6bd3d79dbd6451152d8f4
word_dcb653f068dd	bathe	repair	{"example":"I usually bathe before going.","exampleCn":"我通常在睡觉前洗澡。"}				space_before_punctuation	现有中文例句、本地词条字段及人工语义复核	a03f784f186b3683c20ca72e1a1bb7104caa28e3dfbc6fab0ec24c3b51b26bae	5c442d587494fee6f48127c7a2826f82a0bf2fdf61a7a830cbf959b326561da3
word_2a295fc2ae15	bra	repair	{"example":"She chose a comfortable bra.","exampleCn":"她选了一件舒适的胸罩。"}				manual-priority-review	现有中文例句、本地词条字段及人工语义复核	fad2258ef39e7cace25715745454b8bd002abebc692edba3e3328922ec58936e	492818594b7ce777c6135f8af1cfaa12a90c7acec8403f0a7d58cb4ee60626e6
word_f460c72fa767	bruise	repair	{"example":"He had a bruise on the leg.","exampleCn":"他腿上有一处瘀伤。"}				unfinished_example,space_before_punctuation	现有中文例句、本地词条字段及人工语义复核	ed115a2f72ec200cfe558d89b80655f586acb1d58aab4d5603abbbdea4294437	a7f604bb4d1b2c73046ae62920925bbb956de927368b9405f3eaed3c978d0c72
word_9c145db5ced5	pollutant	repair	{"example":"Factories release pollutants into.","exampleCn":"工厂向空气中排放污染物。"}				space_before_punctuation	现有中文例句、本地词条字段及人工语义复核	93d6f97f89314ba20598986a3e3ea7acd00dd83e4c208e30b18c10f9a55ed159	2e709e9fd2ac20fdf4e3d94f1cceec873c784bcaa973ef61e6d21c31d934abc3
word_789a240c4ef4	ordeal	repair	{"example":"The interview was an ordeal.","exampleCn":"那次面试对他来说是一种煎熬。"}				space_before_punctuation	现有中文例句、本地词条字段及人工语义复核	c6e73a5914e026b6ffe75155d182b4b065e8f2cec1b6896e58c1509f01665a37	50a972655f01d6d25164c0786af2456bc01f9cd58e94d18c55ca198461172020
word_57b71d7a8dc8	conjure	repair	{"example":"She can conjure a rabbit out of the matter.","exampleCn":"她能从帽子里变出兔子。"}				unfinished_example,space_before_punctuation	现有中文例句、本地词条字段及人工语义复核	545dfc44401ba6849bb42ca66fd80c62a72b5be996c455a5b9d2e81bd2afac81	26b15ca52426a08d1a69c57620f7119fd29e4fd1fc2599ee63d88e74bfd10598
word_11a9c3b108ce	nudge	repair	{"example":"He nudged me to wake.","exampleCn":"他轻推我叫醒我。"}				space_before_punctuation	现有中文例句、本地词条字段及人工语义复核	c4c0863da1a7164fca9ea91e44beb1018056990ab9dbd0f2fe42a0e9086b13ff	2f0fac908e1184645ce13b12e0e53d2d697d88f72ad852927fb0d79916dd8326
word_3d6449ca68ba	offshore	repair	{"example":"They work on an offshore.","exampleCn":"他们在离岸石油钻井平台上工作。"}				space_before_punctuation	现有中文例句、本地词条字段及人工语义复核	93e39d4fa983ae01e469beaf6b5407a876fa5a07c48141ecdd6ffa69c8801227	5279503fd4df54704c725f9b1cb6eaa980bd389186cfb76fb4eba9073ce7629a
word_bb4e947548d5	pedal	repair	{"example":"He pressed the pedal to stop.","exampleCn":"他踩下踏板停车。"}				space_before_punctuation	现有中文例句、本地词条字段及人工语义复核	ff7c1ea6af8a52060d1ebe476c0373eed74958771316d2738f433f7ee43a1463	551682a6582cbdb8c1e49bc9d8c34b606d0e7f83d1106af8b04c23a6f6901d2d
word_2f3243a179d4	gem	repair	{"example":"The jeweller found a rare gem in the box.","exampleCn":"珠宝商在盒子里发现了一颗稀有宝石。"}				manual-priority-review	现有中文例句、本地词条字段及人工语义复核	565a4c31466b6a2f6f94a46364159389ac49f9f28967955e14288288629e14f1	83df703eda9f6fa4b0f5a37ece01c039fa3ea22535998518a2a239dc43dedcbd
word_1754e4765e8d	hawk	repair	{"example":"A hawk circled overhead in the matter.","exampleCn":"一只鹰在头顶盘旋。"}				unfinished_example,space_before_punctuation	现有中文例句、本地词条字段及人工语义复核	d44973dd6fa5788c453431602a462885887746c099f7341e5a9b9e0161cbb4a7	075fc8447f15ec88e0f0e9c07fb42887c7d63d32fc48056ec0f3d6cbdc93392a
word_4a0f6fad2e07	eve	repair	{"example":"We had a party on New Year's Eve.","exampleCn":"我们在除夕举办了聚会。"}				unfinished_example,manual-priority-review	现有中文例句、本地词条字段及人工语义复核	84e77c151931241ef4c96d06ff37d899a9f8ff53537925a24c288be7575c096a	d4ce82f0ab93d09f873b306b1e9394051b0d83c67d31f01b08198e142ef3e4a6
word_e04a2cc73e6f	brag	repair	{"example":"He bragged about his the matter.","exampleCn":"他吹嘘自己的新车。"}				unfinished_example,space_before_punctuation	现有中文例句、本地词条字段及人工语义复核	09b6978c9915330b6cda69173bfc7f5c5db34a204fb3b0c96f051767bf9ac44d	0b4ac22df7e21a94ea8208eedeb55f628f4a27cad1e7dc2ad97303d62a489b5b
word_a9aa09fca88e	brew	repair	{"example":"I'll brew some coffee.","exampleCn":"我来给大家冲些咖啡。"}				space_before_punctuation	现有中文例句、本地词条字段及人工语义复核	0cd74f4660304545561317ba3c5ab301b381829751a5bc0f9566c8f6091d738f	150053e14e061040c6cb2eca1238b268a94ee096bad10a1249247c96793194c6
word_e6d7f98867b1	litter	repair	{"example":"Please put your litter in the bin.","exampleCn":"请把垃圾扔进垃圾桶。"}				unfinished_example,space_before_punctuation	现有中文例句、本地词条字段及人工语义复核	d5cedadea92d34be4e8a2e8f6430454d722ad412b016c5be3d2077198ac82d32	227380ab6eae9f4d5ec7118fd5cb23c6239f2a330488e27fdc14ffbd8b1b8b36
word_8b5d1f38bfe8	accordance	repair	{"example":"The contract was signed in accordance with the new law.","exampleCn":"合同是按照法律签署的。"}				unfinished_example,space_before_punctuation	现有中文例句、本地词条字段及人工语义复核	ee5176386bee2bdb135d419cc4d5c43929a146735ff44aca1793261447d9f62e	d2420e7493447dfa35d232f07101861de8c18477cf65db1b6274268771314799
word_37972a34ae77	chill	repair	{"example":"There is a chill in the air.","exampleCn":"空气中有一丝寒意。"}				unfinished_example,space_before_punctuation	现有中文例句、本地词条字段及人工语义复核	996e1a82e255755dbe4885a18a2ae18283f3f0a0149db872b68539ee20d12812	09c2d28af3194490ff73456256780974cba05a1125431e0e168b59ace6b8c1c3
word_f73927a38b74	woe	repair	{"example":"The economic crisis brought misery.","exampleCn":"经济危机带来了痛苦和悲哀。"}				space_before_punctuation	现有中文例句、本地词条字段及人工语义复核	23b17dba1ff4e6986249bcd3c9aa308c2bf7cc8273047ce8a6f50edcc215d477	97de8dd420e6485602eba882532c8ce9923be6dd9981be21db6b1fa11e75b652
word_80c18d94f2cc	sting	repair	{"example":"A bee stung him on the matter.","exampleCn":"一只蜜蜂叮了他的手臂。"}				unfinished_example,space_before_punctuation	现有中文例句、本地词条字段及人工语义复核	095e0bf64bd8db1838165fe3eb012a24bafc32ca8f68b5de133ffca84d6babcf	3db1cb886878a126b5afb7d92de42affbb9e1fbde0c62e1fd1e9fe95cc191547
word_21371eff0c31	patiently	repair	{"example":"She waited patiently for the bus.","exampleCn":"她耐心地等公交。"}				unfinished_example,space_before_punctuation	现有中文例句、本地词条字段及人工语义复核	9db793c1f0c802ff38425787087e6285dc2fdc1c1523904a0a8e4a4c3e3985f0	8848880e4221adb0603a69470f8d0a861d0f1b07c464b325bdbfb023b63bffae
word_32d6e791977d	pod	repair	{"example":"Each coffee pod makes one cup.","exampleCn":"每个咖啡胶囊可以冲一杯咖啡。"}				manual-priority-review	现有中文例句、本地词条字段及人工语义复核	6059401542dbc0a4bc00f69214ddd1768af86763598529e0f1fe1c100c93fbcd	5d47b1dc748ad707c412182502362fb7bb6a8fe80c8bdac40c19ad2dc933323e
word_5ed429e84034	lag	repair	{"example":"The video call began to lag.","exampleCn":"视频通话开始出现延迟。"}				space_before_punctuation,manual-priority-review	现有中文例句、本地词条字段及人工语义复核	06e7ae42494814fecffadd0df2e1897b5f72e0d44790e90858f1c3267a2860d8	1af8816a6e62d0181361b0ca5fab825118c05645f93dfe078e221bd97d458b29
word_48b80c22424a	dazzling	repair	{"example":"The dazzling sunlight made it hard.","exampleCn":"耀眼的阳光让人看不清。"}				space_before_punctuation	现有中文例句、本地词条字段及人工语义复核	f28e195f1a1cfec596157293bc3aab0f461270dd12105867ec2122e751a035d5	33004b12982aac4f244a9dfb165d1a5c3a2b5b3e5c020de66ffb80c2967da8b0
word_d4440d83d870	sprint	repair	{"example":"He sprinted to catch.","exampleCn":"他冲刺去赶公交车。"}				space_before_punctuation	现有中文例句、本地词条字段及人工语义复核	a86a61dad1d8fd35d97f9837491dfe80a5d94af54e5ec5379b5d29a7cc6cc117	e209604e3a36bb23794bc156948a5e4ca54f41b890da0d3cad248ac3986f0ab8
word_34f45adc1d25	lighten	repair	{"example":"She lightened her hair with the matter.","exampleCn":"她用染发剂使头发变浅。"}				unfinished_example	现有中文例句、本地词条字段及人工语义复核	42a7e8a8bd3a2f93552c5894a548c4b640552de9c164eeb6758987ae149977b2	854095e362f9310c10788f545c8028b70b4549862bb7f1096fe16e81407b6b79
word_e4532ba82ced	brutality	repair	{"example":"The film depicts the brutality.","exampleCn":"这部电影描绘了战争的残酷。"}				space_before_punctuation	现有中文例句、本地词条字段及人工语义复核	c2b56a7cc891ccd6176a0494bd02aaa2a061ebd48ae50af0e2578092fecfda74	5d4adc95386f5b24b5a8cddff40f81739f3290433dce1a57c0628e155426961a
word_86310505fd0a	paranoid	repair	{"example":"He became paranoid that his colleagues were spying.","exampleCn":"他开始疑神疑鬼，觉得同事在监视他。"}				space_before_punctuation	现有中文例句、本地词条字段及人工语义复核	54c205193d54ba749ca615db43302f3ee8159b5fb3c952ca2919fb7f2932c746	e6617c9d28c78ba9ce69fec8353978b01ec457f9ce99215c850f36fcd3965dac
word_8babd4397cfc	exhale	repair	{"example":"Please exhale slowly into.","exampleCn":"请慢慢向袋子里呼气。"}				space_before_punctuation	现有中文例句、本地词条字段及人工语义复核	a7844ddce415d6c2ecee7bbb6ac5971ba69119f5b16cc10a5ba375c2912896a8	9eaca27e566f760f70393b1729d1d76958ed557debb6769ab1b214dc7e7b6487
word_079309bf819b	reunite	repair	{"example":"The family was finally reunited after.","exampleCn":"战后这个家庭终于团聚了。"}				space_before_punctuation	现有中文例句、本地词条字段及人工语义复核	8dc3e922523cbe66960e1c87a78504c2a821f81b937b93d4085ba9b4a96a670c	0f1912f1773015e67d06f9bf6404c949420c976819e10509d2837cd39df6e982
word_dcb4148273d3	chuck	repair	{"example":"He chucked the old papers into.","exampleCn":"他把旧报纸扔进了垃圾桶。"}				space_before_punctuation	现有中文例句、本地词条字段及人工语义复核	2383aefc8918c9a5374d3e5de461fd1af13e2db7eb8bce6a65bc8f6c1f5b670c	64303a3c0fc0d314738e6a5ae9b70367bbca4a0b16194cb84bf5567f253fb3b9
word_a334dd65e7f1	preoccupy	repair	{"example":"Work problems preoccupy his mind.","exampleCn":"工作问题整天占据他的思绪。"}				space_before_punctuation	现有中文例句、本地词条字段及人工语义复核	8cc57a76c5421a69af70473172a98660f00dfc13cb420bdeb73cda28949e97b7	58292a40768b343b2bf952810befd2aeef472f593f7601a49c09f2fa64a4beca
word_92620ad35193	thought	repair	{"example":"I thought about the problem.","exampleCn":"我一整天都在思考那个问题。"}				space_before_punctuation	现有中文例句、本地词条字段及人工语义复核	04287fae7e47480152e26f9f2bf0eda07d88ecc1d3e6ca7ba0481d1be0e0f5b9	182dac9c7713aed533938fe3085991ae68a4546c2d2ea4b50007a56120bdad81
word_a29d66dcc711	concerning	repair	{"example":"Please send any questions concerning the report.","exampleCn":"请将有关报告的任何问题发送给我。"}				space_before_punctuation	现有中文例句、本地词条字段及人工语义复核	c99f35814077234d8d3338232a4e71b6246a3ccffe5f537206f530b10b16bc36	3e982fa4635d07e21f0d43f546db3609da700d39e5cde33fe3b22f7de46ce1b7
word_938032bf7e4b	trading	repair	{"example":"The trading floor was busy.","exampleCn":"交易大厅一整天都很繁忙。"}				space_before_punctuation	现有中文例句、本地词条字段及人工语义复核	ee6acac7a617fd9ce3e62c524f327bcb1b25c1aef97650e147bf3adbbf8f1777	2a396e6f36ceb5a7d00fcb3dd5b696b2f757790aa09190fdd02ae13c4c8c09d4
word_b27bbc50769f	chopped	repair	{"example":"Add the chopped onions to the matter.","exampleCn":"将切碎的洋葱放入锅中。"}				unfinished_example,space_before_punctuation	现有中文例句、本地词条字段及人工语义复核	cfe5a2135ed496ff946825c35ea78a000b0d958d3d0e8d477878e599ded06d79	1fb6b2103a8ceee66423622eabea0f57ac0ab3aea12b607735cd53e14ab5549a
word_ef3414cc4dba	pram	repair	{"example":"The mother carefully folded the pram before boarding.","exampleCn":"母亲在上车前小心地把婴儿车折叠起来。"}				space_before_punctuation	现有中文例句、本地词条字段及人工语义复核	fc6f1ca8b3c717debc10bc5a4c8fd31cceed80d44c1898ff72a92b55724d889f	b62ff7e8ac8e2cc40b2ae146a79e4b4908e0c8b947f35c62ddb796aa804aecef
word_49abeea89e44	unidentified	repair	{"example":"An unidentified object was spotted in the matter.","exampleCn":"天空中发现了不明物体。"}				unfinished_example,space_before_punctuation	现有中文例句、本地词条字段及人工语义复核	ddb119e66d95157e241dbf7f52b303f9f7786932f6901d818d4de3dfd42f5192	82ce3d4bcb9a62e4d5a44b50bc9a41c45b8a8e84b33ea01dd9fe6dfcfeeef2ee
word_7c6cf214b929	inclined	repair	{"example":"I am inclined to agree with the matter.","exampleCn":"我倾向于同意你的看法。"}				unfinished_example	现有中文例句、本地词条字段及人工语义复核	962393a8e97f402631424d75d4c74830037494a6a5c85ee7c127d18f5094538e	5b0599faf4a06fcd6e3a9331ed0edc0adf23345a788d69f3c0f096a7bccfa1ec
word_d4a7a5effdb4	reasoning	repair	{"example":"Your reasoning does not make sense.","exampleCn":"你的推理对我来说没有意义。"}				space_before_punctuation	现有中文例句、本地词条字段及人工语义复核	20a6a88e6779316f7f5337430a3a169759619d423184779355bf76b209de7eb5	3f3a735e1024a6da54c1c0ea8761f2d339d5a882f2dc249bb7f62dbf5e533a21
word_417845389612	failed	repair	{"example":"The failed experiment taught us.","exampleCn":"这个失败的实验教会了我们很多。"}				space_before_punctuation	现有中文例句、本地词条字段及人工语义复核	2714a3ad5f2a8fc522aac1bc827df18109415b751877a0b3601acdac730bb2a5	1243f4a1dcdce2c168af4c26035dd7bf4c88d3e0beb56988f2369b0d176f1a85
word_02a53b679012	steering	repair	{"example":"The steering wheel is on the left side of the car.","exampleCn":"方向盘在汽车的左侧。"}				unfinished_example,space_before_punctuation	现有中文例句、本地词条字段及人工语义复核	5da1dbe0755605268481cf4a34e4028afe9141fe1028b1ca792d61d461c264e2	56f38dd96f90a1eba47cefd814701cbf5669478a60a2eb2871d1ad7b4577840d
word_2e91e11d4baa	outraged	repair	{"example":"The citizens were outraged by the the matter.","exampleCn":"市民们对新税收感到愤怒。"}				unfinished_example,space_before_punctuation	现有中文例句、本地词条字段及人工语义复核	0269f9c62c78cb758ff5742a698a4a7c51139d0e1a66bfc5cac6db83be504a41	2db14bad6eb666b6186efc720bb7a15071f1f618b6036424aae230bf9ab6bab2
word_e41e9960179b	filling	repair	{"example":"I prefer sandwich fillings like cheese.","exampleCn":"我喜欢奶酪和火腿这样的三明治馅料。"}				space_before_punctuation	现有中文例句、本地词条字段及人工语义复核	fd3557422ddf2c30da70477152dc3533c35ed02fd41697745f6c31d79141e1e4	92169f90692c59ef6378498071ffbbf2c467b56db09d50ca3c0e752b6cd05ef2
word_259bbdc209bf	called	repair	{"example":"The restaurant is called 'The Golden Dragon'.","exampleCn":"那家餐馆叫做‘金龙’。"}				unfinished_example	现有中文例句、本地词条字段及人工语义复核	4b6b4c59e9f6661f81541840d297c7fa9192b47a1808a1d831c78dfa801c08ec	80363048107520ff548dc21bb0f49b964fbc563e23c5a82f4930309d2e681b7b
word_f4cb82e04db8	ran	repair	{"example":"She ran to catch.","exampleCn":"她跑着去赶公交车。"}				space_before_punctuation	现有中文例句、本地词条字段及人工语义复核	8aef637796cab35dd1d1bfa15004bc5db66464018435da88e67b7cb817138642	f8f71d0d4c9169df5f3dbcc93c6519bdc3b904c9538031f86476e514e78f4dc5
word_7dea41d50533	held	repair	{"example":"He held the door.","exampleCn":"他为她扶着门。"}				space_before_punctuation	现有中文例句、本地词条字段及人工语义复核	5563f8a2bfb905823903bfb050e3dacae4b6d883ce14c261cc9a9b6ea94b3603	922adcd0522dbcf788e7019d25971a0dcf35a0191f73b4b836d30c61e082a6c8
word_1d76adf4c650	bones	repair	{"example":"He broke two bones in the matter.","exampleCn":"他手臂上断了两根骨头。"}				unfinished_example,space_before_punctuation	现有中文例句、本地词条字段及人工语义复核	570f7531fe9968879df2ee79f354b7f5755b90970ddd0404aa52c0078bebac8b	748735b0c040f2b3c5e22fd9867f718c251e3d263fab70a116827b8d7ea19015
word_3c516f7639de	wanted	repair	{"example":"I wanted to buy a the matter.","exampleCn":"我想买一辆新车。"}				unfinished_example,space_before_punctuation	现有中文例句、本地词条字段及人工语义复核	1bd169497913480410ee419be86f6c6f2a4f37d11b4dde9b27a4749bf14a2c0e	6f96192dc0508659e550dc6275080f74a5fe037f2c9e9e5a16dd2d76963dfb61
word_c468ea41f289	feet	repair	{"example":"My feet hurt after walking.","exampleCn":"走了一整天,我的脚很疼。"}				space_before_punctuation	现有中文例句、本地词条字段及人工语义复核	3f986a40b85c816746fe1e0a12062f66c5b31779da0543274bea39aa1d32e418	f1651b5819ce8782fa2e555b4a2021bbcebd169e103be06d43b4671fd750e38c
word_daa3b560ea5e	grew	repair	{"example":"The plant grew quickly in the sun.","exampleCn":"植物在阳光下生长得很快。"}				unfinished_example,space_before_punctuation	现有中文例句、本地词条字段及人工语义复核	3c8afa85b42ee649433af653a39aa345fb1cddba8bb806b498e2f0cd12dc5a21	8fcc089bd8a9f964f25e90c2b2a3ba7ac35ad9bbe3adc45740b7eb391a849a50
word_a8dec811f565	rushed	repair	{"example":"We rushed to catch.","exampleCn":"我们匆忙赶上了公交车。"}				space_before_punctuation	现有中文例句、本地词条字段及人工语义复核	d2bf93acab0ea216b7a9e0be5fea2fc2c13e0e5f1ed0d43cff54a94d022f8a51	56ec0f2d0c34fda057554b2bfb47eda6ff9ce0c6ddd7ededddaff27b584fc1ac
word_c087aa922afa	meant	repair	{"example":"What he said meant a lot.","exampleCn":"他说的话对我来说意义重大。"}				space_before_punctuation	现有中文例句、本地词条字段及人工语义复核	c05ade12ddf4f6341df067cfdb7d7ceef7a41da28985a5f199797342877cec9f	69d4320f7122995b26062daf697f9758b4ab5f70c16919ec1e1c8d4484e086c1
word_301994b59ab9	citizens	repair	{"example":"All citizens must obey.","exampleCn":"所有公民都必须遵守法律。"}				space_before_punctuation	现有中文例句、本地词条字段及人工语义复核	c11754b8d65b789e22f6b0cb3626ddaa1667eb472f3f3e52ffb97b8cb695a258	a14203cd7cfee0792d34addd8af3398091a4badd6b47c922b8e61dd5236b73dd
word_14ceda80ca4e	ohio	repair	{"example":"She moved to Ohio for a job.","exampleCn":"她搬到俄亥俄州找了一份新工作。"}				unfinished_example,space_before_punctuation	现有中文例句、本地词条字段及人工语义复核	c11c50713062a903423baf5a321779974b3e25120fd29883e2431421724f6e10	44d35b1dda10ca712be5974ce10f09c3e6015c82953a2dc977d32a3ff32a1db9
word_cd0442026533	becoming	repair	{"example":"That dress is very becoming.","exampleCn":"那条裙子你穿非常合身。"}				space_before_punctuation	现有中文例句、本地词条字段及人工语义复核	0bc1f97771b51d14882b50dcfdbe0294d8572ce71618efb33210af81a22e78a3	3703805ccd7f0fbe7d5a5b9ac406bef126c02b524d5e19f4d16812b8df3754ab
word_724342e02604	teeth	repair	{"example":"You should brush your teeth twice.","exampleCn":"你应该每天刷两次牙。"}				space_before_punctuation	现有中文例句、本地词条字段及人工语义复核	1e70ee00941993099177716f5258908bdeb5efe6fb08bf2f64b2cf695bfe1be9	e3a7028167e3f666b8cd7418b3a697965a5f90887aa9ce287f6bb14ebf615879
word_7bdea63d3bd9	refused	repair	{"example":"He refused the job offer because of the job.","exampleCn":"他因为薪水低拒绝了那份工作邀请。"}				unfinished_example,space_before_punctuation	现有中文例句、本地词条字段及人工语义复核	8b3e2a0463069a51969d0bc6c962506e880e135e51a7be10810f31be1532bf8b	07bb4afe95ca509013ab583b139a620123ff5dc4000493639410ff6dcaeb1655
word_077241c16ed6	agreed	repair	{"example":"They agreed to meet at 5.","exampleCn":"他们同意下午5点见面。"}				space_before_punctuation	现有中文例句、本地词条字段及人工语义复核	4f28ed4bf33bb7bd63574ba033399eb9c7389cf720807b5c415793616fa6ead4	a91669e845a3b3402cb2380525a0425a7f633079305e03799e20486c595348b9
word_dc4866b6dafa	masses	repair	{"example":"The masses protested against the new law.","exampleCn":"群众抗议新法律。"}				unfinished_example,space_before_punctuation	现有中文例句、本地词条字段及人工语义复核	b2d65d4526a4f2f6c8af79e9611ca90bf33d653d844065667186eb728a4e4186	60f3785067f5b0e69fde1ca6b11a531fdde002a23c70a2059bf00d36a9623c21
word_dc2d283a73c1	legislatures	repair	{"example":"Many legislatures are debating the new law.","exampleCn":"许多立法机关正在辩论这项新法律。"}				unfinished_example,space_before_punctuation	现有中文例句、本地词条字段及人工语义复核	0a5d90ab3bdec04870ab34ce214514958f129b85b0d05afb1f0237ead256551d	61ff40b220f76c406e812827b695d5542a1eff91b72bd6d35b2ed34092065cf8
word_da8e1ed1205b	returning	repair	{"example":"Returning the book late incurs.","exampleCn":"晚还书会收取费用。"}				space_before_punctuation	现有中文例句、本地词条字段及人工语义复核	107b5ed98a5e5d3dd6534528b37f66db63e1e22bc06b94575c5b5cf6fd16c99d	5d76235bd32ad36c421462b8ac30b82253877f21d846bb7622048341a5231f97
word_f0b24050608d	wishing	repair	{"example":"I am wishing you all the best for your application.","exampleCn":"我祝愿你在新工作中一切顺利。"}				unfinished_example,space_before_punctuation	现有中文例句、本地词条字段及人工语义复核	2693f8750be98213d667660ee40cd66005a55cb5909d9cdd1c6ab2a08a8a5e06	c456784b84516258ecdced31646eb163b769074c331e341ef4942343f2b156c0
word_67d87ecb03d9	lords	repair	{"example":"The lords gathered in the parliament to debate the new law.","exampleCn":"勋爵们聚集在议会辩论新法律。"}				unfinished_example,space_before_punctuation	现有中文例句、本地词条字段及人工语义复核	345c23a028c17e8ac510d28078a24cdc0d23efde96be9f4f1a45b8d7fa9a9573	59d2b3391ea15571e5a0ab3d67fddc52fb50f7d8c144be1f94c3bf14bdf8757e
word_e1fa79362376	backgrounder	repair	{"example":"The government released a backgrounder on the new law.","exampleCn":"政府发布了关于新法律的背景简报。"}				unfinished_example,space_before_punctuation	现有中文例句、本地词条字段及人工语义复核	d166ec95aac8d6f7927b1aa504b0e570257643920178d090d5a6928c62bc22b9	bc003df341aadf8a847a6a8291d00108080bf4101381717a2bf763cbb98f480c
word_4fca57642ade	hyphen	repair	{"example":"Don't forget to use a hyphen when writing compound words like 'well-known'.","exampleCn":"写复合词如'well-known'时别忘了用连字符。"}				unfinished_example	现有中文例句、本地词条字段及人工语义复核	bf739afc0d3a055f4ee1d8e9cc678dba3f94e10d8f2c2187b987a3696822b21d	c194a5384c2d6bd3fa1acef4c64eb0e8783b43baca04d7c54456c0999d64edde
word_ad5015a06d2a	pitchman	repair	{"example":"The pitchman demonstrated the kitchen gadget.","exampleCn":"推销员在电视上演示了厨房小工具。"}				space_before_punctuation	现有中文例句、本地词条字段及人工语义复核	b5d14d2290dd24ea7dac64fc6510ad8c026ba94f50cbd8296d64bc05f0e4f2c1	47bba45d0e7c177fdd28740dff0eeed1b5a34b75c501db774708466461b6c6e0
word_4a316043bcec	unusable	repair	{"example":"The printer is unusable because it is out.","exampleCn":"这台打印机无法使用,因为没墨了。"}				space_before_punctuation	现有中文例句、本地词条字段及人工语义复核	be9591142e67ed9b0bc20ffc57e6caa5aebaf93aefce129c5578ab215819762e	9b05a388fe2fa4e43afe3f488804007dd31fa7372def7828c0574ffbd9b388a4
word_94af67700f69	crescent	repair	{"example":"A crescent moon hung in the matter.","exampleCn":"一弯新月挂在天空。"}				unfinished_example,space_before_punctuation	现有中文例句、本地词条字段及人工语义复核	9b728692af2ef9777730a23ec9f7337d50bc772d2faa0a6be2cd0acfa1251e71	f0c57ea632740f420d249615870bf8f78c72187f8bc42b2eedb322f0602af789
word_2ea802eeb448	ascend	repair	{"example":"We watched the hot air balloon ascend into.","exampleCn":"我们看着热气球升上天空。"}				space_before_punctuation	现有中文例句、本地词条字段及人工语义复核	b7729831b81e19efef36e15209c56bed730cdc2ff0d4ddfa94f1c095f550c397	3352392df4451e2ff25370b559beb32ee57650e3e53ee8eed63e5071d794c4cb
word_1552f59d213e	hospitable	repair	{"example":"The locals were very hospitable.","exampleCn":"当地人对我们非常热情好客。"}				space_before_punctuation	现有中文例句、本地词条字段及人工语义复核	69c22cd1bcda2640e53841f73bb76de98a4c4ae99697bbb42759a5904a0d9903	79773e377ae16ebe9ff4352165469ce3bc4896beb430b2daeaff12c03c8f8cd9
word_4376b763ecd5	infringe	repair	{"example":"Using a trademark without permission infringes.","exampleCn":"未经许可使用商标是侵犯法律的行为。"}				space_before_punctuation	现有中文例句、本地词条字段及人工语义复核	7a9a93a57c6c14fc75f48ad4e7a1ddb931e64547b342fb4797119872c4f9ce26	375111e69388ed51dd803897001cc3a451d4da76d804cb4716e46555c78f0093
word_e53bc4718a68	ethoxyethane	repair	{"example":"Ethoxyethane is a common solvent in the laboratory.","exampleCn":"乙醚是实验室中的常见溶剂。"}				unfinished_example,space_before_punctuation	现有中文例句、本地词条字段及人工语义复核	87d0961876686808b7f5a4b1934ecc547911f4a11a25ec63d1a5cdb14724b0a4	955d5db4458cf0a2c94e4de2a9bbd75e526e4dcc12f6ec372c11b634f4e1565e
word_394568bd2908	shopwindow	repair	{"example":"The mannequin in the shopwindow caught.","exampleCn":"商店橱窗里的模特吸引了她的目光。"}				space_before_punctuation	现有中文例句、本地词条字段及人工语义复核	bd12966351404ccfb81e3f1502675f7ff1386837cc0972060bad3373f6fb8f80	db986076804c0c72f74d34829212a4e3aa354db9238096762dd1d4eae52f7cc0
word_556d4348368a	abash	repair	{"example":"The compliment did not abash her the matter.","exampleCn":"这句夸奖完全没有让她感到难为情。"}				unfinished_example,space_before_punctuation	现有中文例句、本地词条字段及人工语义复核	65796ae5d6135a6e9982ef87ad277760ccb8c2a6859a070a7598e0d18075c5ee	74dd06c039970c341fabc6bdfe4dc94d7f67e8acad0cce1c47b17d259878a1e5
word_cf394df427ab	abstruse	repair	{"example":"The professor's lecture on quantum theory was too abstruse.","exampleCn":"教授关于量子理论的讲座对我来说太深奥了。"}				space_before_punctuation	现有中文例句、本地词条字段及人工语义复核	6f330f5f529a6d27eae0455b668138d32216822f0f65827a1de5d169eea12426	0ce5cae831520730586d38901f28efe7a680839fddb84e3469c07387247fb4be
word_4c8da3776672	acclimate	repair	{"example":"It takes time to acclimate to a job.","exampleCn":"适应新工作需要时间。"}				unfinished_example,space_before_punctuation	现有中文例句、本地词条字段及人工语义复核	746e60aa29cdc16903f08e0a19941a952b04d98852224819a179067c626b58b7	436b50208f2ea5154c2f9e0140c7ed3e0eb452a67f933294e3caa001a6de8b38
word_9bd88275e46b	adrift	repair	{"example":"He felt adrift after losing.","exampleCn":"他失业后感到漂泊无依。"}				space_before_punctuation	现有中文例句、本地词条字段及人工语义复核	ae496fc8999fa01253aa65a421e02fa60843cd53a073fda11734c44d4eb47acb	6f9ad74f1813839eaa3f5f75b4fa1de05e39e74ebf1e370e79cedb9693671c67
word_gt10500_09910	electrician	repair	{"exampleCn":"房东派了一名电工来修理线路。"}				generic_example_cn	现有中文例句、本地词条字段及人工语义复核	8ee74b985a417691d4a0bf60613b087e0600c277a6d8719c6c6bf5325300d3a8	00ce1683536048812eca29a6f44b2d43f8783353053c32fe8e0e1f4f5e63337b
word_gt10500_09911	workload	repair	{"exampleCn":"由于新项目，我这个月的工作量翻了一番，需要加班。"}				generic_example_cn	现有中文例句、本地词条字段及人工语义复核	c128c757b8a2c2635b0767a91f63d4e235c74b92ef268a65b4ca2a87bfa4b389	591ed07d4b859cdee1d4ca9c3323e4442609cdbeda8f11f43fde9b4524f4eda5
word_gt10500_09912	overdraft	repair	{"exampleCn":"银行批准了我活期账户500美元的透支额度，以支付意外开支。"}				generic_example_cn	现有中文例句、本地词条字段及人工语义复核	d70b6b29b874eaed52a5ad520395cfc9fc3554bf61848577bd96c910e151bcd6	5312b47b4aa79ad86be86145aad868a09226fb2bce8506808bfd7b712ce1f552
word_gt10500_09913	unsatisfactory	repair	{"exampleCn":"维修结果不能令人满意，所以我要求退款。"}				generic_example_cn	现有中文例句、本地词条字段及人工语义复核	38276515444ec38e09b5e27a89b4e782f501b2d44e98cd1cf3d8f8b25ce9141b	fb538a986ed13d19a10624f75718ce7c11efa988aaa0364fc7a5479406ac61dd
word_gt10500_09914	rectify	repair	{"exampleCn":"我写信请求你们尽快纠正最新发票中的账单错误。"}				generic_example_cn	现有中文例句、本地词条字段及人工语义复核	9007e89f26abe3799be600ad2c1bf9ad4477321cae1f63fff12e9ca752fb442d	cd847b3a03157a155b2304fbc5370eb999c7b23f1d2f9ccd638ace275994633d
word_gt10500_09915	tenancy	repair	{"exampleCn":"租赁协议规定，我们搬走前必须提前两个月通知。"}				generic_example_cn	现有中文例句、本地词条字段及人工语义复核	bd06ced4249b50d91bb3d10f2b266484fba8ba5982a89819bd3c9cb70b1baec2	b303eb5f47d63271726655eb207a78937a7a277967ea84ded38b95ec72f83100
word_gt10500_09916	boiler	repair	{"example":"The boiler broke down last winter, so the landlord replaced it.","exampleCn":"锅炉去年冬天坏了，因此房东更换了它。"}				generic_example_cn,manual-priority-review	现有中文例句、本地词条字段及人工语义复核	102a7ea5986aa0479f68e8e5fb0e77c0e444c81f327692379388d69f27702f30	6ac60080eb3643d43a63e5b64f74817e6dd228952a8a4146198dde476ce574d7
word_gt10500_09917	redundancy	repair	{"exampleCn":"公司宣布裁员后，许多员工开始寻找新工作。"}				generic_example_cn	现有中文例句、本地词条字段及人工语义复核	e95aae4bcd083bbd784392cdba6492d798967fa2c61196f5da41054d090bcf78	b1fc0c390ec27b77e6a99bc49e99bfbe140e1bd1d6d7047252b29f4a1e6c040c
word_gt10500_09920	verification	repair	{"exampleCn":"身份核验需要两个工作日。"}				generic_example_cn	现有中文例句、本地词条字段及人工语义复核	4aca6ee29dcb726383a670c6b4d6dc6538b1add64f9d5db36647c518a3619e8c	550ef0497a10083a079b7d65fcd951cb56a073e164120aacf6666f783619d27e
word_gt10500_09921	rota	repair	{"exampleCn":"我更喜欢值班表上的早班，但同事想和我换班。"}				generic_example_cn	现有中文例句、本地词条字段及人工语义复核	038542e62d9ee233aaaa558ea52eca8e8f487c27ae007cab82ab0cdad3c67291	c3dc2d7a359f88fc4c45fadb4c332d4bb8eddcbc895ff5aa26bf8f4cac37d0d0
word_gt10500_09922	arrears	repair	{"exampleCn":"如果连续三个月不交房租，你将拖欠租金并面临被驱逐的风险。"}				generic_example_cn	现有中文例句、本地词条字段及人工语义复核	47b2ab7d0b1d9f69daa4089be7b02765b080f25b3ff1413e220e9f779b3b6049	dfcc5d2eb01defb2fc536e17dbcfc388661bcfd8edfa4da7cc528022c0bca0fe
word_gt10500_09923	clarification	repair	{"exampleCn":"你能否说明信中提到的付款条款？"}				generic_example_cn	现有中文例句、本地词条字段及人工语义复核	cf822a2af633f3098e9716d7c96d4ecd9efa3b1edb84c0be0d8ac3b84e1f1551	cd1f28c291667e4a1e3be5ba24e304c14504fd792be95e221cc06494792d7ba0
word_gt10500_09924	roadworks	repair	{"exampleCn":"M25高速公路的道路施工今天早上造成了两小时延误。"}				generic_example_cn	现有中文例句、本地词条字段及人工语义复核	3f91f2cdec28683b2bc21d06d99ace6edc7d433cb490a5fda920a2bdc4325b5b	9c59424604b170e478d4d91bade83288e881e9a9807f15da0e7b14bb186f8d5c
word_gt10500_09926	owing	repair	{"exampleCn":"活动因天气恶劣而取消。"}				generic_example_cn	现有中文例句、本地词条字段及人工语义复核	28fe8a42c45746a09cdf7e74cdbd50d1dce04bde72a35ae68b846269cd129d25	ffece15e087fe3b4b7f96c29db3c5a35697a57682b2f67ca3855f183ab335f7b
word_gt10500_09927	leasehold	repair	{"exampleCn":"这套公寓以租赁产权出售，而不是永久产权。"}				generic_example_cn	现有中文例句、本地词条字段及人工语义复核	b3fa4b0c7338a672772583ae20759e94f86b2bc032c13eb8f981d23c23fd9cd7	244a25444f3521822fcab9ed7acb8edc8075964a9f82ad65cbd047a833f3c791
word_gt10500_09928	freehold	repair	{"exampleCn":"这套房屋是永久产权，因此房屋和土地都归你所有。"}				generic_example_cn	现有中文例句、本地词条字段及人工语义复核	2b0b271d4b87d2ac0d14ff1591e7f7b8e4ab57d8417a481e1e8346f2c5beae03	cadaa4bfb165f039acea60c70de62d58a7295dd64f381d618ad363723c681634
word_gt10500_09929	mould	repair	{"exampleCn":"浴室天花板出现了黑霉，房东必须安排清除。"}				generic_example_cn	现有中文例句、本地词条字段及人工语义复核	37346b4c727d12b68de00a58ed3162e8297fb9c0440a34036f279f3e1f0dfc76	eb80b650d763ad7c0de4fc0c63685c4c2ffc33ca9229ca016e1aa70fb8ba41fd
word_gt10500_09930	eviction	repair	{"exampleCn":"多次迟交房租可能导致被驱逐。"}				generic_example_cn	现有中文例句、本地词条字段及人工语义复核	ade72d60dda69ab3af7dcb8fdbc90e611fd161433bcab5888cbd48188822676a	b7a872598ed1655387a8d7b9e5776d8ce4f4bf548020b1fdbffd47867734709a
word_gt10500_09931	groundwork	repair	{"exampleCn":"扩建工程的基础施工星期一开始。"}				generic_example_cn	现有中文例句、本地词条字段及人工语义复核	e476332c7f52713e9929e7ca7a60dd90ca9bd881f9f916987190682932da3fa0	40e10fe603e22a78b787bf4244b188a164c13365fba614d7827f319396543661
word_gt10500_09932	refurbish	repair	{"exampleCn":"市政委员会决定翻新社区中心，提高其能源效率。"}				generic_example_cn	现有中文例句、本地词条字段及人工语义复核	c18a6a4d760f12e1bdad6a1a1bfb21d5bfa351d5ffe670043e729920efa5c986	1a7ce79d8d2029fd9728d15f02a6413601aa67349ea24791a3f9c601d9b0a628
word_gt10500_09934	paternity	repair	{"exampleCn":"他申请了两周陪产假。"}				generic_example_cn	现有中文例句、本地词条字段及人工语义复核	8dc63e9ffb38e5870e93c6599f328c60edcd98bf8c266fd7937bb7c7bdc78802	2c45ce67866a3a12d67c135e47ac60820ee1cfacb9663b77ff8a9a61383cf1d3
word_gt10500_09935	sicknote	repair	{"exampleCn":"请在三天内上传病假条。"}				generic_example_cn	现有中文例句、本地词条字段及人工语义复核	231fc375c42b6ae145b6e944bc805ddf8b6e89257fed097bc840f7577d3bc301	2d0aab0d7d66121a1b746c76168d816644beb7bd87fcc4ef596bd49621d6843e
word_gt10500_09936	standingorder	repair	{"exampleCn":"房租通过定期转账在每月一日支付。"}				generic_example_cn	现有中文例句、本地词条字段及人工语义复核	2e17a20cea205fde6fb56ae0e038f3d0d53f5cfa84e100f933d84af25ac06434	a7e4b740736c1696d28a6188394fae84250d94ea7023633eeb782190048b58ce
word_gt10500_09937	directdebit	repair	{"exampleCn":"请为健身房会员费设置直接借记。"}				generic_example_cn	现有中文例句、本地词条字段及人工语义复核	f93f20442eb28d2c549f0f33ec185d2bd43bb9407fd1bdfeeb277fe58fbbecce	167a66fde4c8e6973fcf1385cc2ba0b6863a477e97b6a4e7bb3dc31e3c0169f3
word_gt10500_09942	follow-up	repair	{"exampleCn":"后续电子邮件将确认预订。"}				generic_example_cn	现有中文例句、本地词条字段及人工语义复核	eebf3874c13086a70c7019a5f6c03ebbee0c711093112a4e561412b6a728e1a2	ba0dd916356ba45cfa61374c55734531895471a18f190907422c1ad5b5b91aea
word_gt10500_09943	notwithstanding	repair	{"exampleCn":"尽管有所延误，活动仍按计划举行。"}				generic_example_cn	现有中文例句、本地词条字段及人工语义复核	3405e37c7ec4efaef9c0a0f0362a27f281974d2d4467ab4caded35929b7d1e94	08f86181e845b95e0805a430abfb9cfdcf422f602267611cea5534effa6d3807
word_gt10500_09944	henceforth	repair	{"exampleCn":"今后必须在网上预订。"}				generic_example_cn	现有中文例句、本地词条字段及人工语义复核	cf805fa242ec1a29a8a25787e3d3b38008e323458029c68636dece84220784c0	16f4fcf94f35ef1dd6e3a41531c63d641cc177ca70e8a3be7dfece8ace593c6b
word_gt10500_09946	rationing	repair	{"example":"During the drought, the government introduced water rationing, limiting each household to 100 liters.","exampleCn":"干旱期间政府实行了用水配给，每户每天限量100升。"}				space_before_punctuation	现有中文例句、本地词条字段及人工语义复核	1430dca43172e41b73c127dc7ec4614153275676299e0272202c6c9cc9ec68bc	87a7f45aa5a151bce5a2fd87a796d967fbe3746048cd6cfc88d7b13f2820b74f
word_gt10500_10001	nameplate	repair	{"example":"The nameplate on the office door read 'Dr. Smith, Dentist'.","exampleCn":"办公室门上的门牌写着‘史密斯医生，牙医’。"}				unfinished_example	现有中文例句、本地词条字段及人工语义复核	ca3dfcae950d195b1c5d9c884f11335d5f153e0799de765b889aa39a523646bf	f5085c2e7038093cb44307ef30c90e36c5508d1be87ab0e13b110455ccf476fe
word_gt10500_10008	cutoff	repair	{"example":"The bank's cutoff for same-day transfers is 3.","exampleCn":"银行的当日转账截止时间是下午3点。"}				space_before_punctuation	现有中文例句、本地词条字段及人工语义复核	30fe9a2daec29da7386ff8383815c47b7ffa193163bc4224f820790de867e999	9b0cbad41082b0cdb5a952b5d37bd7c38c1bb5b2b19ed7429691ae86449e5030
word_gt10500_10015	caravan	repair	{"example":"We rented a caravan and spent the weekend by the seaside, cooking and sleeping.","exampleCn":"我们租了一辆旅行拖车，在海边度过周末，在里面做饭睡觉。"}				space_before_punctuation	现有中文例句、本地词条字段及人工语义复核	74eedf49c83e03a304b5318b420589348f1dec325bec278fcf60bc8e2c7d99fc	48774e5f81d0c4567ec85f73f6b1d4d9dfa5c92a86591b6b678605ac6dbc2fff
word_gt10500_10048	outnumber	repair	{"example":"In our English class, international students outnumber locals two.","exampleCn":"在我们的英语课上，国际学生以二比一的数量超过本地学生。"}				space_before_punctuation	现有中文例句、本地词条字段及人工语义复核	0acf8506b2d251cbe27f8dc6886f45aae829a9b62b83b4631d15ef3e914156e1	b5ffa7e3c7be53d40db1083953e3db34835127c9a0ad422c7bf52878b1482cd3
word_gt10500_10050	payload	repair	{"example":"The truck's payload capacity is 10 tons, suitable for heavy cargo transport.","exampleCn":"这辆卡车的有效载荷为10吨，适合运输重型货物。"}				obvious_translation_mismatch,number_mismatch,manual-priority-review	现有中文例句、本地词条字段及人工语义复核	476b505e61fcaeebcd25470fde09c5dc33115be0e30cec2d0dc3d14e71b17071	86b9b95fb50db0bf3e52d0839e781f88ad5c2c88bcca443305eb50d9b2402c78
word_gt10500_10053	dayshift	repair	{"example":"I work the dayshift from 8 a.m. to 4.","exampleCn":"我上白班，从早上8点到下午4点。"}				space_before_punctuation	现有中文例句、本地词条字段及人工语义复核	79f5d0fc0aad7b0bf29fbf0c6cdcd9b1afef5f29c0e5033e2dfea50eafd4a831	69e71c536cef0d52996ed2596edc97de214ac72702fd2cd36e8d32862c31d207
word_gt10500_10092	subdirectory	repair	{"example":"I saved the work file in a subdirectory named 'Projects'.","exampleCn":"我把工作文件保存在名为“项目”的子目录里。"}				unfinished_example	现有中文例句、本地词条字段及人工语义复核	17521bce7a6521e30b5fdee7bb5635fb0225c90ced27e99cd9d711a5b97b9904	600bddd186269c4fdfb00714004614331623a08f6138f11c379e781927058d80
word_gt10500_10097	flexitime	repair	{"example":"Our company offers flexitime, so I can start at 7 a.m. and leave at 3.","exampleCn":"我们公司提供弹性工作时间，所以我可以早上7点上班，下午3点下班。"}				space_before_punctuation	现有中文例句、本地词条字段及人工语义复核	f0a0b6133cd33d2ccd0707f50a6ec80a315d09cec8cd13ca6c45d73eff86e5e8	415c013bcfd08ceec276c1fa39fb0178de7fdc585fe7ec0040e679be38a04423
word_gt10500_10102	penaltyclause	repair	{"example":"The lease includes a penalty clause for late rent payments of $50.","exampleCn":"租赁合同中包含逾期支付租金的惩罚条款，每天50美元。"}				space_before_punctuation	现有中文例句、本地词条字段及人工语义复核	abb01703aad4ca20ce15ab0a0c73a14f84bf58497999a5d5bc283b38e060f0aa	bd79797ad14591a2ade673df5a66697a516a8f48dee10ba5bdf3437ea8f35d98
word_gt10500_10122	tramcar	repair	{"example":"I take the tramcar to work every morning because it's cheaper than.","exampleCn":"我每天早上乘有轨电车上班，因为它比公交车便宜。"}				space_before_punctuation	现有中文例句、本地词条字段及人工语义复核	1664722b06163d1f05008a25adcbadd85d6d1494b244007626cdb6fed534c510	91716b3c46777084fa1ceebe58541182569c006fbfb8b4b8ce4a03fc478a9fb8
word_gt10500_10161	drycleaner	repair	{"example":"I took my wool coat to the drycleaner because the label says 'dry clean only'.","exampleCn":"我把羊毛大衣拿到干洗店，因为标签上写着‘仅限干洗’。"}				unfinished_example	现有中文例句、本地词条字段及人工语义复核	308b8e6063eede0ccaff2e8dc97bf224e7702901772cf0c2b09ae15e334e4b39	f31f9ea7df867588208f1ebe80d010989a7868892960bb967f72662cf459cbdf
word_gt10500_10163	triplicate	repair	{"example":"The bank requires the application form to be submitted in triplicate: two copies for them and one.","exampleCn":"银行要求申请表一式三份提交：两份给他们，一份给你。"}				space_before_punctuation	现有中文例句、本地词条字段及人工语义复核	755d97c6ea47c93159b4ff4bfd65948e4b00494333dd85e44ca2c93cdb4b62d4	360776bd7e0679f7f8c0851a5fcc38ff434ebc699befea0913b2217fb0d6485e
word_gt10500_10177	porridge	repair	{"example":"In winter, I prefer warm porridge with honey and nuts to start.","exampleCn":"冬天，我喜欢以加蜂蜜和坚果的热粥开始新的一天。"}				space_before_punctuation	现有中文例句、本地词条字段及人工语义复核	a9f456e1fc4db05ca3dadbd410408f19e5f7abd7e15beaeeac88518e918adb61	336569da44abafa99f1c1cb3be916c9b902aa95ea88b77ea11ff4582b76c2983
word_gt10500_10205	weekendshift	repair	{"example":"The weekendshift pays extra, so many employees volunteer.","exampleCn":"周末班工资更高，所以很多员工自愿报名。"}				space_before_punctuation	现有中文例句、本地词条字段及人工语义复核	68ed0298c7a924b2287683544369f064e35f1eda548c8714a752fbcd8cf73a84	19f0fd47383b4aacf2534d3400a64c070fa2444fc7040a277fde1861259b3439
word_gt10500_10332	prefecture	repair	{"example":"I will be moving to Osaka prefecture next month for a job.","exampleCn":"下个月我将搬到大阪府开始新工作。"}				unfinished_example,space_before_punctuation	现有中文例句、本地词条字段及人工语义复核	919f60c821a0b35a5e083939d6f2ecca893b14b21459ad8ca2e3af0599328435	96165f652a687f539b719cb87f146c5a7d58e3999642c25c1eeb44698ea5ad7c
word_gt10500_10339	janitor	repair	{"example":"The janitor cleans the office after everyone leaves.","exampleCn":"所有人离开后，管理员会打扫办公室。"}				space_before_punctuation,obvious_translation_mismatch,manual-priority-review	现有中文例句、本地词条字段及人工语义复核	93fe60877b3ce799f5f49a46287e131adc9a1f8725c042bebb47d182eccafd2e	18da8b87a35b7216e413f10c5b135eb01ae04a9bddcaf5d1b67506411deb4359
word_gt10500_10394	deodorant	repair	{"example":"I bought a travel-size deodorant for my bag.","exampleCn":"我忘了往健身包里放除臭剂。"}				unfinished_example,space_before_punctuation	现有中文例句、本地词条字段及人工语义复核	9fca8a9c06683506262f2335c5ef8023bf78b5dddb3846e466fd88be784d55d5	ebc0e8a2d31d464679c16bdd8cf275a581c5a995cdea238cc83046469b9adafe
word_gt10500_10438	headlamp	repair	{"example":"The car's headlamp needs replacing because it'.","exampleCn":"夜间骑车时，务必打开自行车头灯，让司机能看到你。"}				unfinished_example	现有中文例句、本地词条字段及人工语义复核	75b626c676acd7a3296b6b533b586819243fa8e9ddcd9077876a2d3936d38c34	1206eea98ba8b45a22f288d324e6786572ffd9fe03d2c0d54a52890f8edae724
word_gt10500_10455	imprint	repair	{"example":"The seal left an imprint of the company logo on the matter.","exampleCn":"印章在蜡上留下了公司标志的印记。"}				unfinished_example,space_before_punctuation	现有中文例句、本地词条字段及人工语义复核	4f4a010f34b12d1986311be98025ff572e5865204c7dc090ea0eccb0d496d498	b86b1ac4111926b514c9c087e0aa1807d22a336f0fc599f404d0c91ee2549971
word_gt10500_10459	injector	repair	{"example":"The vet used a special injector to administer the vaccine to the matter.","exampleCn":"兽医用了专用注射器给狗注射疫苗。"}				unfinished_example,space_before_punctuation	现有中文例句、本地词条字段及人工语义复核	d2e3888bd8b0aa4bc521cc59ec261e773583290e0255623c97f9af69d75db97f	3422be9a1837dcbd0875150dd76afe29a2bdffc1f16f08f6e20a33da4d2ab1b7
word_gt10500_10466	judiciary	repair	{"example":"The judiciary ensures that everyone is treated fairly under.","exampleCn":"司法系统确保每个人在法律面前都得到公平对待。"}				space_before_punctuation	现有中文例句、本地词条字段及人工语义复核	107a2070d831079c802b13c0d18205db1b4f60e0b16db889acaf28cd647de383	3ba518db94a3378d9b078c763e0a5787da3a376d9c08ed2eb929a543fb238463
word_gt10500_10486	mailbox	repair	{"example":"Our mailbox was damaged by the storm, so we need to install a bag.","exampleCn":"今天早上我在邮箱里发现了一个没有邮票的包裹。"}				unfinished_example,space_before_punctuation	现有中文例句、本地词条字段及人工语义复核	f77120b2ad4ff9f68f8a4b7157dc901635cfc5dd9207a68df9254f4c222eda4b	a40e169fae6dd4a129e03528912e409e5cc76636257ce966a9c34d3349c18d1f
word_listening1179_1953403821cf	sleeplessness	repair	{"example":"Sleeplessness can affect your concentration during.","exampleCn":"失眠会影响白天的注意力。"}				space_before_punctuation	现有中文例句、本地词条字段及人工语义复核	fe723695da85fdcf413d683b7b4b6bdbaab718e2712e86383a9e7eb8083c0953	4ed4a3abd3046a8a3fdbd551e192379bc2aa9a13b335c66842eca67ac5a39c10
word_listening1179_f5c46d70e8a3	greasy	repair	{"example":"The mechanic's hands were greasy after fixing.","exampleCn":"修理工修车后双手油腻。"}				space_before_punctuation	现有中文例句、本地词条字段及人工语义复核	303a64094e7aeaa84b796b01fb2febd75209ded42678c8e56bec3805eb374801	9bd7e044a4a1d3dcb2bd1cfb7928bf14ab3e1761af04fb171779378548e65d43
word_listening1179_154605f08848	skylight	repair	{"example":"The skylight lets in natural light during.","exampleCn":"天窗在白天引入自然光。"}				space_before_punctuation	现有中文例句、本地词条字段及人工语义复核	89a884145d287544754be68469e8f78c48cf92d6f77736ca7ecbfb3518d7f160	878c849bb21b91174ec8df86ef49b6249d6d75713b88e941da45bc2b8bfba7b1
word_listening1179_d115d52fc87b	promenade	repair	{"example":"We walked along the promenade by the matter.","exampleCn":"我们沿着海滨步行道散步。"}				unfinished_example,space_before_punctuation	现有中文例句、本地词条字段及人工语义复核	cc8549d0cd3d889e787204468e524fb63145a10d5203382e8c2f8480afddeefd	50d0b6e0ffe8bb4a45e2b45dd86dee5048cda552645515d90d6093588f8e105f
word_listening1179_6c5bcc35ba84	grieve	repair	{"example":"She took time to grieve after the loss of the matter.","exampleCn":"失去宠物后，她花了一段时间来悲伤。"}				unfinished_example,space_before_punctuation	现有中文例句、本地词条字段及人工语义复核	98bfa584504a462dce515414a1c3e8e0e27e37567642117244587758488751c8	78ee934a209cf061655d6c9d3b7eb0479ab03153a2f4c1e14343ed5b8194b2d4
word_listening1179_312a55cc563f	entice	repair	{"example":"The special offer might entice customers.","exampleCn":"特价优惠可能会吸引顾客购买。"}				space_before_punctuation	现有中文例句、本地词条字段及人工语义复核	d34f3ee052baee1ac303d0421bd4cc3a4d00a5b965171f07eafdeb871d0e407c	196fa4a8146696773783049b9b41e5937d30bf816f6245de60ca66481e02ca25
word_listening1179_e2ca649381f8	awning	repair	{"example":"We sat under the awning to stay out of the sun.","exampleCn":"我们坐在遮阳篷下躲避阳光。"}				unfinished_example,space_before_punctuation	现有中文例句、本地词条字段及人工语义复核	919c7811d6b95b5c38086aaad431464922f74adb62e8321b3203838307504fb5	04e7711779721fb4a7ae1cc972d4fe7ce2234ea497a29d88389362b81fdd8c84
word_listening1179_611100300c8f	blinds	repair	{"example":"Please close the blinds to block out.","exampleCn":"请关上百叶窗遮挡阳光。"}				space_before_punctuation	现有中文例句、本地词条字段及人工语义复核	28b1b774aeb05d598903535fd5ff28bdad17c28c7be6be2ac3fff90293f87ea2	fbc3f4cefe91fc5d33ca2512d78ed61c06c95ebccb1f5813df59b3ba95e87ae4
word_listening1179_b408b2042c56	earbud	repair	{"example":"I use earbuds to listen to music on the bus.","exampleCn":"我在公交车上使用入耳式耳机听音乐。"}				unfinished_example,space_before_punctuation	现有中文例句、本地词条字段及人工语义复核	f65fa869a2f17a3cc69357b0c4204a7c900885a10a68353d67d43bcfcc0fdf1c	c0cea6f99d68792d4f92bd977127c026352cc946bcb37e6c6fb101b68e2c9c2e
word_listening1179_8a4212d7f41c	intuitive	repair	{"example":"The interface is very intuitive.","exampleCn":"这个界面使用起来非常直观。"}				space_before_punctuation	现有中文例句、本地词条字段及人工语义复核	64e8ad9da180c28a13fd3e1023725bb998b472b18ab7f3f018bc8719b390a8db	326521efa7a73e07b4f61608469c62be0ff245c2d5db09a2a03435a431528107
word_listening1179_bd79c94dd328	clothesline	repair	{"example":"Hang the washing on the clothesline to dry in the sun.","exampleCn":"把洗好的衣服挂在晾衣绳上在太阳下晒干。"}				unfinished_example,space_before_punctuation	现有中文例句、本地词条字段及人工语义复核	dbac3624958ef95a9cdb66bffef36058cafdadfeb468803bac472b7f006505ea	c93eb281a2c67be5ab310dfa5a95b8a7f145ac4194f4f925b15eb3097e845a83
word_listening1179_c0f04252292d	stroller	repair	{"example":"Please fold the stroller before boarding.","exampleCn":"上巴士前请折叠婴儿推车。"}				space_before_punctuation	现有中文例句、本地词条字段及人工语义复核	74f967092bbc01c9f34f530469cb241f54d0d90c2ae272d2c2e6f6e23daa74d3	c147378b9e27eee766b13891070ca9a863d6b849a728937cce062324c81265d9
word_listening1179_5e60ff5ac0ec	heading	repair	{"example":"The heading of this section is 'Introduction'.","exampleCn":"这一节的标题是'引言'。"}				unfinished_example	现有中文例句、本地词条字段及人工语义复核	2dfe523d15456db02b8f495ddafdbe17ddb2420910956e9581e5c96cf0d2b18f	58c05fb07a95b42ce9300f60d63d762f6063e4afd432fdfde02298ea5b27f976
word_listening1179_16f78a7d6317	username	repair	{"example":"Enter your username and password to the log in.","exampleCn":"输入你的用户名和密码登录。"}				unfinished_example,space_before_punctuation	现有中文例句、本地词条字段及人工语义复核	e66e828de83d22bc8c976306b1ec4ad0844b85b5f527507e6bd1758ae3bed194	c41346360d18b204653395f703e55dea69a2d763ed3c965fd97cd18f5533e04d
word_listening1179_3bc0d44a5271	apostrophe	repair	{"example":"The apostrophe is used in contractions like 'don't'.","exampleCn":"撇号用于像'don't'这样的缩写中。"}				unfinished_example	现有中文例句、本地词条字段及人工语义复核	51c31880c27f108b027eb6d8b84c9422d0791ad947076d17e66a2dd5074fccaa	d72f8c75b7082fa31256b3bb4fc19d3ceb06eabba1de7395ac754ae723e5f445
word_listening1179_bd9f38aee15d	sledge	repair	{"example":"They transported supplies by sledge across.","exampleCn":"他们用雪橇穿越冰面运送物资。"}				space_before_punctuation	现有中文例句、本地词条字段及人工语义复核	7da8c192e05e499521abe4eb8a043b975cc737eef97c8834537b0709a8e97bca	527827e9ab316b2e91f88bb7f4cd9125042ace4312abf40f08dd6a528fbd793a
word_listening1179_cf310c20ffdf	spasm	repair	{"example":"He had a sudden muscle spasm in the leg.","exampleCn":"他腿部突然肌肉痉挛。"}				unfinished_example,space_before_punctuation	现有中文例句、本地词条字段及人工语义复核	1535d815765d6be1ffe0d35e3d928fc1a24e3d0627eb849d6dbed80ea6ddf638	34fc7bd752a554fa539e61aa6d36b9d2d34493e1338f98e60c9190d8d751af8c
word_listening1179_d234e19392c5	sinew	repair	{"example":"He pulled a sinew in the leg.","exampleCn":"他拉伤了腿上的肌腱。"}				unfinished_example,space_before_punctuation	现有中文例句、本地词条字段及人工语义复核	cc4b4bead3cd141d222d1a83a3737f80633451f73c48cea57dade70fd88e6c1d	e118952d96068ea74df1fa43d63efd34d268e295cda661e51cb4edd03a025cf8
word_listening1179_52b8ead45382	sporadically	repair	{"example":"The rain fell sporadically throughout.","exampleCn":"全天零星地下着雨。"}				space_before_punctuation	现有中文例句、本地词条字段及人工语义复核	75cc0b582eeee35a7b0b5110dd4b85b511fbbbd9c3227f651acd8609724c506e	e6495295aca75f50b0ed9221b5b35fb328b84767fac1dc480929ca709bfc82a8
word_listening1179_73ee841a0017	requisite	repair	{"example":"You must have the requisite skills for the job.","exampleCn":"你必须具备这份工作所需的技能。"}				unfinished_example,space_before_punctuation	现有中文例句、本地词条字段及人工语义复核	75727895178fb47b3c8da1c6da5413ba88d53bf8936c3ab84a644815e929af02	05a71e93e3ec0fa8156420a71656f0f21f39bde36f38aba9ed6d5e3a52c1c182
word_listening1179_5251d7992361	cork	repair	{"example":"He pulled the cork out of the wine bottle with the matter.","exampleCn":"他砰地一声拔出了酒瓶的软木塞。"}				unfinished_example,space_before_punctuation	现有中文例句、本地词条字段及人工语义复核	1068c4682761e6f48ba484140555af7f7d9dc839283d0fbb0e3ba9c91513feee	f186c0995419246c945984028b5bf5e7f2252bfd65c98fb20d598cd8fe222c75
word_listening1179_1d91a111ed50	headboard	repair	{"example":"The headboard was made.","exampleCn":"床头板是用橡木做的。"}				space_before_punctuation	现有中文例句、本地词条字段及人工语义复核	737c0a5829772a12d14316b7a695140172397a495ff81dc0f5b794c729112345	9b5feffe39ba8ab3d21f68f1323eae30b3fb09f752f6347d126d35e41318db2d
word_listening1179_412651b2944c	tollbooth	repair	{"example":"We stopped at the tollbooth to pay.","exampleCn":"我们在收费站停下来付款。"}				space_before_punctuation	现有中文例句、本地词条字段及人工语义复核	448942bf63aa75fa7115272faac1a73b53bac3e36bd127dcaaa9122fc3e03ecd	185cbedee71bfa109a1255ac6678f4f8824662d74fc512f21fa8dfbc04e4fc02
word_excel_ee9c1331c074	animals	repair	{"example":"The children love to see animals at the matter.","exampleCn":"孩子们喜欢在动物园看动物。"}				unfinished_example,space_before_punctuation	现有中文例句、本地词条字段及人工语义复核	01e25824327cd7d8495f4e8860b4c74ae2ee8adbe8a3e3efd5623c25494adab2	324d6c538f01e67ff5752941c29f70c341889e99c32792f5041de072bbab1a19
word_excel_07a0b0962107	references	repair	{"example":"He gave me three references for the job.","exampleCn":"他给我提供了三封介绍信用于这份工作。"}				unfinished_example,space_before_punctuation	现有中文例句、本地词条字段及人工语义复核	dd612a27ffb8954a60394ae836991e9fa54f05ac5e2db3c353d8e8103872ed06	c0138067287eff00438865007c90ae6717e4c3c74d3cea050f945250dce6aea8
word_excel_7f14eadc8060	birds	repair	{"example":"The birds fly high in the matter.","exampleCn":"鸟儿在天空中高飞。"}				unfinished_example,space_before_punctuation	现有中文例句、本地词条字段及人工语义复核	7091276ed23215bf75091a5b03fb48ee3942570bfd3e1813fa7ec4375a24e7af	9bd540bdc4198417783e3b52900785a3b7539bc2af33cbb3904982deb01b72a4
word_excel_3be1d422a460	pets	repair	{"example":"My pets are a cat and.","exampleCn":"我的宠物是一只猫和一只狗。"}				unfinished_example,space_before_punctuation	现有中文例句、本地词条字段及人工语义复核	c0e71f2fb95fe9e411218bc7e83c5e52f4d06f24cdcf0d23acfed180fb219dbc	380cb80e02dc3798551af56cc4181a3c2c3f0c02a910de8f0eb9281adbae158e
word_excel_7a3b3573cac2	gates	repair	{"example":"The gates open at 8.","exampleCn":"大门早上8点开放。"}				space_before_punctuation	现有中文例句、本地词条字段及人工语义复核	dba8b1c88ccf56b4a66d1ed437091feba1b73f4d83e329523f5def752b149811	06c8d5512b1e253aec530b4db21eabcfef12d7e9ee990092027270225e69ad26
word_excel_15fa97b5a488	clouds	repair	{"example":"The clouds are moving slowly across.","exampleCn":"云朵正在天空中缓慢移动。"}				space_before_punctuation	现有中文例句、本地词条字段及人工语义复核	1cfdb9cbd75ac1de02f10ef14ad50c5df87140080cd5a61cd93d9c34a670d6b9	685a282ed4444eb95293a1e1d6f01a7559bcaa9a24ffb049fa7d6d4eb30338b2
word_excel_846d124b6785	flowers	repair	{"example":"She bought some flowers for the matter.","exampleCn":"她为妈妈买了一些花。"}				unfinished_example,space_before_punctuation	现有中文例句、本地词条字段及人工语义复核	cb585cfc102e26bf7f3b9b839f2d11ea30d8bfa3f61f3badf4e9d66011c4659b	f367911c797a6525a35e51be6ab5b717be8022edce7e827fa08ef040a8ff4500
word_excel_df7e865c6f57	sorting	repair	{"example":"The sorting of books by genre makes the library easier.","exampleCn":"按类型对书籍进行分类使图书馆更容易使用。"}				space_before_punctuation	现有中文例句、本地词条字段及人工语义复核	866dd814351ea081b9c839c0df33a0ac4a328e7912670c68d0afe9fef1384a5c	2cae3ce94fdc23a86b14ae0b4f9f6145ff69f19c4aafb2e7b32030e6f18733d0
word_excel_f50871d14c19	positions	repair	{"example":"The positions of the trees are marked on the matter.","exampleCn":"这些树的位置在地图上标了出来。"}				unfinished_example,space_before_punctuation	现有中文例句、本地词条字段及人工语义复核	b47fa6e977eeb4db8979accebce3939933dd7861439b912db9c89c6bb86448f6	e92c41324002047fa14231a3d1b9297db0a062d3d70b72ed8832f5f904e928b8
word_excel_df384ae97c77	payments	repair	{"example":"He makes monthly payments for the car.","exampleCn":"他每月支付汽车费用。"}				unfinished_example,space_before_punctuation	现有中文例句、本地词条字段及人工语义复核	a14ce7b690e39e075d2b021d479a87e617c9462badca64636a130d4eb4f9b344	2efc382e7e8769c6ec25c2e351fcff9aa26a35b9011486f92f2861a4cc6431d4
word_excel_c9b5fcdd1003	hearts	repair	{"example":"He gave her a red heart on Valentine'.","exampleCn":"他在情人节送给她一颗红心。"}				unfinished_example	现有中文例句、本地词条字段及人工语义复核	1b39cdf9e5e47bdd5bdd282f2bc016be67e2dcd16c7bba54c90a8d59d7bd2a9b	d372ab1743cea61c53a52d9615ccc6586f4a0d075dbfe2876d87397d6392f496
word_excel_1e0584a25d9f	header	repair	{"example":"The header shows the page number at the matter.","exampleCn":"标头在页面顶部显示页码。"}				unfinished_example,space_before_punctuation	现有中文例句、本地词条字段及人工语义复核	6ac8113d4ca4a555af497c75f5f35640341272bf1539ebf84d19fac78c9b1aeb	d2a5d4431bbf19f28bf8027ed6e7840eff28452b3e6bf68822acb05ae4cc5ba0
word_excel_5bc5f7d10c70	spoons	repair	{"example":"He put three spoons of sugar in the tea.","exampleCn":"他在茶里放了三勺糖。"}				unfinished_example,space_before_punctuation	现有中文例句、本地词条字段及人工语义复核	e87f96d1dce97154ab2d770e8089c3d3029b4658e83e44d0807e0903891bcbc5	5e83ef18492e27fe2a6841ae2da34ccb5f920c7b7b6cbb0158e12d81c3ef290a
word_excel_9a5b19d243c3	unequal	repair	{"example":"The two teams have unequal chances.","exampleCn":"这两支队伍获胜的机会不平等。"}				space_before_punctuation	现有中文例句、本地词条字段及人工语义复核	f00df25c052d9bd637e7e4e480d35463954806a126fcb7698fb5f718b8f6be16	362b5c590ba0440bc4b4946ef670bb73a45635856a3fe6fc59bfcd9e307c5aa9
word_excel_5d76e2a2f7fd	whitened	repair	{"example":"The whitened bones lay in the sun.","exampleCn":"变白的骨头躺在阳光下。"}				unfinished_example,space_before_punctuation	现有中文例句、本地词条字段及人工语义复核	438e90a0c9d0932c41d79e4c212d4ffe8f4bee8f06876ad0f6cbd4d6050d12ff	b2099687d51633a846cd485ffe5eb66281f7ac10c4a16574b5f14b911cba1213
word_excel_13d4b0ab5278	innate	repair	{"example":"Babies have an innate ability.","exampleCn":"婴儿生来就有哭泣的能力。"}				space_before_punctuation	现有中文例句、本地词条字段及人工语义复核	aca24dcad3688c1b8a90a86c77996b41a71cfa4c4a752a96dbdbac5fb2ab2b18	4b3d946f5083dfc44c6d852648e0b6d18f36b77e55faf7f2055c29d89a2d02a7
word_excel_348f71b67f2d	promoted	repair	{"example":"The company promoted the new product.","exampleCn":"这家公司通过电视宣传了新产品。"}				space_before_punctuation	现有中文例句、本地词条字段及人工语义复核	918e252d33073e2f4560a16bc042c828d8f3b8d68c58672d0d43c4fabea8ad9a	42a52ae5bb9b7a6aaaf00716497f7a7d85a728782d73f21966b4248873ce3116
word_excel_ed574aa71eb8	workers	repair	{"example":"The workers finished their shift at 6.","exampleCn":"工人们在下午六点完成了他们的班次。"}				space_before_punctuation	现有中文例句、本地词条字段及人工语义复核	e695094c18a57d7f155965307c17392cd6f2c823eeb053f9ccb53c790fa481a6	f44df3298f8bf5085ee012cbda642d491981de6f24e8f7184c9d5534b017f974
word_excel_364f583eec28	particles	repair	{"example":"The scientist studied tiny particles in the air.","exampleCn":"科学家研究了空气中的微小粒子。"}				unfinished_example,space_before_punctuation	现有中文例句、本地词条字段及人工语义复核	33c95df49685a24b5b07d335ec8a08427b16608515d2b7e5c32b466fd1e00131	0d7703874f8575f6bec77a1c5ce21f60ce489c1169b270b9e3340e8db3895a3a
word_excel_238fa28a9497	instructions	repair	{"example":"Follow the instructions on the matter.","exampleCn":"按照盒子上的指令操作。"}				unfinished_example,space_before_punctuation	现有中文例句、本地词条字段及人工语义复核	71fc0a50b7742f08837c526efa4d1db9d0bf274ca2ca93a44fbc8a4bf1ef6629	8a04a36d1a4295b72933911eade533e66a305de1f50d53cde8dab488fce72470
word_excel_29bb30173411	cot	repair	{"example":"The baby sleeps in a cot beside.","exampleCn":"婴儿睡在床边的婴儿床里。"}				space_before_punctuation	现有中文例句、本地词条字段及人工语义复核	4804e05b1579e1288cc264204efe3d74c5f3972a81d8463bc46cb54b3b6d1f38	99f1d0c2a44f5f38c3f1b72b38c885536f8e67ff7c34408ae8da3cadbba25a07
word_excel_be8a8a2b7448	qualifications	repair	{"example":"He showed his qualifications for the job.","exampleCn":"他展示了自己胜任这份工作的资格。"}				unfinished_example,space_before_punctuation	现有中文例句、本地词条字段及人工语义复核	6aefd59f95e58d78c4a1221e6556fc1fd845adb891416881ebfd2def48648a61	82a441a81f08e216b4cbf693f9574c89876206180eac2c23de9ee720ebab1fac
word_excel_2ac123112ceb	nets	repair	{"example":"The fisherman mended his nets by the sea.","exampleCn":"渔夫在海边修补他的网。"}				unfinished_example,space_before_punctuation	现有中文例句、本地词条字段及人工语义复核	389a6c78c5b84912183aed9a5ab1687c5539f8c1ddcfd38a2cc6b45f7b15b5a1	88f570747c2747e3fd0c10fa5754deef5003d6ae5e08ac417941ab38beb2fcf9
word_excel_557229739595	overlooking	repair	{"example":"The hotel room is overlooking.","exampleCn":"这间酒店房间俯瞰着大海。"}				space_before_punctuation	现有中文例句、本地词条字段及人工语义复核	b87cbe00d4559f73573eebd684ade9823d639d69e40bc628a361b369c1e34a54	d4d2dce4a7430cc80bdae1220b2a25656fd2a60778428d37bd8090b91c8c73bc
word_excel_6b545062fa2d	sailors	repair	{"example":"The sailors sailed the boat across.","exampleCn":"水手们把船驶过了大海。"}				space_before_punctuation	现有中文例句、本地词条字段及人工语义复核	3d389639ae7c7ace38af01bd54838c8c7f8f29076dc92eb01a8b92025706ad60	f74ab51ed1322635221cc967fa272101faf9a693f4d3e8853e076559559f7616
word_excel_7af0b3e47c35	variables	repair	{"example":"The equation has two variables, x.","exampleCn":"这个方程有两个变量，x 和 y。"}				space_before_punctuation	现有中文例句、本地词条字段及人工语义复核	40e11b4dac5756c636d612c6163480b5504a2617d54e5b08ff720977968a8689	c2abe410e7b9c859e6cff262d89e036259ca365f8833e49f1a2de012aae729cf
word_excel_5dd40cfcfbba	travellers	repair	{"example":"Travellers carry maps to find their destination.","exampleCn":"旅行者带着地图找路。"}				unfinished_example	现有中文例句、本地词条字段及人工语义复核	0a54ae2e5a2c510aa6c6a1f3f3a5ded26bacb74eec503b825ee2322f5c7b09b7	a390a1cb76de16d77c7918510dfa88e5d6f820388c3eb048bc1fb0eaa3065e18
word_excel_5afc47efb471	falcons	repair	{"example":"Falcons fly high in the matter.","exampleCn":"猎鹰在天空中高飞。"}				unfinished_example,space_before_punctuation	现有中文例句、本地词条字段及人工语义复核	2235f7954a103bda776462abcee64587788bfffd6681de7095c12b1e5a650c80	0ead9e7ea3b6517626ab5e60e6725a09dd56f94892432667577fdc396a01945a
word_excel_d33ed261e8aa	revolves	repair	{"example":"The Earth revolves around.","exampleCn":"地球围绕太阳旋转。"}				space_before_punctuation	现有中文例句、本地词条字段及人工语义复核	84314e367faac479808be7410f467ca61f8731b6509fcb87a169636b42a5228c	0b9fb67ea12a5a971e4c57be3238624b292be5d674ab2c86b383e72153362d6f
word_excel_3031be2980f2	counterparts	repair	{"example":"The Chinese version has counterparts in the United States.","exampleCn":"中文版本在美国有对应物。"}				unfinished_example,space_before_punctuation	现有中文例句、本地词条字段及人工语义复核	19fefdef386fc7c806f176c2e12336ab3a720b8468494d2c734cc55c68332e22	daa8f6a838d972420d0eb1beb9ffbaaca0cd61644690f6c6bf92bec1371134ad
word_excel_6c1aa50442a9	replaced	repair	{"example":"The old phone was replaced by a the matter.","exampleCn":"旧手机被新手机代替了。"}				unfinished_example,space_before_punctuation	现有中文例句、本地词条字段及人工语义复核	6589dbd0c527b6d1c05a706c9fc8280451197234106acd852d806796c82c89fb	f1de5fcfd053e9ff40cec93d54136829aa945370fb1ca109d8475c6413b04998
word_excel_aa463bda3b05	melting	repair	{"example":"The ice is melting in the sun.","exampleCn":"冰在阳光下融化。"}				unfinished_example,space_before_punctuation	现有中文例句、本地词条字段及人工语义复核	e671849b69ace41b203bab550185be40b9e5d9e25cf1c5db21033a62c6724a19	4d20fc96216f03d05dcbf0163bddda071e503cf7e0c5c416dbe54c112a671984
word_excel_f146172c0036	meals	repair	{"example":"We eat three meals.","exampleCn":"我们一天吃三餐。"}				space_before_punctuation	现有中文例句、本地词条字段及人工语义复核	f0065a734ee97d9c4e7515bc19b13f0341843f9732cfb3b82384c98b9e4a4390	1ef91c571e98b55b562e58eb87fb847c2e6c557bd1be22bbc316294e7a431d30
word_excel_0e714fd92f75	tides	repair	{"example":"The tides rise and fall twice.","exampleCn":"潮汐每天涨落两次。"}				space_before_punctuation	现有中文例句、本地词条字段及人工语义复核	92cf1d8365128e2fba123691030a458d5c98b4854135db4cba2d3803999f1ca4	20772337598c1905aaf772dcdcdbf7be1dc1da040461e566a13293ec62932069
word_excel_728700537c00	reminding	repair	{"example":"She is reminding him to call.","exampleCn":"她正在提醒他给妈妈打电话。"}				space_before_punctuation	现有中文例句、本地词条字段及人工语义复核	23bb7ea58392bdc8898b4dfcb07ff9f0b778566fbd86b57369c04706833b3c9d	9c2a8c3828d308077d2e83279e41ba6d121d8144b0455167747e84c6c99f5f66
word_excel_cb9e4598c678	instinctive	repair	{"example":"The cat made an instinctive jump to avoid.","exampleCn":"猫本能地跳开以躲避狗。"}				space_before_punctuation	现有中文例句、本地词条字段及人工语义复核	beb53beaf12925b96eaf1070a32723c058ef7aec0fa26fd95e3b344d894f210f	9d6d7dcb0f09eb042f71463c600d747051749042a3510a539bca02659c89a0b5
word_excel_813cf1ca6462	dynasty	repair	{"example":"The Tang dynasty was famous for its poetry.","exampleCn":"唐朝以诗歌和艺术而闻名。"}				space_before_punctuation	现有中文例句、本地词条字段及人工语义复核	dec100b96242972503102877a218fff4cc6f3d682c943b2e476f768f26142d6d	9f70fa645f9e363bebd5651fd2fffd89797e0080f2b88af0e953cdebc0bf1393
word_excel_0791d7813900	camps	repair	{"example":"The two camps argued loudly about the new law.","exampleCn":"两个阵营就新法律激烈争论。"}				unfinished_example,space_before_punctuation	现有中文例句、本地词条字段及人工语义复核	4b6c14ecd25d603b18263abfb18bbb126f32d929c6db4d3b37ef2e3d5b4fc2ba	c0662d0d0d83a69b0e31110dd12492a2a0c4a427e2e6a4bf90a955bc30e42de6
word_excel_79c6702755c6	hardy	repair	{"example":"He is a hardy farmer who works in the field.","exampleCn":"他是一个能吃苦耐劳的农民，整天在田里干活。"}				space_before_punctuation	现有中文例句、本地词条字段及人工语义复核	6c958e567be6a9d34d5deac47f800f61f1147169b20add37cd99d2617ca1ae81	e90ec795ee83d8428b3399cd224144e7a820c8f40adc8416c53f6f06830996ac
word_excel_62b8fea85bcf	isles	repair	{"example":"The misty isles lie far out in the matter.","exampleCn":"那朦胧的岛屿位于大海深处。"}				unfinished_example,space_before_punctuation	现有中文例句、本地词条字段及人工语义复核	844a92548bf7077747ef7a6eed9ddc9aadda19b5aa55b1f75114d62f2853ac17	0d0f44ec995e4c786eb6fcb6c55189c2777b1f6e9f51ded706ca9cf166a827b0
word_excel_3a5ec876512e	haunting	repair	{"example":"The haunting melody stayed in my mind.","exampleCn":"那萦绕心头的旋律在我脑海中盘旋了一整天。"}				space_before_punctuation	现有中文例句、本地词条字段及人工语义复核	5bc71318df634f73277366e0de76e0e2025afb9e6ef5e05139bbbc419b860068	50f7937e7f1b05bbc1df90041e6287dba9b7d53866ef99446b81bdf9dcea3a7d
word_excel_c6c331958744	injected	repair	{"example":"The nurse injected medicine into.","exampleCn":"护士给他手臂注射了药物。"}				space_before_punctuation	现有中文例句、本地词条字段及人工语义复核	84a8e10f2118aea51720b143f4119b419f4571e133a4d9dd4f2faca532b1db45	51229dd94eebabf0b33f77cd89550bbb953da0cdf8147905640e976efce23f14
word_excel_10c3a47df608	navigators	repair	{"example":"The navigators used stars to find their destination.","exampleCn":"航海者用星星来确定方向。"}				unfinished_example	现有中文例句、本地词条字段及人工语义复核	341c56b63f2667117d616acb9fab595ec49f89203a66f75e4b9e94da430d5968	d1bd4425b26994d1d8c11f384b5bbc0f280ce5dbbc1f5c4ea68f74d4370ebb65
word_excel_22a6789f2fa7	spooned	repair	{"example":"He spooned sugar into.","exampleCn":"他用勺子把糖舀进茶里。"}				space_before_punctuation	现有中文例句、本地词条字段及人工语义复核	ced788616d8225c32454127e8e82609ed2f8b6ae421eaffa6735c1d831e9da8f	65dd109d97fdc198f8d8ba0ebe6cc3b0cfea71834f7f84c21a20e932126d7ab8
word_excel_37f89ff07ccf	overbearing	repair	{"example":"His overbearing boss always tells him what.","exampleCn":"他专横的老板总是告诉他该做什么。"}				space_before_punctuation	现有中文例句、本地词条字段及人工语义复核	27eccb5e6e0b387c6972cc7b7aa7b9273cc30afbc0e35a3c3b47a15d54435375	14c10e98bba0bced7e52badef21c5dfcebe423e207a326b0ba21979c0b8aec39
word_excel_2a21fe6d592a	big	repair	{"example":"He is a big.","exampleCn":"他现在是个大男孩了。"}				space_before_punctuation	现有中文例句、本地词条字段及人工语义复核	0e29bcefe79c86e9c2011b4b44fb0f20373c91b47141b3d33ea999a89a5fed07	561704309d194571cee7f68ebd24c4f7797823a8cf37cc3889fdb5d5741fda4a
word_excel_54f59770fe61	fungi	repair	{"example":"The bread has fungi growing.","exampleCn":"面包上长了霉菌。"}				space_before_punctuation	现有中文例句、本地词条字段及人工语义复核	2703d188c786555342a0f6f54ba052113070bd43ebc3ba772de0953da0aa625a	b2ff78d29cb15018045af9441a0c2b564db635ea4e8ae52104b9a75bc2ce6b67
word_excel_ba11bd90a30b	supersede	repair	{"example":"The new law will supersede the new law.","exampleCn":"新法律将取代旧法律。"}				unfinished_example,space_before_punctuation	现有中文例句、本地词条字段及人工语义复核	ce50b8f220b6fce99ce8b3c078673c2427b9885b969c71294d240dc47d927f16	e2794bdc4c29f55f7268cd0bf1d73df0215df72b368d742322fe87d7ad3ed054
word_excel_03eebe667e1f	paralyse	repair	{"example":"The snake bite paralyse.","exampleCn":"蛇咬使他的手臂麻痹。"}				space_before_punctuation	现有中文例句、本地词条字段及人工语义复核	d7d7819d1273ad2ebcf73b0f0f39864f39445efedd0dd5e7943bf39e090d26f4	fce8b9c369d601e94baae2ce5966cad49ea94078bd6fe60777c3ca36ac2124b0
word_excel_cd1dcf6cff0f	unduly	repair	{"example":"He was unduly harsh on the son.","exampleCn":"他对儿子过于严厉。"}				unfinished_example,space_before_punctuation	现有中文例句、本地词条字段及人工语义复核	bf46737ae8d564c79bb8fc13220f6f320e9747425af68ba9feefcb7996bb0a16	f3a8d46c0c789ccfbc58256f8e80e1c495a150acc2408393fb6ebd10dfdde2b5
word_excel_a744d93f2c6e	plymouth	repair	{"example":"He lives in Plymouth near.","exampleCn":"他住在靠近海边的普利茅斯。"}				space_before_punctuation	现有中文例句、本地词条字段及人工语义复核	bc7a1b39cf9bd1b51c21aa07a2fd9605e6efb3d0895837037f1150fce93260b9	bbc0464a548fa060d9b7c7ed5a0618b1b9897a67d0959e5a0bd870b18bb1629d
word_excel_5633c9b8af6d	octopus	repair	{"example":"The octopus swims quickly in the matter.","exampleCn":"章鱼在海里游得很快。"}				unfinished_example,space_before_punctuation	现有中文例句、本地词条字段及人工语义复核	3de71ae4a5c45d923bde2be2a80ce4ac8c0ba90b1ab01ceaa7d2ae6f525c61ef	9f63880f70699274827b91ac21c5adbf8b010beba8a23aa5f70031f7a0f2b204
word_excel_2379423ab101	domineering	repair	{"example":"The domineering boss always tells others what.","exampleCn":"这位专横的老板总是告诉别人该做什么。"}				space_before_punctuation	现有中文例句、本地词条字段及人工语义复核	462c72b61d8bc53265cd943c6bac4cd473941c9019f5dc43031a292de50baf01	5c5d7cc263ba03c3e99ed34720ca210b14731e1b48979bcb63ee4703c429016a
word_excel_c7a7af686a52	resplendently	repair	{"example":"The sun shone resplendently over.","exampleCn":"太阳耀眼地照耀在海面上。"}				space_before_punctuation	现有中文例句、本地词条字段及人工语义复核	32246ee5cdc7412b4051d7b52152fe62b2e13a39f44283479d722458e597a8f2	9760c6406c9f56609e1e64ed7b08472aa3c80d2f9c22a8ccef331272ea81ac4f
word_excel_9a82cf445792	smelting	repair	{"example":"The factory uses smelting to extract metal from the matter.","exampleCn":"工厂使用熔炼从矿石中提取金属。"}				unfinished_example	现有中文例句、本地词条字段及人工语义复核	ecac16080f243f8b3d0eba0901ed4c1c0ae74ded0e6be4c5e9a1a5888aa5d1a6	b3d4da529090689ed5f664ab947eba5cd91cc9c4cdd17ea76052ee39bff7e52d
word_excel_48bff9867f00	unthinkable	repair	{"example":"It is unthinkable to leave a child alone in the car.","exampleCn":"把孩子单独留在车里是难以想象的。"}				unfinished_example,space_before_punctuation	现有中文例句、本地词条字段及人工语义复核	4963757058febbdf0e2675e9262af40114c1240eb2e852684c0a8db74f6270b1	0f0e582ba2e740f79c3ee2d854ac9f24ba91bab817919beda3bb9e7f893203e6
word_excel_d3c99f948973	tantalising	repair	{"example":"The tantalising smell of fresh bread made her desperate.","exampleCn":"新鲜面包诱人的香味让她急不可耐。"}				space_before_punctuation	现有中文例句、本地词条字段及人工语义复核	b28d139bcf2d9f41136bf803eaceb25830e820705c8ef397de84c878e509b8e3	440f7b82fbdb9e1f62e88915974b85765352de66c010e0949c4e0ef5e871cd4e
word_excel_1923333d8c90	niggle	repair	{"example":"He made a niggle about the coffee being.","exampleCn":"他抱怨咖啡太烫了。"}				space_before_punctuation	现有中文例句、本地词条字段及人工语义复核	b1f87a8223d8e53748456f7bd859ce160513fb0d12b268d8fa02fb1be023704c	12f8c2f1bbf99dafc8d6cf85fd1a9cf30b41dbd07a803532291eb30fd3bd9789
word_excel_1b16b1df538b	n	repair	{"example":"Nitrogen is a gas, and its symbol.","exampleCn":"氮是一种气体，它的符号是n。"}				space_before_punctuation	现有中文例句、本地词条字段及人工语义复核	8e0acbeed82f8fc040af1559f75a0777c2ffc88e447bcaaabcc5fa9cc878940b	27f801f4a3685bbcc0720d999213fccecb8a7cec6fdbd91538eb9dbbf1886c1a
word_excel_e6177dca7ab6	megafauna	repair	{"example":"The ancient megafauna lived in the coast.","exampleCn":"古代的巨型动物生活在冰河时代。"}				unfinished_example,space_before_punctuation	现有中文例句、本地词条字段及人工语义复核	7293b0c6d52ccec97471f4221da4a50efbd11266bf412f740fab199c75ae193e	d29e0b9f44136e3b51bb08b1adba0fb84e8ac9d6d421ffe083343e3c7d02111a
word_excel_ad418e525189	earworms	repair	{"example":"That pop song became an earworm and played in my head.","exampleCn":"那首流行歌曲成了耳虫，一整天在我脑海中回响。"}				space_before_punctuation	现有中文例句、本地词条字段及人工语义复核	960864cfc50618042b58a088c32710c84ba87d514d70ea0d96b1536374e44edd	0600404f137cd754883fa8b39e130005e3cfd757bbbe76ed2de1423ba7886c06
word_excel_b4a4d44648cd	indicates	repair	{"example":"The red light indicates that the machine.","exampleCn":"红灯表明机器正在运行。"}				space_before_punctuation	现有中文例句、本地词条字段及人工语义复核	e70b3fde11ebddfaa921532c41ec21acbc33b4edfc63bdd3b0983f7a072ba8b1	de6d82fdc94a3fa19c52ebd3361b217de1fa58b7ef27fb3786ca04d1497907b1
word_excel_eb2bf38bf7cc	biorobotics	repair	{"example":"He is researching biorobotics at the laboratory.","exampleCn":"他正在实验室研究生物机器人学。"}				unfinished_example,space_before_punctuation	现有中文例句、本地词条字段及人工语义复核	dd0202ad9817793858eb3dfd5e43bc1e72910c46ec755b388ef6b9f5505aedc8	77c77423706e2070ab11998c81a8b4642558c18a253761e6c7ce2f1fbfd8d05e
word_excel_4aae715e4fb9	neff	delete					source-noise	未在本地剑雅G类10-21语料中发现；释义eff无中文且不具通用学习价值	edc3de92d31ce01fe9c60de406138337dbbef1d92de77b3a29208f3dc83a25e2	2469a65f1e5d48f08bdbc6555ff1c9f6b85f465f4e2d86da6962d2698708340b
word_excel_e3f80578c2b2	navigational	repair	{"example":"The ship uses navigational tools to find.","exampleCn":"这艘船使用航行工具来确定方向。"}				space_before_punctuation	现有中文例句、本地词条字段及人工语义复核	06c07e885e429cc0ab8e76aea8b39029050e769ce7465ecd27c61baa3440a055	95cd3fed86edec7ee31e4f7355555fb72416d0a02dd4fe39a8409c32fd177bcc
word_excel_c68943be5eee	montana	repair	{"example":"He lives in Montana with the matter.","exampleCn":"他和狗住在蒙大拿。"}				unfinished_example,space_before_punctuation	现有中文例句、本地词条字段及人工语义复核	4f0c234e027cda6dc3bd1befc4bf8b1a1dc9c0b9f835c95c1de87183b86a0d13	e688625722e9b929e84e918fee29338fb7ac076dfb7070731dfc12fee569c958
word_excel_f1af8d890750	churchill	repair	{"example":"Winston Churchill was a prominent British statesman during World.","exampleCn":"温斯顿·丘吉尔是二战期间英国杰出的政治家。"}				space_before_punctuation	现有中文例句、本地词条字段及人工语义复核	dd04c0fdf0520c521c57391e5dad9b304b6026f457371b9460a7ed9c8e5e6f3a	6275d4bb97efe843e75e10b672b729b2475576bf224d7584bd3d3bec2ad09994
word_excel_2e0b8d61fa2a	jeff	repair	{"example":"Jeff is a common name for the matter.","exampleCn":"杰夫是一个常见的男子名。"}				unfinished_example,space_before_punctuation	现有中文例句、本地词条字段及人工语义复核	160ba94576e16aee502e2147439da3a2c2b29948542f1476089bfe84a8685ebb	86761864ae9d281a3e478b6a4ddd04dd95cbefde108c7649c74e1773189a032f
word_excel_804f51f71254	newer	repair	{"example":"This phone is newer than my the matter.","exampleCn":"这部手机比我的旧手机更新。"}				unfinished_example,space_before_punctuation	现有中文例句、本地词条字段及人工语义复核	f3770a4187b3fe8ceaeaada5f84250ecd9dfd0b863e66af390d29660dc9caa19	658ada403160b120a9c6af42d5d05116d7c733c65a457a999e807fa2d587e778
word_excel_6967eaa98e11	seabird	repair	{"example":"A seabird followed the boat across.","exampleCn":"一只海鸟跟着船穿过海湾。"}				space_before_punctuation	现有中文例句、本地词条字段及人工语义复核	220b4d194afde977acfd1177f77ef1d77ca4b54a751652781892b05f0740f66f	c97aad1c0b2f2934cd1a3a15348389a5a0f2e26d1081c7093d5c00d08976bd37
word_excel_2c8c4f00dee0	gibson	repair	{"example":"He ordered a gibson at the matter.","exampleCn":"他在酒吧点了一杯吉布森。"}				unfinished_example,space_before_punctuation	现有中文例句、本地词条字段及人工语义复核	59aa4bb47161f0cfab8eb7110fb2429f0a1991f3bc48f7827b258069bb147547	993707c5d068dd7e0b667a46dcae60338f2e89bb8f2835bdc7c05e7251cc456e
word_excel_467ae055376b	varies	repair	{"example":"The weather varies from day.","exampleCn":"天气每天都在变化。"}				space_before_punctuation	现有中文例句、本地词条字段及人工语义复核	86834f231f5ef74979746f26b5fd720d547b7374017bac5e91f20a00fcf25015	75a40c17dd242ca45ebeed17b1ab7f8b4c321b97e8fbc0e2a3115e30b0b3a856
word_excel_1bcbce780ddd	twenty-four	repair	{"example":"There are twenty-four hours in the matter.","exampleCn":"一天有二十四小时。"}				unfinished_example,space_before_punctuation	现有中文例句、本地词条字段及人工语义复核	77f0fc8e7bd21de8f762dea5ad4b182ac6f6699e919b7aeb73bc131fabbb5638	61a0590db9128015b07744169a325f6fa3fad35fd8ec8448ee9a49c8210552eb
word_excel_ac3164d59c69	twenty-five	repair	{"example":"Twenty-five are waiting for the bus.","exampleCn":"二十五个人在等公交车。"}				unfinished_example,space_before_punctuation	现有中文例句、本地词条字段及人工语义复核	621521c98c0f43face738302b2b82fe83c93a867c4b1a2836dbb224968c0efc8	193ab1d69619fa89148a2f1bb30f127fe3b3924895674df7ac541ca48ba82183
word_excel_1a2516bbaf9c	ninety-nine	repair	{"example":"He has ninety-nine problems but a girl is.","exampleCn":"他有九十九个问题，但一个女孩不是其中之一。"}				space_before_punctuation	现有中文例句、本地词条字段及人工语义复核	893ba5e1e247b8f24acfc55c0f458157bb568a620c964eb4f192e2c4373fa17b	e99d8de659900a9f308912494adfbdf1d5047bd5e81ca434c429d5249433c55a
word_excel_3fc7c96a56b6	approx	repair	{"example":"He arrived approx at 5.","exampleCn":"他大约在下午五点到达。"}				space_before_punctuation	现有中文例句、本地词条字段及人工语义复核	128624b919c8389877f729a5e5b2c2ef0c6179ecf2d96fd09ced736c4da6eddb	abad4ac26daee9df7541009d1d921a9e4fcb58dbe08e280ac7a66a9f5acf1b86
